{
  "id": "https://schema.management.azure.com/schemas/2017-06-01/Microsoft.Storage.json#",
  "$schema": "http://json-schema.org/draft-04/schema#",
  "title": "Microsoft.Storage",
  "description": "Microsoft Storage Resource Types",
  "resourceDefinitions": {
    "storageAccounts": {
      "type": "object",
      "properties": {
        "apiVersion": {
          "type": "string",
          "enum": [
            "2017-06-01"
          ]
        },
        "identity": {
          "oneOf": [
            {
              "$ref": "#/definitions/Identity"
            },
            {
              "$ref": "https://schema.management.azure.com/schemas/common/definitions.json#/definitions/expression"
            }
          ],
          "description": "Identity for the resource."
        },
        "kind": {
          "oneOf": [
            {
              "type": "string",
              "enum": [
                "Storage",
                "BlobStorage"
              ]
            },
            {
              "$ref": "https://schema.management.azure.com/schemas/common/definitions.json#/definitions/expression"
            }
          ],
          "description": "Required. Indicates the type of storage account."
        },
        "location": {
          "type": "string",
          "description": "Required. Gets or sets the location of the resource. This will be one of the supported and registered Azure Geo Regions (e.g. West US, East US, Southeast Asia, etc.). The geo region of a resource cannot be changed once it is created, but if an identical geo region is specified on update, the request will succeed."
        },
        "name": {
          "type": "string",
          "minLength": 3,
          "maxLength": 24,
          "description": "The name of the storage account within the specified resource group. Storage account names must be between 3 and 24 characters in length and use numbers and lower-case letters only."
        },
        "properties": {
          "oneOf": [
            {
              "$ref": "#/definitions/StorageAccountPropertiesCreateParameters"
            },
            {
              "$ref": "https://schema.management.azure.com/schemas/common/definitions.json#/definitions/expression"
            }
          ],
          "description": "The parameters used to create the storage account."
        },
        "sku": {
          "oneOf": [
            {
              "$ref": "#/definitions/Sku"
            },
            {
              "$ref": "https://schema.management.azure.com/schemas/common/definitions.json#/definitions/expression"
            }
          ],
          "description": "The SKU of the storage account."
        },
        "tags": {
          "oneOf": [
            {
              "type": "object",
              "additionalProperties": {
                "type": "string"
              },
              "properties": {}
            },
            {
              "$ref": "https://schema.management.azure.com/schemas/common/definitions.json#/definitions/expression"
            }
          ],
          "description": "Gets or sets a list of key value pairs that describe the resource. These tags can be used for viewing and grouping this resource (across resource groups). A maximum of 15 tags can be provided for a resource. Each tag must have a key with a length no greater than 128 characters and a value with a length no greater than 256 characters."
        },
        "type": {
          "type": "string",
          "enum": [
            "Microsoft.Storage/storageAccounts"
          ]
        }
      },
      "required": [
        "apiVersion",
        "kind",
        "location",
        "name",
        "sku",
        "type"
      ],
      "description": "Microsoft.Storage/storageAccounts"
    }
  },
  "definitions": {
    "CustomDomain": {
      "type": "object",
      "properties": {
        "name": {
          "type": "string",
          "description": "Gets or sets the custom domain name assigned to the storage account. Name is the CNAME source."
        },
        "useSubDomainName": {
          "oneOf": [
            {
              "type": "boolean"
            },
            {
              "$ref": "https://schema.management.azure.com/schemas/common/definitions.json#/definitions/expression"
            }
          ],
          "description": "Indicates whether indirect CName validation is enabled. Default value is false. This should only be set on updates."
        }
      },
      "required": [
        "name"
      ],
      "description": "The custom domain assigned to this storage account. This can be set via Update."
    },
    "Encryption": {
      "type": "object",
      "properties": {
        "keySource": {
          "oneOf": [
            {
              "type": "string",
              "enum": [
                "Microsoft.Storage",
                "Microsoft.Keyvault"
              ]
            },
            {
              "$ref": "https://schema.management.azure.com/schemas/common/definitions.json#/definitions/expression"
            }
          ],
          "description": "The encryption keySource (provider). Possible values (case-insensitive):  Microsoft.Storage, Microsoft.Keyvault."
        },
        "keyvaultproperties": {
          "oneOf": [
            {
              "$ref": "#/definitions/KeyVaultProperties"
            },
            {
              "$ref": "https://schema.management.azure.com/schemas/common/definitions.json#/definitions/expression"
            }
          ],
          "description": "Properties of key vault."
        },
        "services": {
          "oneOf": [
            {
              "$ref": "#/definitions/EncryptionServices"
            },
            {
              "$ref": "https://schema.management.azure.com/schemas/common/definitions.json#/definitions/expression"
            }
          ],
          "description": "A list of services that support encryption."
        }
      },
      "required": [
        "keySource"
      ],
      "description": "The encryption settings on the storage account."
    },
    "EncryptionService": {
      "type": "object",
      "properties": {
        "enabled": {
          "oneOf": [
            {
              "type": "boolean"
            },
            {
              "$ref": "https://schema.management.azure.com/schemas/common/definitions.json#/definitions/expression"
            }
          ],
          "description": "A boolean indicating whether or not the service encrypts the data as it is stored."
        }
      },
      "description": "A service that allows server-side encryption to be used."
    },
    "EncryptionServices": {
      "type": "object",
      "properties": {
        "blob": {
          "oneOf": [
            {
              "$ref": "#/definitions/EncryptionService"
            },
            {
              "$ref": "https://schema.management.azure.com/schemas/common/definitions.json#/definitions/expression"
            }
          ],
          "description": "A service that allows server-side encryption to be used."
        },
        "file": {
          "oneOf": [
            {
              "$ref": "#/definitions/EncryptionService"
            },
            {
              "$ref": "https://schema.management.azure.com/schemas/common/definitions.json#/definitions/expression"
            }
          ],
          "description": "A service that allows server-side encryption to be used."
        }
      },
      "description": "A list of services that support encryption."
    },
    "Identity": {
      "type": "object",
      "properties": {
        "type": {
          "oneOf": [
            {
              "type": "string",
              "enum": [
                "SystemAssigned"
              ]
            },
            {
              "$ref": "https://schema.management.azure.com/schemas/common/definitions.json#/definitions/expression"
            }
          ],
          "description": "The identity type."
        }
      },
      "required": [
        "type"
      ],
      "description": "Identity for the resource."
    },
    "IPRule": {
      "type": "object",
      "properties": {
        "action": {
          "oneOf": [
            {
              "type": "string",
              "enum": [
                "Allow"
              ]
            },
            {
              "$ref": "https://schema.management.azure.com/schemas/common/definitions.json#/definitions/expression"
            }
          ],
          "description": "The action of IP ACL rule."
        },
        "value": {
          "type": "string",
          "description": "Specifies the IP or IP range in CIDR format. Only IPV4 address is allowed."
        }
      },
      "required": [
        "value"
      ],
      "description": "IP rule with specific IP or IP range in CIDR format."
    },
    "KeyVaultProperties": {
      "type": "object",
      "properties": {
        "keyname": {
          "type": "string",
          "description": "The name of KeyVault key."
        },
        "keyvaulturi": {
          "type": "string",
          "description": "The Uri of KeyVault."
        },
        "keyversion": {
          "type": "string",
          "description": "The version of KeyVault key."
        }
      },
      "description": "Properties of key vault."
    },
    "NetworkRuleSet": {
      "type": "object",
      "properties": {
        "bypass": {
          "oneOf": [
            {
              "type": "string",
              "enum": [
                "None",
                "Logging",
                "Metrics",
                "AzureServices"
              ]
            },
            {
              "$ref": "https://schema.management.azure.com/schemas/common/definitions.json#/definitions/expression"
            }
          ],
          "description": "Specifies whether traffic is bypassed for Logging/Metrics/AzureServices. Possible values are any combination of Logging|Metrics|AzureServices (For example, \"Logging, Metrics\"), or None to bypass none of those traffics."
        },
        "defaultAction": {
          "oneOf": [
            {
              "type": "string",
              "enum": [
                "Allow",
                "Deny"
              ]
            },
            {
              "$ref": "https://schema.management.azure.com/schemas/common/definitions.json#/definitions/expression"
            }
          ],
          "description": "Specifies the default action of allow or deny when no other rules match."
        },
        "ipRules": {
          "oneOf": [
            {
              "type": "array",
              "items": {
                "$ref": "#/definitions/IPRule"
              }
            },
            {
              "$ref": "https://schema.management.azure.com/schemas/common/definitions.json#/definitions/expression"
            }
          ],
          "description": "Sets the IP ACL rules"
        },
        "virtualNetworkRules": {
          "oneOf": [
            {
              "type": "array",
              "items": {
                "$ref": "#/definitions/VirtualNetworkRule"
              }
            },
            {
              "$ref": "https://schema.management.azure.com/schemas/common/definitions.json#/definitions/expression"
            }
          ],
          "description": "Sets the virtual network rules"
        }
      },
      "required": [
        "defaultAction"
      ],
      "description": "Network rule set"
    },
    "Restriction": {
      "type": "object",
      "properties": {
        "reasonCode": {
          "oneOf": [
            {
              "type": "string",
              "enum": [
                "QuotaId",
                "NotAvailableForSubscription"
              ]
            },
            {
              "$ref": "https://schema.management.azure.com/schemas/common/definitions.json#/definitions/expression"
            }
          ],
          "description": "The reason for the restriction. As of now this can be \"QuotaId\" or \"NotAvailableForSubscription\". Quota Id is set when the SKU has requiredQuotas parameter as the subscription does not belong to that quota. The \"NotAvailableForSubscription\" is related to capacity at DC."
        }
      },
      "description": "The restriction because of which SKU cannot be used."
    },
    "Sku": {
      "type": "object",
      "properties": {
        "name": {
          "oneOf": [
            {
              "type": "string",
              "enum": [
                "Standard_LRS",
                "Standard_GRS",
                "Standard_RAGRS",
                "Standard_ZRS",
                "Premium_LRS"
              ]
            },
            {
              "$ref": "https://schema.management.azure.com/schemas/common/definitions.json#/definitions/expression"
            }
          ],
          "description": "Gets or sets the sku name. Required for account creation; optional for update. Note that in older versions, sku name was called accountType."
        },
        "restrictions": {
          "oneOf": [
            {
              "type": "array",
              "items": {
                "$ref": "#/definitions/Restriction"
              }
            },
            {
              "$ref": "https://schema.management.azure.com/schemas/common/definitions.json#/definitions/expression"
            }
          ],
          "description": "The restrictions because of which SKU cannot be used. This is empty if there are no restrictions."
        }
      },
      "required": [
        "name"
      ],
      "description": "The SKU of the storage account."
    },
    "StorageAccountPropertiesCreateParameters": {
      "type": "object",
      "properties": {
        "accessTier": {
          "oneOf": [
            {
              "type": "string",
              "enum": [
                "Hot",
                "Cool"
              ]
            },
            {
              "$ref": "https://schema.management.azure.com/schemas/common/definitions.json#/definitions/expression"
            }
          ],
          "description": "Required for storage accounts where kind = BlobStorage. The access tier used for billing."
        },
        "customDomain": {
          "oneOf": [
            {
              "$ref": "#/definitions/CustomDomain"
            },
            {
              "$ref": "https://schema.management.azure.com/schemas/common/definitions.json#/definitions/expression"
            }
          ],
          "description": "The custom domain assigned to this storage account. This can be set via Update."
        },
        "encryption": {
          "oneOf": [
            {
              "$ref": "#/definitions/Encryption"
            },
            {
              "$ref": "https://schema.management.azure.com/schemas/common/definitions.json#/definitions/expression"
            }
          ],
          "description": "The encryption settings on the storage account."
        },
        "networkAcls": {
          "oneOf": [
            {
              "$ref": "#/definitions/NetworkRuleSet"
            },
            {
              "$ref": "https://schema.management.azure.com/schemas/common/definitions.json#/definitions/expression"
            }
          ],
          "description": "Network rule set"
        },
        "supportsHttpsTrafficOnly": {
          "oneOf": [
            {
              "type": "boolean",
              "default": false
            },
            {
              "$ref": "https://schema.management.azure.com/schemas/common/definitions.json#/definitions/expression"
            }
          ],
          "description": "Allows https traffic only to storage service if sets to true."
        }
      },
      "description": "The parameters used to create the storage account."
    },
    "VirtualNetworkRule": {
      "type": "object",
      "properties": {
        "action": {
          "oneOf": [
            {
              "type": "string",
              "enum": [
                "Allow"
              ]
            },
            {
              "$ref": "https://schema.management.azure.com/schemas/common/definitions.json#/definitions/expression"
            }
          ],
          "description": "The action of virtual network rule."
        },
        "id": {
          "type": "string",
          "description": "Resource ID of a subnet, for example: /subscriptions/{subscriptionId}/resourceGroups/{groupName}/providers/Microsoft.Network/virtualNetworks/{vnetName}/subnets/{subnetName}."
        },
        "state": {
          "oneOf": [
            {
              "type": "string",
              "enum": [
                "provisioning",
                "deprovisioning",
                "succeeded",
                "failed",
                "networkSourceDeleted"
              ]
            },
            {
              "$ref": "https://schema.management.azure.com/schemas/common/definitions.json#/definitions/expression"
            }
          ],
          "description": "Gets the state of virtual network rule."
        }
      },
      "required": [
        "id"
      ],
      "description": "Virtual Network rule."
    }
  }
}