{
  "id": "https://schema.management.azure.com/schemas/2016-06-01/Microsoft.Web.json#",
  "$schema": "http://json-schema.org/draft-04/schema#",
  "title": "Microsoft.Web",
  "description": "Microsoft Web Resource Types",
  "resourceDefinitions": {
    "connectionGateways": {
      "type": "object",
      "properties": {
        "apiVersion": {
          "type": "string",
          "enum": [
            "2016-06-01"
          ]
        },
        "etag": {
          "type": "string",
          "description": "Resource ETag"
        },
        "location": {
          "type": "string",
          "description": "Resource location"
        },
        "name": {
          "type": "string",
          "description": "The connection gateway name"
        },
        "properties": {
          "oneOf": [
            {
              "$ref": "#/definitions/ConnectionGatewayDefinitionProperties"
            },
            {
              "$ref": "https://schema.management.azure.com/schemas/common/definitions.json#/definitions/expression"
            }
          ]
        },
        "tags": {
          "oneOf": [
            {
              "type": "object",
              "additionalProperties": {
                "type": "string"
              },
              "properties": {}
            },
            {
              "$ref": "https://schema.management.azure.com/schemas/common/definitions.json#/definitions/expression"
            }
          ],
          "description": "Resource tags"
        },
        "type": {
          "type": "string",
          "enum": [
            "Microsoft.Web/connectionGateways"
          ]
        }
      },
      "required": [
        "apiVersion",
        "name",
        "properties",
        "type"
      ],
      "description": "Microsoft.Web/connectionGateways"
    },
    "connections": {
      "type": "object",
      "properties": {
        "apiVersion": {
          "type": "string",
          "enum": [
            "2016-06-01"
          ]
        },
        "etag": {
          "type": "string",
          "description": "Resource ETag"
        },
        "location": {
          "type": "string",
          "description": "Resource location"
        },
        "name": {
          "type": "string",
          "description": "Connection name"
        },
        "properties": {
          "oneOf": [
            {
              "$ref": "#/definitions/ApiConnectionDefinitionProperties"
            },
            {
              "$ref": "https://schema.management.azure.com/schemas/common/definitions.json#/definitions/expression"
            }
          ]
        },
        "tags": {
          "oneOf": [
            {
              "type": "object",
              "additionalProperties": {
                "type": "string"
              },
              "properties": {}
            },
            {
              "$ref": "https://schema.management.azure.com/schemas/common/definitions.json#/definitions/expression"
            }
          ],
          "description": "Resource tags"
        },
        "type": {
          "type": "string",
          "enum": [
            "Microsoft.Web/connections"
          ]
        }
      },
      "required": [
        "apiVersion",
        "name",
        "properties",
        "type"
      ],
      "description": "Microsoft.Web/connections"
    },
    "customApis": {
      "type": "object",
      "properties": {
        "apiVersion": {
          "type": "string",
          "enum": [
            "2016-06-01"
          ]
        },
        "etag": {
          "type": "string",
          "description": "Resource ETag"
        },
        "location": {
          "type": "string",
          "description": "Resource location"
        },
        "name": {
          "type": "string",
          "description": "API name"
        },
        "properties": {
          "oneOf": [
            {
              "$ref": "#/definitions/CustomApiPropertiesDefinition"
            },
            {
              "$ref": "https://schema.management.azure.com/schemas/common/definitions.json#/definitions/expression"
            }
          ],
          "description": "Custom API properties"
        },
        "tags": {
          "oneOf": [
            {
              "type": "object",
              "additionalProperties": {
                "type": "string"
              },
              "properties": {}
            },
            {
              "$ref": "https://schema.management.azure.com/schemas/common/definitions.json#/definitions/expression"
            }
          ],
          "description": "Resource tags"
        },
        "type": {
          "type": "string",
          "enum": [
            "Microsoft.Web/customApis"
          ]
        }
      },
      "required": [
        "apiVersion",
        "name",
        "properties",
        "type"
      ],
      "description": "Microsoft.Web/customApis"
    }
  },
  "definitions": {
    "ApiConnectionDefinitionProperties": {
      "type": "object",
      "properties": {
        "api": {
          "oneOf": [
            {
              "$ref": "#/definitions/ApiReference"
            },
            {
              "$ref": "https://schema.management.azure.com/schemas/common/definitions.json#/definitions/expression"
            }
          ]
        },
        "changedTime": {
          "type": "string",
          "format": "date-time",
          "description": "Timestamp of last connection change"
        },
        "createdTime": {
          "type": "string",
          "format": "date-time",
          "description": "Timestamp of the connection creation"
        },
        "customParameterValues": {
          "oneOf": [
            {
              "type": "object",
              "additionalProperties": {
                "type": "string"
              },
              "properties": {}
            },
            {
              "$ref": "https://schema.management.azure.com/schemas/common/definitions.json#/definitions/expression"
            }
          ],
          "description": "Dictionary of custom parameter values"
        },
        "displayName": {
          "type": "string",
          "description": "Display name"
        },
        "nonSecretParameterValues": {
          "oneOf": [
            {
              "type": "object",
              "additionalProperties": {
                "type": "string"
              },
              "properties": {}
            },
            {
              "$ref": "https://schema.management.azure.com/schemas/common/definitions.json#/definitions/expression"
            }
          ],
          "description": "Dictionary of nonsecret parameter values"
        },
        "parameterValues": {
          "oneOf": [
            {
              "type": "object",
              "additionalProperties": {
                "type": "string"
              },
              "properties": {}
            },
            {
              "$ref": "https://schema.management.azure.com/schemas/common/definitions.json#/definitions/expression"
            }
          ],
          "description": "Dictionary of parameter values"
        },
        "statuses": {
          "oneOf": [
            {
              "type": "array",
              "items": {
                "$ref": "#/definitions/ConnectionStatusDefinition"
              }
            },
            {
              "$ref": "https://schema.management.azure.com/schemas/common/definitions.json#/definitions/expression"
            }
          ],
          "description": "Status of the connection"
        },
        "testLinks": {
          "oneOf": [
            {
              "type": "array",
              "items": {
                "$ref": "#/definitions/ApiConnectionTestLink"
              }
            },
            {
              "$ref": "https://schema.management.azure.com/schemas/common/definitions.json#/definitions/expression"
            }
          ],
          "description": "Links to test the API connection"
        }
      }
    },
    "ApiConnectionTestLink": {
      "type": "object",
      "properties": {
        "method": {
          "type": "string",
          "description": "HTTP Method"
        },
        "requestUri": {
          "type": "string",
          "description": "Test link request URI"
        }
      },
      "description": "API connection properties"
    },
    "ApiOAuthSettings": {
      "type": "object",
      "properties": {
        "clientId": {
          "type": "string",
          "description": "Resource provider client id"
        },
        "clientSecret": {
          "type": "string",
          "description": "Client Secret needed for OAuth"
        },
        "customParameters": {
          "oneOf": [
            {
              "type": "object",
              "additionalProperties": {
                "$ref": "#/definitions/ApiOAuthSettingsParameter"
              },
              "properties": {}
            },
            {
              "$ref": "https://schema.management.azure.com/schemas/common/definitions.json#/definitions/expression"
            }
          ],
          "description": "OAuth parameters key is the name of parameter"
        },
        "identityProvider": {
          "type": "string",
          "description": "Identity provider"
        },
        "properties": {
          "type": "object",
          "properties": {},
          "description": "Read only properties for this oauth setting."
        },
        "redirectUrl": {
          "type": "string",
          "description": "Url"
        },
        "scopes": {
          "oneOf": [
            {
              "type": "array",
              "items": {
                "type": "string"
              }
            },
            {
              "$ref": "https://schema.management.azure.com/schemas/common/definitions.json#/definitions/expression"
            }
          ],
          "description": "OAuth scopes"
        }
      },
      "description": "OAuth settings for the connection provider"
    },
    "ApiOAuthSettingsParameter": {
      "type": "object",
      "properties": {
        "options": {
          "type": "object",
          "properties": {},
          "description": "Options available to this parameter"
        },
        "uiDefinition": {
          "type": "object",
          "properties": {},
          "description": "UI definitions per culture as caller can specify the culture"
        },
        "value": {
          "type": "string",
          "description": "Value of the setting"
        }
      },
      "description": "OAuth settings for the API"
    },
    "ApiReference": {
      "type": "object",
      "properties": {
        "brandColor": {
          "type": "string",
          "description": "Brand color"
        },
        "description": {
          "type": "string",
          "description": "The custom API description"
        },
        "displayName": {
          "type": "string",
          "description": "The display name"
        },
        "iconUri": {
          "type": "string",
          "description": "The icon URI"
        },
        "id": {
          "type": "string",
          "description": "Resource reference id"
        },
        "name": {
          "type": "string",
          "description": "The name of the API"
        },
        "swagger": {
          "type": "object",
          "properties": {},
          "description": "The JSON representation of the swagger"
        },
        "type": {
          "type": "string",
          "description": "Resource reference type"
        }
      }
    },
    "ApiResourceBackendService": {
      "type": "object",
      "properties": {
        "serviceUrl": {
          "type": "string",
          "description": "The service URL"
        }
      },
      "description": "The API backend service"
    },
    "ApiResourceDefinitions": {
      "type": "object",
      "properties": {
        "modifiedSwaggerUrl": {
          "type": "string",
          "description": "The modified swagger URL"
        },
        "originalSwaggerUrl": {
          "type": "string",
          "description": "The original swagger URL"
        }
      },
      "description": "API Definitions"
    },
    "ConnectionError": {
      "type": "object",
      "properties": {
        "etag": {
          "type": "string",
          "description": "Resource ETag"
        },
        "location": {
          "type": "string",
          "description": "Resource location"
        },
        "properties": {
          "oneOf": [
            {
              "$ref": "#/definitions/ConnectionErrorProperties"
            },
            {
              "$ref": "https://schema.management.azure.com/schemas/common/definitions.json#/definitions/expression"
            }
          ]
        },
        "tags": {
          "oneOf": [
            {
              "type": "object",
              "additionalProperties": {
                "type": "string"
              },
              "properties": {}
            },
            {
              "$ref": "https://schema.management.azure.com/schemas/common/definitions.json#/definitions/expression"
            }
          ],
          "description": "Resource tags"
        }
      },
      "description": "Connection error"
    },
    "ConnectionErrorProperties": {
      "type": "object",
      "properties": {
        "code": {
          "type": "string",
          "description": "Code of the status"
        },
        "message": {
          "type": "string",
          "description": "Description of the status"
        }
      }
    },
    "ConnectionGatewayDefinitionProperties": {
      "type": "object",
      "properties": {
        "backendUri": {
          "type": "string",
          "description": "The URI of the backend"
        },
        "connectionGatewayInstallation": {
          "oneOf": [
            {
              "$ref": "#/definitions/ConnectionGatewayReference"
            },
            {
              "$ref": "https://schema.management.azure.com/schemas/common/definitions.json#/definitions/expression"
            }
          ],
          "description": "The gateway installation reference"
        },
        "contactInformation": {
          "oneOf": [
            {
              "type": "array",
              "items": {
                "type": "string"
              }
            },
            {
              "$ref": "https://schema.management.azure.com/schemas/common/definitions.json#/definitions/expression"
            }
          ],
          "description": "The gateway admin"
        },
        "description": {
          "type": "string",
          "description": "The gateway description"
        },
        "displayName": {
          "type": "string",
          "description": "The gateway display name"
        },
        "machineName": {
          "type": "string",
          "description": "The machine name of the gateway"
        },
        "status": {
          "type": "object",
          "properties": {},
          "description": "The gateway status"
        }
      }
    },
    "ConnectionGatewayReference": {
      "type": "object",
      "properties": {
        "id": {
          "type": "string",
          "description": "Resource reference id"
        },
        "location": {
          "type": "string",
          "description": "Resource reference location"
        },
        "name": {
          "type": "string",
          "description": "Resource reference name"
        },
        "type": {
          "type": "string",
          "description": "Resource reference type"
        }
      },
      "description": "The gateway installation reference"
    },
    "ConnectionParameter": {
      "type": "object",
      "properties": {
        "oAuthSettings": {
          "oneOf": [
            {
              "$ref": "#/definitions/ApiOAuthSettings"
            },
            {
              "$ref": "https://schema.management.azure.com/schemas/common/definitions.json#/definitions/expression"
            }
          ],
          "description": "OAuth settings for the connection provider"
        },
        "type": {
          "oneOf": [
            {
              "type": "string",
              "enum": [
                "string",
                "securestring",
                "secureobject",
                "int",
                "bool",
                "object",
                "array",
                "oauthSetting",
                "connection"
              ]
            },
            {
              "$ref": "https://schema.management.azure.com/schemas/common/definitions.json#/definitions/expression"
            }
          ],
          "description": "Type of the parameter."
        }
      },
      "description": "Connection provider parameters"
    },
    "ConnectionStatusDefinition": {
      "type": "object",
      "properties": {
        "error": {
          "oneOf": [
            {
              "$ref": "#/definitions/ConnectionError"
            },
            {
              "$ref": "https://schema.management.azure.com/schemas/common/definitions.json#/definitions/expression"
            }
          ],
          "description": "Connection error"
        },
        "status": {
          "type": "string",
          "description": "The gateway status"
        },
        "target": {
          "type": "string",
          "description": "Target of the error"
        }
      },
      "description": "Connection status"
    },
    "CustomApiPropertiesDefinition": {
      "type": "object",
      "properties": {
        "apiDefinitions": {
          "oneOf": [
            {
              "$ref": "#/definitions/ApiResourceDefinitions"
            },
            {
              "$ref": "https://schema.management.azure.com/schemas/common/definitions.json#/definitions/expression"
            }
          ],
          "description": "API Definitions"
        },
        "apiType": {
          "oneOf": [
            {
              "type": "string",
              "enum": [
                "NotSpecified",
                "Rest",
                "Soap"
              ]
            },
            {
              "$ref": "https://schema.management.azure.com/schemas/common/definitions.json#/definitions/expression"
            }
          ]
        },
        "backendService": {
          "oneOf": [
            {
              "$ref": "#/definitions/ApiResourceBackendService"
            },
            {
              "$ref": "https://schema.management.azure.com/schemas/common/definitions.json#/definitions/expression"
            }
          ],
          "description": "The API backend service"
        },
        "brandColor": {
          "type": "string",
          "description": "Brand color"
        },
        "capabilities": {
          "oneOf": [
            {
              "type": "array",
              "items": {
                "type": "string"
              }
            },
            {
              "$ref": "https://schema.management.azure.com/schemas/common/definitions.json#/definitions/expression"
            }
          ],
          "description": "The custom API capabilities"
        },
        "connectionParameters": {
          "oneOf": [
            {
              "type": "object",
              "additionalProperties": {
                "$ref": "#/definitions/ConnectionParameter"
              },
              "properties": {}
            },
            {
              "$ref": "https://schema.management.azure.com/schemas/common/definitions.json#/definitions/expression"
            }
          ],
          "description": "Connection parameters"
        },
        "description": {
          "type": "string",
          "description": "The custom API description"
        },
        "displayName": {
          "type": "string",
          "description": "The display name"
        },
        "iconUri": {
          "type": "string",
          "description": "The icon URI"
        },
        "runtimeUrls": {
          "oneOf": [
            {
              "type": "array",
              "items": {
                "type": "string"
              }
            },
            {
              "$ref": "https://schema.management.azure.com/schemas/common/definitions.json#/definitions/expression"
            }
          ],
          "description": "Runtime URLs"
        },
        "swagger": {
          "type": "object",
          "properties": {},
          "description": "The JSON representation of the swagger"
        },
        "wsdlDefinition": {
          "oneOf": [
            {
              "$ref": "#/definitions/WsdlDefinition"
            },
            {
              "$ref": "https://schema.management.azure.com/schemas/common/definitions.json#/definitions/expression"
            }
          ],
          "description": "The WSDL definition"
        }
      },
      "description": "Custom API properties"
    },
    "WsdlDefinition": {
      "type": "object",
      "properties": {
        "content": {
          "type": "string",
          "description": "The WSDL content"
        },
        "importMethod": {
          "oneOf": [
            {
              "type": "string",
              "enum": [
                "NotSpecified",
                "SoapToRest",
                "SoapPassThrough"
              ]
            },
            {
              "$ref": "https://schema.management.azure.com/schemas/common/definitions.json#/definitions/expression"
            }
          ]
        },
        "service": {
          "oneOf": [
            {
              "$ref": "#/definitions/WsdlService"
            },
            {
              "$ref": "https://schema.management.azure.com/schemas/common/definitions.json#/definitions/expression"
            }
          ],
          "description": "The service with name and endpoint names"
        },
        "url": {
          "type": "string",
          "description": "The WSDL URL"
        }
      },
      "description": "The WSDL definition"
    },
    "WsdlService": {
      "type": "object",
      "properties": {
        "endpointQualifiedNames": {
          "oneOf": [
            {
              "type": "array",
              "items": {
                "type": "string"
              }
            },
            {
              "$ref": "https://schema.management.azure.com/schemas/common/definitions.json#/definitions/expression"
            }
          ],
          "description": "List of the endpoints' qualified names"
        },
        "qualifiedName": {
          "type": "string",
          "description": "The service's qualified name"
        }
      },
      "required": [
        "qualifiedName"
      ],
      "description": "The service with name and endpoint names"
    }
  }
}