{
  "id": "https://schema.management.azure.com/schemas/2019-06-01-preview/Microsoft.Sql.json#",
  "$schema": "http://json-schema.org/draft-04/schema#",
  "title": "Microsoft.Sql",
  "description": "Microsoft Sql Resource Types",
  "resourceDefinitions": {
    "managedInstances_databases": {
      "type": "object",
      "properties": {
        "apiVersion": {
          "type": "string",
          "enum": [
            "2019-06-01-preview"
          ]
        },
        "location": {
          "type": "string",
          "description": "Resource location."
        },
        "name": {
          "type": "string",
          "description": "The name of the database."
        },
        "properties": {
          "oneOf": [
            {
              "$ref": "#/definitions/ManagedDatabaseProperties"
            },
            {
              "$ref": "https://schema.management.azure.com/schemas/common/definitions.json#/definitions/expression"
            }
          ],
          "description": "The managed database's properties."
        },
        "tags": {
          "oneOf": [
            {
              "type": "object",
              "additionalProperties": {
                "type": "string"
              },
              "properties": {}
            },
            {
              "$ref": "https://schema.management.azure.com/schemas/common/definitions.json#/definitions/expression"
            }
          ],
          "description": "Resource tags."
        },
        "type": {
          "type": "string",
          "enum": [
            "Microsoft.Sql/managedInstances/databases"
          ]
        }
      },
      "required": [
        "apiVersion",
        "location",
        "name",
        "properties",
        "type"
      ],
      "description": "Microsoft.Sql/managedInstances/databases"
    },
    "servers": {
      "type": "object",
      "properties": {
        "apiVersion": {
          "type": "string",
          "enum": [
            "2019-06-01-preview"
          ]
        },
        "identity": {
          "oneOf": [
            {
              "$ref": "#/definitions/ResourceIdentity"
            },
            {
              "$ref": "https://schema.management.azure.com/schemas/common/definitions.json#/definitions/expression"
            }
          ],
          "description": "Azure Active Directory identity configuration for a resource."
        },
        "location": {
          "type": "string",
          "description": "Resource location."
        },
        "name": {
          "type": "string",
          "description": "The name of the server."
        },
        "properties": {
          "oneOf": [
            {
              "$ref": "#/definitions/ServerProperties"
            },
            {
              "$ref": "https://schema.management.azure.com/schemas/common/definitions.json#/definitions/expression"
            }
          ],
          "description": "The properties of a server."
        },
        "resources": {
          "type": "array",
          "items": {
            "oneOf": [
              {
                "$ref": "#/definitions/servers_administrators_childResource"
              },
              {
                "$ref": "#/definitions/servers_databases_childResource"
              }
            ]
          }
        },
        "tags": {
          "oneOf": [
            {
              "type": "object",
              "additionalProperties": {
                "type": "string"
              },
              "properties": {}
            },
            {
              "$ref": "https://schema.management.azure.com/schemas/common/definitions.json#/definitions/expression"
            }
          ],
          "description": "Resource tags."
        },
        "type": {
          "type": "string",
          "enum": [
            "Microsoft.Sql/servers"
          ]
        }
      },
      "required": [
        "apiVersion",
        "location",
        "name",
        "properties",
        "type"
      ],
      "description": "Microsoft.Sql/servers"
    },
    "servers_administrators": {
      "type": "object",
      "properties": {
        "apiVersion": {
          "type": "string",
          "enum": [
            "2019-06-01-preview"
          ]
        },
        "name": {
          "oneOf": [
            {
              "type": "string",
              "pattern": "^.*/ActiveDirectory$"
            },
            {
              "$ref": "https://schema.management.azure.com/schemas/common/definitions.json#/definitions/expression"
            }
          ],
          "description": "The name of server active directory administrator."
        },
        "properties": {
          "oneOf": [
            {
              "$ref": "#/definitions/AdministratorProperties"
            },
            {
              "$ref": "https://schema.management.azure.com/schemas/common/definitions.json#/definitions/expression"
            }
          ],
          "description": "Properties of a active directory administrator."
        },
        "type": {
          "type": "string",
          "enum": [
            "Microsoft.Sql/servers/administrators"
          ]
        }
      },
      "required": [
        "apiVersion",
        "name",
        "properties",
        "type"
      ],
      "description": "Microsoft.Sql/servers/administrators"
    },
    "servers_databases": {
      "type": "object",
      "properties": {
        "apiVersion": {
          "type": "string",
          "enum": [
            "2019-06-01-preview"
          ]
        },
        "location": {
          "type": "string",
          "description": "Resource location."
        },
        "name": {
          "type": "string",
          "description": "The name of the database."
        },
        "properties": {
          "oneOf": [
            {
              "$ref": "#/definitions/DatabaseProperties"
            },
            {
              "$ref": "https://schema.management.azure.com/schemas/common/definitions.json#/definitions/expression"
            }
          ],
          "description": "The database's properties."
        },
        "resources": {
          "type": "array",
          "items": {
            "oneOf": [
              {
                "$ref": "#/definitions/servers_databases_workloadGroups_childResource"
              },
              {
                "$ref": "#/definitions/servers_databases_syncGroups_childResource"
              }
            ]
          }
        },
        "sku": {
          "oneOf": [
            {
              "$ref": "#/definitions/Sku"
            },
            {
              "$ref": "https://schema.management.azure.com/schemas/common/definitions.json#/definitions/expression"
            }
          ],
          "description": "An ARM Resource SKU."
        },
        "tags": {
          "oneOf": [
            {
              "type": "object",
              "additionalProperties": {
                "type": "string"
              },
              "properties": {}
            },
            {
              "$ref": "https://schema.management.azure.com/schemas/common/definitions.json#/definitions/expression"
            }
          ],
          "description": "Resource tags."
        },
        "type": {
          "type": "string",
          "enum": [
            "Microsoft.Sql/servers/databases"
          ]
        }
      },
      "required": [
        "apiVersion",
        "location",
        "name",
        "properties",
        "type"
      ],
      "description": "Microsoft.Sql/servers/databases"
    },
    "servers_databases_syncGroups": {
      "type": "object",
      "properties": {
        "apiVersion": {
          "type": "string",
          "enum": [
            "2019-06-01-preview"
          ]
        },
        "name": {
          "type": "string",
          "description": "The name of the sync group."
        },
        "properties": {
          "oneOf": [
            {
              "$ref": "#/definitions/SyncGroupProperties"
            },
            {
              "$ref": "https://schema.management.azure.com/schemas/common/definitions.json#/definitions/expression"
            }
          ],
          "description": "Properties of a sync group."
        },
        "resources": {
          "type": "array",
          "items": {
            "oneOf": [
              {
                "$ref": "#/definitions/servers_databases_syncGroups_syncMembers_childResource"
              }
            ]
          }
        },
        "type": {
          "type": "string",
          "enum": [
            "Microsoft.Sql/servers/databases/syncGroups"
          ]
        }
      },
      "required": [
        "apiVersion",
        "name",
        "properties",
        "type"
      ],
      "description": "Microsoft.Sql/servers/databases/syncGroups"
    },
    "servers_databases_syncGroups_syncMembers": {
      "type": "object",
      "properties": {
        "apiVersion": {
          "type": "string",
          "enum": [
            "2019-06-01-preview"
          ]
        },
        "name": {
          "type": "string",
          "description": "The name of the sync member."
        },
        "properties": {
          "oneOf": [
            {
              "$ref": "#/definitions/SyncMemberProperties"
            },
            {
              "$ref": "https://schema.management.azure.com/schemas/common/definitions.json#/definitions/expression"
            }
          ],
          "description": "Properties of a sync member."
        },
        "type": {
          "type": "string",
          "enum": [
            "Microsoft.Sql/servers/databases/syncGroups/syncMembers"
          ]
        }
      },
      "required": [
        "apiVersion",
        "name",
        "properties",
        "type"
      ],
      "description": "Microsoft.Sql/servers/databases/syncGroups/syncMembers"
    },
    "servers_databases_workloadGroups": {
      "type": "object",
      "properties": {
        "apiVersion": {
          "type": "string",
          "enum": [
            "2019-06-01-preview"
          ]
        },
        "name": {
          "type": "string",
          "description": "The name of the workload group."
        },
        "properties": {
          "oneOf": [
            {
              "$ref": "#/definitions/WorkloadGroupProperties"
            },
            {
              "$ref": "https://schema.management.azure.com/schemas/common/definitions.json#/definitions/expression"
            }
          ],
          "description": "Workload group definition. For more information look at sys.workload_management_workload_groups (DMV)."
        },
        "resources": {
          "type": "array",
          "items": {
            "oneOf": [
              {
                "$ref": "#/definitions/servers_databases_workloadGroups_workloadClassifiers_childResource"
              }
            ]
          }
        },
        "type": {
          "type": "string",
          "enum": [
            "Microsoft.Sql/servers/databases/workloadGroups"
          ]
        }
      },
      "required": [
        "apiVersion",
        "name",
        "properties",
        "type"
      ],
      "description": "Microsoft.Sql/servers/databases/workloadGroups"
    },
    "servers_databases_workloadGroups_workloadClassifiers": {
      "type": "object",
      "properties": {
        "apiVersion": {
          "type": "string",
          "enum": [
            "2019-06-01-preview"
          ]
        },
        "name": {
          "type": "string",
          "description": "The name of the workload classifier to create/update."
        },
        "properties": {
          "oneOf": [
            {
              "$ref": "#/definitions/WorkloadClassifierProperties"
            },
            {
              "$ref": "https://schema.management.azure.com/schemas/common/definitions.json#/definitions/expression"
            }
          ],
          "description": "Workload classifier definition. For more information look at sys.workload_management_workload_classifiers (DMV)."
        },
        "type": {
          "type": "string",
          "enum": [
            "Microsoft.Sql/servers/databases/workloadGroups/workloadClassifiers"
          ]
        }
      },
      "required": [
        "apiVersion",
        "name",
        "properties",
        "type"
      ],
      "description": "Microsoft.Sql/servers/databases/workloadGroups/workloadClassifiers"
    }
  },
  "definitions": {
    "AdministratorProperties": {
      "type": "object",
      "properties": {
        "administratorType": {
          "oneOf": [
            {
              "type": "string",
              "enum": [
                "ActiveDirectory"
              ]
            },
            {
              "$ref": "https://schema.management.azure.com/schemas/common/definitions.json#/definitions/expression"
            }
          ],
          "description": "Type of the sever administrator."
        },
        "login": {
          "type": "string",
          "description": "Login name of the server administrator."
        },
        "sid": {
          "oneOf": [
            {
              "type": "string",
              "pattern": "^[0-9a-fA-F]{8}(-[0-9a-fA-F]{4}){3}-[0-9a-fA-F]{12}$"
            },
            {
              "$ref": "https://schema.management.azure.com/schemas/common/definitions.json#/definitions/expression"
            }
          ],
          "description": "SID (object ID) of the server administrator."
        },
        "tenantId": {
          "oneOf": [
            {
              "type": "string",
              "pattern": "^[0-9a-fA-F]{8}(-[0-9a-fA-F]{4}){3}-[0-9a-fA-F]{12}$"
            },
            {
              "$ref": "https://schema.management.azure.com/schemas/common/definitions.json#/definitions/expression"
            }
          ],
          "description": "Tenant ID of the administrator."
        }
      },
      "required": [
        "administratorType",
        "login",
        "sid"
      ],
      "description": "Properties of a active directory administrator."
    },
    "DatabaseProperties": {
      "type": "object",
      "properties": {
        "autoPauseDelay": {
          "oneOf": [
            {
              "type": "integer"
            },
            {
              "$ref": "https://schema.management.azure.com/schemas/common/definitions.json#/definitions/expression"
            }
          ],
          "description": "Time in minutes after which database is automatically paused. A value of -1 means that automatic pause is disabled"
        },
        "catalogCollation": {
          "oneOf": [
            {
              "type": "string",
              "enum": [
                "DATABASE_DEFAULT",
                "SQL_Latin1_General_CP1_CI_AS"
              ]
            },
            {
              "$ref": "https://schema.management.azure.com/schemas/common/definitions.json#/definitions/expression"
            }
          ],
          "description": "Collation of the metadata catalog."
        },
        "collation": {
          "type": "string",
          "description": "The collation of the database."
        },
        "createMode": {
          "oneOf": [
            {
              "type": "string",
              "enum": [
                "Default",
                "Copy",
                "Secondary",
                "PointInTimeRestore",
                "Restore",
                "Recovery",
                "RestoreExternalBackup",
                "RestoreExternalBackupSecondary",
                "RestoreLongTermRetentionBackup",
                "OnlineSecondary"
              ]
            },
            {
              "$ref": "https://schema.management.azure.com/schemas/common/definitions.json#/definitions/expression"
            }
          ],
          "description": "Specifies the mode of database creation.\r\n\r\nDefault: regular database creation.\r\n\r\nCopy: creates a database as a copy of an existing database. sourceDatabaseId must be specified as the resource ID of the source database.\r\n\r\nSecondary: creates a database as a secondary replica of an existing database. sourceDatabaseId must be specified as the resource ID of the existing primary database.\r\n\r\nPointInTimeRestore: Creates a database by restoring a point in time backup of an existing database. sourceDatabaseId must be specified as the resource ID of the existing database, and restorePointInTime must be specified.\r\n\r\nRecovery: Creates a database by restoring a geo-replicated backup. sourceDatabaseId must be specified as the recoverable database resource ID to restore.\r\n\r\nRestore: Creates a database by restoring a backup of a deleted database. sourceDatabaseId must be specified. If sourceDatabaseId is the database's original resource ID, then sourceDatabaseDeletionDate must be specified. Otherwise sourceDatabaseId must be the restorable dropped database resource ID and sourceDatabaseDeletionDate is ignored. restorePointInTime may also be specified to restore from an earlier point in time.\r\n\r\nRestoreLongTermRetentionBackup: Creates a database by restoring from a long term retention vault. recoveryServicesRecoveryPointResourceId must be specified as the recovery point resource ID.\r\n\r\nCopy, Secondary, and RestoreLongTermRetentionBackup are not supported for DataWarehouse edition."
        },
        "elasticPoolId": {
          "type": "string",
          "description": "The resource identifier of the elastic pool containing this database."
        },
        "licenseType": {
          "oneOf": [
            {
              "type": "string",
              "enum": [
                "LicenseIncluded",
                "BasePrice"
              ]
            },
            {
              "$ref": "https://schema.management.azure.com/schemas/common/definitions.json#/definitions/expression"
            }
          ],
          "description": "The license type to apply for this database. `LicenseIncluded` if you need a license, or `BasePrice` if you have a license and are eligible for the Azure Hybrid Benefit."
        },
        "longTermRetentionBackupResourceId": {
          "type": "string",
          "description": "The resource identifier of the long term retention backup associated with create operation of this database."
        },
        "maxSizeBytes": {
          "oneOf": [
            {
              "type": "integer"
            },
            {
              "$ref": "https://schema.management.azure.com/schemas/common/definitions.json#/definitions/expression"
            }
          ],
          "description": "The max size of the database expressed in bytes."
        },
        "minCapacity": {
          "oneOf": [
            {
              "type": "number"
            },
            {
              "$ref": "https://schema.management.azure.com/schemas/common/definitions.json#/definitions/expression"
            }
          ],
          "description": "Minimal capacity that database will always have allocated, if not paused"
        },
        "readReplicaCount": {
          "oneOf": [
            {
              "type": "integer"
            },
            {
              "$ref": "https://schema.management.azure.com/schemas/common/definitions.json#/definitions/expression"
            }
          ],
          "description": "The number of readonly secondary replicas associated with the database."
        },
        "readScale": {
          "oneOf": [
            {
              "type": "string",
              "enum": [
                "Enabled",
                "Disabled"
              ]
            },
            {
              "$ref": "https://schema.management.azure.com/schemas/common/definitions.json#/definitions/expression"
            }
          ],
          "description": "The state of read-only routing. If enabled, connections that have application intent set to readonly in their connection string may be routed to a readonly secondary replica in the same region."
        },
        "recoverableDatabaseId": {
          "type": "string",
          "description": "The resource identifier of the recoverable database associated with create operation of this database."
        },
        "recoveryServicesRecoveryPointId": {
          "type": "string",
          "description": "The resource identifier of the recovery point associated with create operation of this database."
        },
        "restorableDroppedDatabaseId": {
          "type": "string",
          "description": "The resource identifier of the restorable dropped database associated with create operation of this database."
        },
        "restorePointInTime": {
          "type": "string",
          "format": "date-time",
          "description": "Specifies the point in time (ISO8601 format) of the source database that will be restored to create the new database."
        },
        "sampleName": {
          "oneOf": [
            {
              "type": "string",
              "enum": [
                "AdventureWorksLT",
                "WideWorldImportersStd",
                "WideWorldImportersFull"
              ]
            },
            {
              "$ref": "https://schema.management.azure.com/schemas/common/definitions.json#/definitions/expression"
            }
          ],
          "description": "The name of the sample schema to apply when creating this database."
        },
        "sourceDatabaseDeletionDate": {
          "type": "string",
          "format": "date-time",
          "description": "Specifies the time that the database was deleted."
        },
        "sourceDatabaseId": {
          "type": "string",
          "description": "The resource identifier of the source database associated with create operation of this database."
        },
        "storageAccountType": {
          "oneOf": [
            {
              "type": "string",
              "enum": [
                "GRS",
                "LRS",
                "ZRS"
              ]
            },
            {
              "$ref": "https://schema.management.azure.com/schemas/common/definitions.json#/definitions/expression"
            }
          ],
          "description": "The storage account type used to store backups for this database."
        },
        "zoneRedundant": {
          "oneOf": [
            {
              "type": "boolean"
            },
            {
              "$ref": "https://schema.management.azure.com/schemas/common/definitions.json#/definitions/expression"
            }
          ],
          "description": "Whether or not this database is zone redundant, which means the replicas of this database will be spread across multiple availability zones."
        }
      },
      "description": "The database's properties."
    },
    "ManagedDatabaseProperties": {
      "type": "object",
      "properties": {
        "catalogCollation": {
          "oneOf": [
            {
              "type": "string",
              "enum": [
                "DATABASE_DEFAULT",
                "SQL_Latin1_General_CP1_CI_AS"
              ]
            },
            {
              "$ref": "https://schema.management.azure.com/schemas/common/definitions.json#/definitions/expression"
            }
          ],
          "description": "Collation of the metadata catalog."
        },
        "collation": {
          "type": "string",
          "description": "Collation of the managed database."
        },
        "createMode": {
          "oneOf": [
            {
              "type": "string",
              "enum": [
                "Default",
                "RestoreExternalBackup",
                "PointInTimeRestore",
                "Recovery",
                "RestoreLongTermRetentionBackup"
              ]
            },
            {
              "$ref": "https://schema.management.azure.com/schemas/common/definitions.json#/definitions/expression"
            }
          ],
          "description": "Managed database create mode. PointInTimeRestore: Create a database by restoring a point in time backup of an existing database. SourceDatabaseName, SourceManagedInstanceName and PointInTime must be specified. RestoreExternalBackup: Create a database by restoring from external backup files. Collation, StorageContainerUri and StorageContainerSasToken must be specified. Recovery: Creates a database by restoring a geo-replicated backup. RecoverableDatabaseId must be specified as the recoverable database resource ID to restore. RestoreLongTermRetentionBackup: Create a database by restoring from a long term retention backup (longTermRetentionBackupResourceId required)."
        },
        "longTermRetentionBackupResourceId": {
          "type": "string",
          "description": "The name of the Long Term Retention backup to be used for restore of this managed database."
        },
        "recoverableDatabaseId": {
          "type": "string",
          "description": "The resource identifier of the recoverable database associated with create operation of this database."
        },
        "restorableDroppedDatabaseId": {
          "type": "string",
          "description": "The restorable dropped database resource id to restore when creating this database."
        },
        "restorePointInTime": {
          "type": "string",
          "format": "date-time",
          "description": "Conditional. If createMode is PointInTimeRestore, this value is required. Specifies the point in time (ISO8601 format) of the source database that will be restored to create the new database."
        },
        "sourceDatabaseId": {
          "type": "string",
          "description": "The resource identifier of the source database associated with create operation of this database."
        },
        "storageContainerSasToken": {
          "type": "string",
          "description": "Conditional. If createMode is RestoreExternalBackup, this value is required. Specifies the storage container sas token."
        },
        "storageContainerUri": {
          "type": "string",
          "description": "Conditional. If createMode is RestoreExternalBackup, this value is required. Specifies the uri of the storage container where backups for this restore are stored."
        }
      },
      "description": "The managed database's properties."
    },
    "ResourceIdentity": {
      "type": "object",
      "properties": {
        "type": {
          "oneOf": [
            {
              "type": "string",
              "enum": [
                "None",
                "SystemAssigned",
                "UserAssigned",
                "SystemAssigned,UserAssigned"
              ]
            },
            {
              "$ref": "https://schema.management.azure.com/schemas/common/definitions.json#/definitions/expression"
            }
          ],
          "description": "The identity type. Set this to 'SystemAssigned' in order to automatically create and assign an Azure Active Directory principal for the resource."
        }
      },
      "description": "Azure Active Directory identity configuration for a resource."
    },
    "ServerProperties": {
      "type": "object",
      "properties": {
        "administratorLogin": {
          "type": "string",
          "description": "Administrator username for the server. Once created it cannot be changed."
        },
        "administratorLoginPassword": {
          "type": "string",
          "description": "The administrator login password (required for server creation)."
        },
        "minimalTlsVersion": {
          "type": "string",
          "description": "Minimal TLS version. Allowed values: '1.0', '1.1', '1.2'"
        },
        "publicNetworkAccess": {
          "oneOf": [
            {
              "type": "string",
              "enum": [
                "Enabled",
                "Disabled"
              ]
            },
            {
              "$ref": "https://schema.management.azure.com/schemas/common/definitions.json#/definitions/expression"
            }
          ],
          "description": "Whether or not public endpoint access is allowed for this server.  Value is optional but if passed in, must be 'Enabled' or 'Disabled'."
        },
        "version": {
          "type": "string",
          "description": "The version of the server."
        }
      },
      "description": "The properties of a server."
    },
    "servers_administrators_childResource": {
      "type": "object",
      "properties": {
        "apiVersion": {
          "type": "string",
          "enum": [
            "2019-06-01-preview"
          ]
        },
        "name": {
          "type": "string",
          "enum": [
            "ActiveDirectory"
          ],
          "description": "The name of server active directory administrator."
        },
        "properties": {
          "oneOf": [
            {
              "$ref": "#/definitions/AdministratorProperties"
            },
            {
              "$ref": "https://schema.management.azure.com/schemas/common/definitions.json#/definitions/expression"
            }
          ],
          "description": "Properties of a active directory administrator."
        },
        "type": {
          "type": "string",
          "enum": [
            "administrators"
          ]
        }
      },
      "required": [
        "apiVersion",
        "name",
        "properties",
        "type"
      ],
      "description": "Microsoft.Sql/servers/administrators"
    },
    "servers_databases_childResource": {
      "type": "object",
      "properties": {
        "apiVersion": {
          "type": "string",
          "enum": [
            "2019-06-01-preview"
          ]
        },
        "location": {
          "type": "string",
          "description": "Resource location."
        },
        "name": {
          "type": "string",
          "description": "The name of the database."
        },
        "properties": {
          "oneOf": [
            {
              "$ref": "#/definitions/DatabaseProperties"
            },
            {
              "$ref": "https://schema.management.azure.com/schemas/common/definitions.json#/definitions/expression"
            }
          ],
          "description": "The database's properties."
        },
        "sku": {
          "oneOf": [
            {
              "$ref": "#/definitions/Sku"
            },
            {
              "$ref": "https://schema.management.azure.com/schemas/common/definitions.json#/definitions/expression"
            }
          ],
          "description": "An ARM Resource SKU."
        },
        "tags": {
          "oneOf": [
            {
              "type": "object",
              "additionalProperties": {
                "type": "string"
              },
              "properties": {}
            },
            {
              "$ref": "https://schema.management.azure.com/schemas/common/definitions.json#/definitions/expression"
            }
          ],
          "description": "Resource tags."
        },
        "type": {
          "type": "string",
          "enum": [
            "databases"
          ]
        }
      },
      "required": [
        "apiVersion",
        "location",
        "name",
        "properties",
        "type"
      ],
      "description": "Microsoft.Sql/servers/databases"
    },
    "servers_databases_syncGroups_childResource": {
      "type": "object",
      "properties": {
        "apiVersion": {
          "type": "string",
          "enum": [
            "2019-06-01-preview"
          ]
        },
        "name": {
          "type": "string",
          "description": "The name of the sync group."
        },
        "properties": {
          "oneOf": [
            {
              "$ref": "#/definitions/SyncGroupProperties"
            },
            {
              "$ref": "https://schema.management.azure.com/schemas/common/definitions.json#/definitions/expression"
            }
          ],
          "description": "Properties of a sync group."
        },
        "type": {
          "type": "string",
          "enum": [
            "syncGroups"
          ]
        }
      },
      "required": [
        "apiVersion",
        "name",
        "properties",
        "type"
      ],
      "description": "Microsoft.Sql/servers/databases/syncGroups"
    },
    "servers_databases_syncGroups_syncMembers_childResource": {
      "type": "object",
      "properties": {
        "apiVersion": {
          "type": "string",
          "enum": [
            "2019-06-01-preview"
          ]
        },
        "name": {
          "type": "string",
          "description": "The name of the sync member."
        },
        "properties": {
          "oneOf": [
            {
              "$ref": "#/definitions/SyncMemberProperties"
            },
            {
              "$ref": "https://schema.management.azure.com/schemas/common/definitions.json#/definitions/expression"
            }
          ],
          "description": "Properties of a sync member."
        },
        "type": {
          "type": "string",
          "enum": [
            "syncMembers"
          ]
        }
      },
      "required": [
        "apiVersion",
        "name",
        "properties",
        "type"
      ],
      "description": "Microsoft.Sql/servers/databases/syncGroups/syncMembers"
    },
    "servers_databases_workloadGroups_childResource": {
      "type": "object",
      "properties": {
        "apiVersion": {
          "type": "string",
          "enum": [
            "2019-06-01-preview"
          ]
        },
        "name": {
          "type": "string",
          "description": "The name of the workload group."
        },
        "properties": {
          "oneOf": [
            {
              "$ref": "#/definitions/WorkloadGroupProperties"
            },
            {
              "$ref": "https://schema.management.azure.com/schemas/common/definitions.json#/definitions/expression"
            }
          ],
          "description": "Workload group definition. For more information look at sys.workload_management_workload_groups (DMV)."
        },
        "type": {
          "type": "string",
          "enum": [
            "workloadGroups"
          ]
        }
      },
      "required": [
        "apiVersion",
        "name",
        "properties",
        "type"
      ],
      "description": "Microsoft.Sql/servers/databases/workloadGroups"
    },
    "servers_databases_workloadGroups_workloadClassifiers_childResource": {
      "type": "object",
      "properties": {
        "apiVersion": {
          "type": "string",
          "enum": [
            "2019-06-01-preview"
          ]
        },
        "name": {
          "type": "string",
          "description": "The name of the workload classifier to create/update."
        },
        "properties": {
          "oneOf": [
            {
              "$ref": "#/definitions/WorkloadClassifierProperties"
            },
            {
              "$ref": "https://schema.management.azure.com/schemas/common/definitions.json#/definitions/expression"
            }
          ],
          "description": "Workload classifier definition. For more information look at sys.workload_management_workload_classifiers (DMV)."
        },
        "type": {
          "type": "string",
          "enum": [
            "workloadClassifiers"
          ]
        }
      },
      "required": [
        "apiVersion",
        "name",
        "properties",
        "type"
      ],
      "description": "Microsoft.Sql/servers/databases/workloadGroups/workloadClassifiers"
    },
    "Sku": {
      "type": "object",
      "properties": {
        "capacity": {
          "oneOf": [
            {
              "type": "integer"
            },
            {
              "$ref": "https://schema.management.azure.com/schemas/common/definitions.json#/definitions/expression"
            }
          ],
          "description": "Capacity of the particular SKU."
        },
        "family": {
          "type": "string",
          "description": "If the service has different generations of hardware, for the same SKU, then that can be captured here."
        },
        "name": {
          "type": "string",
          "description": "The name of the SKU, typically, a letter + Number code, e.g. P3."
        },
        "size": {
          "type": "string",
          "description": "Size of the particular SKU"
        },
        "tier": {
          "type": "string",
          "description": "The tier or edition of the particular SKU, e.g. Basic, Premium."
        }
      },
      "required": [
        "name"
      ],
      "description": "An ARM Resource SKU."
    },
    "SyncGroupProperties": {
      "type": "object",
      "properties": {
        "conflictResolutionPolicy": {
          "oneOf": [
            {
              "type": "string",
              "enum": [
                "HubWin",
                "MemberWin"
              ]
            },
            {
              "$ref": "https://schema.management.azure.com/schemas/common/definitions.json#/definitions/expression"
            }
          ],
          "description": "Conflict resolution policy of the sync group."
        },
        "hubDatabasePassword": {
          "type": "string",
          "description": "Password for the sync group hub database credential."
        },
        "hubDatabaseUserName": {
          "type": "string",
          "description": "User name for the sync group hub database credential."
        },
        "interval": {
          "oneOf": [
            {
              "type": "integer"
            },
            {
              "$ref": "https://schema.management.azure.com/schemas/common/definitions.json#/definitions/expression"
            }
          ],
          "description": "Sync interval of the sync group."
        },
        "schema": {
          "oneOf": [
            {
              "$ref": "#/definitions/SyncGroupSchema"
            },
            {
              "$ref": "https://schema.management.azure.com/schemas/common/definitions.json#/definitions/expression"
            }
          ],
          "description": "Properties of sync group schema."
        },
        "syncDatabaseId": {
          "type": "string",
          "description": "ARM resource id of the sync database in the sync group."
        },
        "usePrivateLinkConnection": {
          "oneOf": [
            {
              "type": "boolean"
            },
            {
              "$ref": "https://schema.management.azure.com/schemas/common/definitions.json#/definitions/expression"
            }
          ],
          "description": "If use private link connection is enabled."
        }
      },
      "description": "Properties of a sync group."
    },
    "SyncGroupSchema": {
      "type": "object",
      "properties": {
        "masterSyncMemberName": {
          "type": "string",
          "description": "Name of master sync member where the schema is from."
        },
        "tables": {
          "oneOf": [
            {
              "type": "array",
              "items": {
                "$ref": "#/definitions/SyncGroupSchemaTable"
              }
            },
            {
              "$ref": "https://schema.management.azure.com/schemas/common/definitions.json#/definitions/expression"
            }
          ],
          "description": "List of tables in sync group schema."
        }
      },
      "description": "Properties of sync group schema."
    },
    "SyncGroupSchemaTable": {
      "type": "object",
      "properties": {
        "columns": {
          "oneOf": [
            {
              "type": "array",
              "items": {
                "$ref": "#/definitions/SyncGroupSchemaTableColumn"
              }
            },
            {
              "$ref": "https://schema.management.azure.com/schemas/common/definitions.json#/definitions/expression"
            }
          ],
          "description": "List of columns in sync group schema."
        },
        "quotedName": {
          "type": "string",
          "description": "Quoted name of sync group schema table."
        }
      },
      "description": "Properties of table in sync group schema."
    },
    "SyncGroupSchemaTableColumn": {
      "type": "object",
      "properties": {
        "dataSize": {
          "type": "string",
          "description": "Data size of the column."
        },
        "dataType": {
          "type": "string",
          "description": "Data type of the column."
        },
        "quotedName": {
          "type": "string",
          "description": "Quoted name of sync group table column."
        }
      },
      "description": "Properties of column in sync group table."
    },
    "SyncMemberProperties": {
      "type": "object",
      "properties": {
        "databaseName": {
          "type": "string",
          "description": "Database name of the member database in the sync member."
        },
        "databaseType": {
          "oneOf": [
            {
              "type": "string",
              "enum": [
                "AzureSqlDatabase",
                "SqlServerDatabase"
              ]
            },
            {
              "$ref": "https://schema.management.azure.com/schemas/common/definitions.json#/definitions/expression"
            }
          ],
          "description": "Database type of the sync member."
        },
        "password": {
          "type": "string",
          "description": "Password of the member database in the sync member."
        },
        "serverName": {
          "type": "string",
          "description": "Server name of the member database in the sync member"
        },
        "sqlServerDatabaseId": {
          "oneOf": [
            {
              "type": "string",
              "pattern": "^[0-9a-fA-F]{8}(-[0-9a-fA-F]{4}){3}-[0-9a-fA-F]{12}$"
            },
            {
              "$ref": "https://schema.management.azure.com/schemas/common/definitions.json#/definitions/expression"
            }
          ],
          "description": "SQL Server database id of the sync member."
        },
        "syncAgentId": {
          "type": "string",
          "description": "ARM resource id of the sync agent in the sync member."
        },
        "syncDirection": {
          "oneOf": [
            {
              "type": "string",
              "enum": [
                "Bidirectional",
                "OneWayMemberToHub",
                "OneWayHubToMember"
              ]
            },
            {
              "$ref": "https://schema.management.azure.com/schemas/common/definitions.json#/definitions/expression"
            }
          ],
          "description": "Sync direction of the sync member."
        },
        "syncMemberAzureDatabaseResourceId": {
          "type": "string",
          "description": "ARM resource id of the sync member logical database, for sync members in Azure."
        },
        "usePrivateLinkConnection": {
          "oneOf": [
            {
              "type": "boolean"
            },
            {
              "$ref": "https://schema.management.azure.com/schemas/common/definitions.json#/definitions/expression"
            }
          ],
          "description": "Whether to use private link connection."
        },
        "userName": {
          "type": "string",
          "description": "User name of the member database in the sync member."
        }
      },
      "description": "Properties of a sync member."
    },
    "WorkloadClassifierProperties": {
      "type": "object",
      "properties": {
        "context": {
          "type": "string",
          "description": "The workload classifier context."
        },
        "endTime": {
          "type": "string",
          "description": "The workload classifier end time for classification."
        },
        "importance": {
          "type": "string",
          "description": "The workload classifier importance."
        },
        "label": {
          "type": "string",
          "description": "The workload classifier label."
        },
        "memberName": {
          "type": "string",
          "description": "The workload classifier member name."
        },
        "startTime": {
          "type": "string",
          "description": "The workload classifier start time for classification."
        }
      },
      "required": [
        "memberName"
      ],
      "description": "Workload classifier definition. For more information look at sys.workload_management_workload_classifiers (DMV)."
    },
    "WorkloadGroupProperties": {
      "type": "object",
      "properties": {
        "importance": {
          "type": "string",
          "description": "The workload group importance level."
        },
        "maxResourcePercent": {
          "oneOf": [
            {
              "type": "integer"
            },
            {
              "$ref": "https://schema.management.azure.com/schemas/common/definitions.json#/definitions/expression"
            }
          ],
          "description": "The workload group cap percentage resource."
        },
        "maxResourcePercentPerRequest": {
          "oneOf": [
            {
              "type": "number"
            },
            {
              "$ref": "https://schema.management.azure.com/schemas/common/definitions.json#/definitions/expression"
            }
          ],
          "description": "The workload group request maximum grant percentage."
        },
        "minResourcePercent": {
          "oneOf": [
            {
              "type": "integer"
            },
            {
              "$ref": "https://schema.management.azure.com/schemas/common/definitions.json#/definitions/expression"
            }
          ],
          "description": "The workload group minimum percentage resource."
        },
        "minResourcePercentPerRequest": {
          "oneOf": [
            {
              "type": "number"
            },
            {
              "$ref": "https://schema.management.azure.com/schemas/common/definitions.json#/definitions/expression"
            }
          ],
          "description": "The workload group request minimum grant percentage."
        },
        "queryExecutionTimeout": {
          "oneOf": [
            {
              "type": "integer"
            },
            {
              "$ref": "https://schema.management.azure.com/schemas/common/definitions.json#/definitions/expression"
            }
          ],
          "description": "The workload group query execution timeout."
        }
      },
      "required": [
        "maxResourcePercent",
        "minResourcePercent",
        "minResourcePercentPerRequest"
      ],
      "description": "Workload group definition. For more information look at sys.workload_management_workload_groups (DMV)."
    }
  }
}