{
  "id": "https://schema.management.azure.com/schemas/2018-06-01/Microsoft.DBforMySQL.json#",
  "$schema": "http://json-schema.org/draft-04/schema#",
  "title": "Microsoft.DBforMySQL",
  "description": "Microsoft DBforMySQL Resource Types",
  "resourceDefinitions": {
    "servers_privateEndpointConnections": {
      "type": "object",
      "properties": {
        "apiVersion": {
          "type": "string",
          "enum": [
            "2018-06-01"
          ]
        },
        "name": {
          "type": "string",
          "description": "The name of the private endpoint connection."
        },
        "properties": {
          "oneOf": [
            {
              "$ref": "#/definitions/PrivateEndpointConnectionProperties"
            },
            {
              "$ref": "https://schema.management.azure.com/schemas/common/definitions.json#/definitions/expression"
            }
          ],
          "description": "Properties of a private endpoint connection."
        },
        "type": {
          "type": "string",
          "enum": [
            "Microsoft.DBforMySQL/servers/privateEndpointConnections"
          ]
        }
      },
      "required": [
        "apiVersion",
        "name",
        "properties",
        "type"
      ],
      "description": "Microsoft.DBforMySQL/servers/privateEndpointConnections"
    }
  },
  "definitions": {
    "PrivateEndpointConnectionProperties": {
      "type": "object",
      "properties": {
        "privateEndpoint": {
          "oneOf": [
            {
              "$ref": "#/definitions/PrivateEndpointProperty"
            },
            {
              "$ref": "https://schema.management.azure.com/schemas/common/definitions.json#/definitions/expression"
            }
          ]
        },
        "privateLinkServiceConnectionState": {
          "oneOf": [
            {
              "$ref": "#/definitions/PrivateLinkServiceConnectionStateProperty"
            },
            {
              "$ref": "https://schema.management.azure.com/schemas/common/definitions.json#/definitions/expression"
            }
          ]
        }
      },
      "description": "Properties of a private endpoint connection."
    },
    "PrivateEndpointProperty": {
      "type": "object",
      "properties": {
        "id": {
          "type": "string",
          "description": "Resource id of the private endpoint."
        }
      }
    },
    "PrivateLinkServiceConnectionStateProperty": {
      "type": "object",
      "properties": {
        "description": {
          "type": "string",
          "description": "The private link service connection description."
        },
        "status": {
          "type": "string",
          "description": "The private link service connection status."
        }
      },
      "required": [
        "description",
        "status"
      ]
    }
  }
}