{
  "id": "https://schema.management.azure.com/schemas/2016-11-01/Microsoft.ImportExport.json#",
  "$schema": "http://json-schema.org/draft-04/schema#",
  "title": "Microsoft.ImportExport",
  "description": "Microsoft ImportExport Resource Types",
  "resourceDefinitions": {
    "jobs": {
      "type": "object",
      "properties": {
        "apiVersion": {
          "type": "string",
          "enum": [
            "2016-11-01"
          ]
        },
        "location": {
          "type": "string",
          "description": "Specifies the supported Azure location where the job should be created"
        },
        "name": {
          "type": "string",
          "description": "The name of the import/export job."
        },
        "properties": {
          "oneOf": [
            {
              "$ref": "#/definitions/JobDetails"
            },
            {
              "$ref": "https://schema.management.azure.com/schemas/common/definitions.json#/definitions/expression"
            }
          ],
          "description": "Specifies the job properties"
        },
        "tags": {
          "type": "object",
          "properties": {},
          "description": "Specifies the tags that will be assigned to the job."
        },
        "type": {
          "type": "string",
          "enum": [
            "Microsoft.ImportExport/jobs"
          ]
        }
      },
      "required": [
        "apiVersion",
        "name",
        "properties",
        "type"
      ],
      "description": "Microsoft.ImportExport/jobs"
    }
  },
  "definitions": {
    "DeliveryPackageInformation": {
      "type": "object",
      "properties": {
        "carrierName": {
          "type": "string",
          "description": "The name of the carrier that is used to ship the import or export drives."
        },
        "driveCount": {
          "oneOf": [
            {
              "type": "integer"
            },
            {
              "$ref": "https://schema.management.azure.com/schemas/common/definitions.json#/definitions/expression"
            }
          ],
          "description": "The number of drives included in the package."
        },
        "shipDate": {
          "type": "string",
          "description": "The date when the package is shipped."
        },
        "trackingNumber": {
          "type": "string",
          "description": "The tracking number of the package."
        }
      },
      "required": [
        "carrierName",
        "trackingNumber"
      ],
      "description": "Contains information about the delivery package being shipped by the customer to the Microsoft data center."
    },
    "DriveStatus": {
      "type": "object",
      "properties": {
        "bitLockerKey": {
          "type": "string",
          "description": "The BitLocker key used to encrypt the drive."
        },
        "bytesSucceeded": {
          "oneOf": [
            {
              "type": "integer"
            },
            {
              "$ref": "https://schema.management.azure.com/schemas/common/definitions.json#/definitions/expression"
            }
          ],
          "description": "Bytes successfully transferred for the drive."
        },
        "copyStatus": {
          "type": "string",
          "description": "Detailed status about the data transfer process. This field is not returned in the response until the drive is in the Transferring state."
        },
        "driveHeaderHash": {
          "type": "string",
          "description": "The drive header hash value."
        },
        "driveId": {
          "type": "string",
          "description": "The drive's hardware serial number, without spaces."
        },
        "errorLogUri": {
          "type": "string",
          "description": "A URI that points to the blob containing the error log for the data transfer operation."
        },
        "manifestFile": {
          "type": "string",
          "description": "The relative path of the manifest file on the drive. "
        },
        "manifestHash": {
          "type": "string",
          "description": "The Base16-encoded MD5 hash of the manifest file on the drive."
        },
        "manifestUri": {
          "type": "string",
          "description": "A URI that points to the blob containing the drive manifest file. "
        },
        "percentComplete": {
          "oneOf": [
            {
              "type": "integer"
            },
            {
              "$ref": "https://schema.management.azure.com/schemas/common/definitions.json#/definitions/expression"
            }
          ],
          "description": "Percentage completed for the drive. "
        },
        "state": {
          "oneOf": [
            {
              "type": "string",
              "enum": [
                "Specified",
                "Received",
                "NeverReceived",
                "Transferring",
                "Completed",
                "CompletedMoreInfo",
                "ShippedBack"
              ]
            },
            {
              "$ref": "https://schema.management.azure.com/schemas/common/definitions.json#/definitions/expression"
            }
          ],
          "description": "The drive's current state."
        },
        "verboseLogUri": {
          "type": "string",
          "description": "A URI that points to the blob containing the verbose log for the data transfer operation. "
        }
      },
      "description": "Provides information about the drive's status"
    },
    "EncryptionKeyDetails": {
      "type": "object",
      "properties": {
        "kekType": {
          "oneOf": [
            {
              "type": "string",
              "enum": [
                "MicrosoftManaged",
                "CustomerManaged"
              ]
            },
            {
              "$ref": "https://schema.management.azure.com/schemas/common/definitions.json#/definitions/expression"
            }
          ],
          "description": "The type of kek encryption key."
        },
        "kekUrl": {
          "type": "string",
          "description": "Specifies the url for kek encryption key. "
        },
        "kekVaultResourceID": {
          "type": "string",
          "description": "Specifies the keyvault resource id for kek encryption key. "
        }
      },
      "description": "Specifies the encryption key properties"
    },
    "Export": {
      "type": "object",
      "properties": {
        "blobList": {
          "oneOf": [
            {
              "$ref": "#/definitions/ExportBlobList"
            },
            {
              "$ref": "https://schema.management.azure.com/schemas/common/definitions.json#/definitions/expression"
            }
          ],
          "description": "A list of the blobs to be exported."
        },
        "blobListBlobPath": {
          "type": "string",
          "description": "The relative URI to the block blob that contains the list of blob paths or blob path prefixes as defined above, beginning with the container name. If the blob is in root container, the URI must begin with $root. "
        }
      },
      "description": "A property containing information about the blobs to be exported for an export job. This property is required for export jobs, but must not be specified for import jobs."
    },
    "ExportBlobList": {
      "type": "object",
      "properties": {
        "blobPath": {
          "oneOf": [
            {
              "type": "array",
              "items": {
                "type": "string"
              }
            },
            {
              "$ref": "https://schema.management.azure.com/schemas/common/definitions.json#/definitions/expression"
            }
          ],
          "description": "A collection of blob-path strings."
        },
        "blobPathPrefix": {
          "oneOf": [
            {
              "type": "array",
              "items": {
                "type": "string"
              }
            },
            {
              "$ref": "https://schema.management.azure.com/schemas/common/definitions.json#/definitions/expression"
            }
          ],
          "description": "A collection of blob-prefix strings."
        }
      },
      "description": "A list of the blobs to be exported."
    },
    "JobDetails": {
      "type": "object",
      "properties": {
        "backupDriveManifest": {
          "oneOf": [
            {
              "type": "boolean",
              "default": false
            },
            {
              "$ref": "https://schema.management.azure.com/schemas/common/definitions.json#/definitions/expression"
            }
          ],
          "description": "Default value is false. Indicates whether the manifest files on the drives should be copied to block blobs."
        },
        "cancelRequested": {
          "oneOf": [
            {
              "type": "boolean",
              "default": false
            },
            {
              "$ref": "https://schema.management.azure.com/schemas/common/definitions.json#/definitions/expression"
            }
          ],
          "description": "Indicates whether a request has been submitted to cancel the job."
        },
        "deliveryPackage": {
          "oneOf": [
            {
              "$ref": "#/definitions/DeliveryPackageInformation"
            },
            {
              "$ref": "https://schema.management.azure.com/schemas/common/definitions.json#/definitions/expression"
            }
          ],
          "description": "Contains information about the delivery package being shipped by the customer to the Microsoft data center."
        },
        "diagnosticsPath": {
          "type": "string",
          "description": "The virtual blob directory to which the copy logs and backups of drive manifest files (if enabled) will be stored."
        },
        "driveList": {
          "oneOf": [
            {
              "type": "array",
              "items": {
                "$ref": "#/definitions/DriveStatus"
              }
            },
            {
              "$ref": "https://schema.management.azure.com/schemas/common/definitions.json#/definitions/expression"
            }
          ],
          "description": "List of up to ten drives that comprise the job. The drive list is a required element for an import job; it is not specified for export jobs."
        },
        "encryptionKey": {
          "oneOf": [
            {
              "$ref": "#/definitions/EncryptionKeyDetails"
            },
            {
              "$ref": "https://schema.management.azure.com/schemas/common/definitions.json#/definitions/expression"
            }
          ],
          "description": "Specifies the encryption key properties"
        },
        "export": {
          "oneOf": [
            {
              "$ref": "#/definitions/Export"
            },
            {
              "$ref": "https://schema.management.azure.com/schemas/common/definitions.json#/definitions/expression"
            }
          ],
          "description": "A property containing information about the blobs to be exported for an export job. This property is required for export jobs, but must not be specified for import jobs."
        },
        "incompleteBlobListUri": {
          "type": "string",
          "description": "A blob path that points to a block blob containing a list of blob names that were not exported due to insufficient drive space. If all blobs were exported successfully, then this element is not included in the response."
        },
        "jobType": {
          "type": "string",
          "description": "The type of job"
        },
        "logLevel": {
          "type": "string",
          "description": "Default value is Error. Indicates whether error logging or verbose logging will be enabled."
        },
        "percentComplete": {
          "oneOf": [
            {
              "type": "integer"
            },
            {
              "$ref": "https://schema.management.azure.com/schemas/common/definitions.json#/definitions/expression"
            }
          ],
          "description": "Overall percentage completed for the job."
        },
        "provisioningState": {
          "type": "string",
          "description": "Specifies the provisioning state of the job."
        },
        "returnAddress": {
          "oneOf": [
            {
              "$ref": "#/definitions/ReturnAddress"
            },
            {
              "$ref": "https://schema.management.azure.com/schemas/common/definitions.json#/definitions/expression"
            }
          ],
          "description": "Specifies the return address information for the job."
        },
        "returnPackage": {
          "oneOf": [
            {
              "$ref": "#/definitions/PackageInfomation"
            },
            {
              "$ref": "https://schema.management.azure.com/schemas/common/definitions.json#/definitions/expression"
            }
          ],
          "description": "Contains information about the package being shipped by the customer to the Microsoft data center."
        },
        "returnShipping": {
          "oneOf": [
            {
              "$ref": "#/definitions/ReturnShipping"
            },
            {
              "$ref": "https://schema.management.azure.com/schemas/common/definitions.json#/definitions/expression"
            }
          ],
          "description": "Specifies the return carrier and customer's account with the carrier."
        },
        "shippingInformation": {
          "oneOf": [
            {
              "$ref": "#/definitions/ShippingInformation"
            },
            {
              "$ref": "https://schema.management.azure.com/schemas/common/definitions.json#/definitions/expression"
            }
          ],
          "description": "Contains information about the Microsoft datacenter to which the drives should be shipped."
        },
        "state": {
          "type": "string",
          "default": "Creating",
          "description": "Current state of the job."
        },
        "storageAccountId": {
          "type": "string",
          "description": "The resource identifier of the storage account where data will be imported to or exported from."
        }
      },
      "description": "Specifies the job properties"
    },
    "PackageInfomation": {
      "type": "object",
      "properties": {
        "carrierName": {
          "type": "string",
          "description": "The name of the carrier that is used to ship the import or export drives."
        },
        "driveCount": {
          "oneOf": [
            {
              "type": "integer"
            },
            {
              "$ref": "https://schema.management.azure.com/schemas/common/definitions.json#/definitions/expression"
            }
          ],
          "description": "The number of drives included in the package."
        },
        "shipDate": {
          "type": "string",
          "description": "The date when the package is shipped."
        },
        "trackingNumber": {
          "type": "string",
          "description": "The tracking number of the package."
        }
      },
      "required": [
        "carrierName",
        "driveCount",
        "shipDate",
        "trackingNumber"
      ],
      "description": "Contains information about the package being shipped by the customer to the Microsoft data center."
    },
    "ReturnAddress": {
      "type": "object",
      "properties": {
        "city": {
          "type": "string",
          "description": "The city name to use when returning the drives."
        },
        "countryOrRegion": {
          "type": "string",
          "description": "The country or region to use when returning the drives. "
        },
        "email": {
          "type": "string",
          "description": "Email address of the recipient of the returned drives."
        },
        "phone": {
          "type": "string",
          "description": "Phone number of the recipient of the returned drives."
        },
        "postalCode": {
          "type": "string",
          "description": "The postal code to use when returning the drives."
        },
        "recipientName": {
          "type": "string",
          "description": "The name of the recipient who will receive the hard drives when they are returned. "
        },
        "stateOrProvince": {
          "type": "string",
          "description": "The state or province to use when returning the drives."
        },
        "streetAddress1": {
          "type": "string",
          "description": "The first line of the street address to use when returning the drives. "
        },
        "streetAddress2": {
          "type": "string",
          "description": "The first line of the street address to use when returning the drives. "
        }
      },
      "required": [
        "city",
        "countryOrRegion",
        "email",
        "phone",
        "postalCode",
        "recipientName",
        "streetAddress1"
      ],
      "description": "Specifies the return address information for the job."
    },
    "ReturnShipping": {
      "type": "object",
      "properties": {
        "carrierAccountNumber": {
          "type": "string",
          "description": "The customer's account number with the carrier."
        },
        "carrierName": {
          "type": "string",
          "description": "The carrier's name."
        }
      },
      "required": [
        "carrierAccountNumber",
        "carrierName"
      ],
      "description": "Specifies the return carrier and customer's account with the carrier."
    },
    "ShippingInformation": {
      "type": "object",
      "properties": {
        "city": {
          "type": "string",
          "description": "The city name to use when returning the drives."
        },
        "countryOrRegion": {
          "type": "string",
          "description": "The country or region to use when returning the drives. "
        },
        "phone": {
          "type": "string",
          "description": "Phone number of the recipient of the returned drives."
        },
        "postalCode": {
          "type": "string",
          "description": "The postal code to use when returning the drives."
        },
        "recipientName": {
          "type": "string",
          "description": "The name of the recipient who will receive the hard drives when they are returned. "
        },
        "stateOrProvince": {
          "type": "string",
          "description": "The state or province to use when returning the drives."
        },
        "streetAddress1": {
          "type": "string",
          "description": "The first line of the street address to use when returning the drives. "
        },
        "streetAddress2": {
          "type": "string",
          "description": "The first line of the street address to use when returning the drives. "
        }
      },
      "description": "Contains information about the Microsoft datacenter to which the drives should be shipped."
    }
  }
}