{
  "id": "https://schema.management.azure.com/schemas/2019-06-01/Microsoft.WindowsIoT.json#",
  "$schema": "http://json-schema.org/draft-04/schema#",
  "title": "Microsoft.WindowsIoT",
  "description": "Microsoft WindowsIoT Resource Types",
  "resourceDefinitions": {
    "deviceServices": {
      "type": "object",
      "properties": {
        "apiVersion": {
          "type": "string",
          "enum": [
            "2019-06-01"
          ]
        },
        "etag": {
          "type": "string",
          "description": "The Etag field is *not* required. If it is provided in the response body, it must also be provided as a header per the normal ETag convention."
        },
        "location": {
          "type": "string",
          "description": "The Azure Region where the resource lives"
        },
        "name": {
          "type": "string",
          "description": "The name of the Windows IoT Device Service."
        },
        "properties": {
          "oneOf": [
            {
              "$ref": "#/definitions/DeviceServiceProperties"
            },
            {
              "$ref": "https://schema.management.azure.com/schemas/common/definitions.json#/definitions/expression"
            }
          ],
          "description": "The properties of a Windows IoT Device Service."
        },
        "tags": {
          "oneOf": [
            {
              "type": "object",
              "additionalProperties": {
                "type": "string"
              },
              "properties": {}
            },
            {
              "$ref": "https://schema.management.azure.com/schemas/common/definitions.json#/definitions/expression"
            }
          ],
          "description": "Resource tags."
        },
        "type": {
          "type": "string",
          "enum": [
            "Microsoft.WindowsIoT/deviceServices"
          ]
        }
      },
      "required": [
        "apiVersion",
        "name",
        "properties",
        "type"
      ],
      "description": "Microsoft.WindowsIoT/deviceServices"
    }
  },
  "definitions": {
    "DeviceServiceProperties": {
      "type": "object",
      "properties": {
        "adminDomainName": {
          "type": "string",
          "description": "Windows IoT Device Service OEM AAD domain"
        },
        "billingDomainName": {
          "type": "string",
          "description": "Windows IoT Device Service ODM AAD domain"
        },
        "notes": {
          "type": "string",
          "description": "Windows IoT Device Service notes."
        },
        "quantity": {
          "oneOf": [
            {
              "type": "integer"
            },
            {
              "$ref": "https://schema.management.azure.com/schemas/common/definitions.json#/definitions/expression"
            }
          ],
          "description": "Windows IoT Device Service device allocation,"
        }
      },
      "description": "The properties of a Windows IoT Device Service."
    }
  }
}