{
  "id": "https://schema.management.azure.com/schemas/2019-08-01/Microsoft.Security.json#",
  "$schema": "http://json-schema.org/draft-04/schema#",
  "title": "Microsoft.Security",
  "description": "Microsoft Security Resource Types",
  "resourceDefinitions": {
    "iotSecuritySolutions": {
      "type": "object",
      "properties": {
        "apiVersion": {
          "type": "string",
          "enum": [
            "2019-08-01"
          ]
        },
        "location": {
          "type": "string",
          "description": "The resource location."
        },
        "name": {
          "type": "string",
          "description": "The name of the IoT Security solution."
        },
        "properties": {
          "oneOf": [
            {
              "$ref": "#/definitions/IoTSecuritySolutionProperties"
            },
            {
              "$ref": "https://schema.management.azure.com/schemas/common/definitions.json#/definitions/expression"
            }
          ],
          "description": "Security Solution setting data"
        },
        "tags": {
          "oneOf": [
            {
              "type": "object",
              "additionalProperties": {
                "type": "string"
              },
              "properties": {}
            },
            {
              "$ref": "https://schema.management.azure.com/schemas/common/definitions.json#/definitions/expression"
            }
          ],
          "description": "Resource tags"
        },
        "type": {
          "type": "string",
          "enum": [
            "Microsoft.Security/iotSecuritySolutions"
          ]
        }
      },
      "required": [
        "apiVersion",
        "name",
        "properties",
        "type"
      ],
      "description": "Microsoft.Security/iotSecuritySolutions"
    }
  },
  "unknown_resourceDefinitions": {
    "deviceSecurityGroups": {
      "type": "object",
      "properties": {
        "apiVersion": {
          "type": "string",
          "enum": [
            "2019-08-01"
          ]
        },
        "name": {
          "type": "string",
          "description": "The name of the device security group. Note that the name of the device security group is case insensitive."
        },
        "properties": {
          "oneOf": [
            {
              "$ref": "#/definitions/DeviceSecurityGroupProperties"
            },
            {
              "$ref": "https://schema.management.azure.com/schemas/common/definitions.json#/definitions/expression"
            }
          ],
          "description": "describes properties of a security group."
        },
        "type": {
          "type": "string",
          "enum": [
            "Microsoft.Security/deviceSecurityGroups"
          ]
        }
      },
      "required": [
        "apiVersion",
        "name",
        "properties",
        "type"
      ],
      "description": "Microsoft.Security/deviceSecurityGroups"
    }
  },
  "definitions": {
    "ActiveConnectionsNotInAllowedRange": {
      "type": "object",
      "properties": {
        "ruleType": {
          "type": "string",
          "enum": [
            "ActiveConnectionsNotInAllowedRange"
          ]
        }
      },
      "required": [
        "ruleType"
      ],
      "description": "Number of active connections is not in allowed range."
    },
    "AdditionalWorkspacesProperties": {
      "type": "object",
      "properties": {
        "dataTypes": {
          "oneOf": [
            {
              "type": "array",
              "items": {
                "type": "string",
                "enum": [
                  "Alerts",
                  "RawEvents"
                ]
              }
            },
            {
              "$ref": "https://schema.management.azure.com/schemas/common/definitions.json#/definitions/expression"
            }
          ],
          "description": "List of data types sent to workspace"
        },
        "type": {
          "oneOf": [
            {
              "type": "string",
              "enum": [
                "Sentinel"
              ]
            },
            {
              "$ref": "https://schema.management.azure.com/schemas/common/definitions.json#/definitions/expression"
            }
          ],
          "description": "Workspace type."
        },
        "workspace": {
          "type": "string",
          "description": "Workspace resource id"
        }
      },
      "description": "Properties of the additional workspaces."
    },
    "AllowlistCustomAlertRule": {
      "type": "object",
      "oneOf": [
        {
          "$ref": "#/definitions/ConnectionToIpNotAllowed"
        },
        {
          "$ref": "#/definitions/ConnectionFromIpNotAllowed"
        },
        {
          "$ref": "#/definitions/LocalUserNotAllowed"
        },
        {
          "$ref": "#/definitions/ProcessNotAllowed"
        }
      ],
      "properties": {
        "allowlistValues": {
          "oneOf": [
            {
              "type": "array",
              "items": {
                "type": "string"
              }
            },
            {
              "$ref": "https://schema.management.azure.com/schemas/common/definitions.json#/definitions/expression"
            }
          ],
          "description": "The values to allow. The format of the values depends on the rule type."
        },
        "isEnabled": {
          "oneOf": [
            {
              "type": "boolean"
            },
            {
              "$ref": "https://schema.management.azure.com/schemas/common/definitions.json#/definitions/expression"
            }
          ],
          "description": "Status of the custom alert."
        }
      },
      "required": [
        "allowlistValues",
        "isEnabled"
      ],
      "description": "A custom alert rule that checks if a value (depends on the custom alert type) is allowed."
    },
    "AmqpC2DMessagesNotInAllowedRange": {
      "type": "object",
      "properties": {
        "ruleType": {
          "type": "string",
          "enum": [
            "AmqpC2DMessagesNotInAllowedRange"
          ]
        }
      },
      "required": [
        "ruleType"
      ],
      "description": "Number of cloud to device messages (AMQP protocol) is not in allowed range."
    },
    "AmqpC2DRejectedMessagesNotInAllowedRange": {
      "type": "object",
      "properties": {
        "ruleType": {
          "type": "string",
          "enum": [
            "AmqpC2DRejectedMessagesNotInAllowedRange"
          ]
        }
      },
      "required": [
        "ruleType"
      ],
      "description": "Number of rejected cloud to device messages (AMQP protocol) is not in allowed range."
    },
    "AmqpD2CMessagesNotInAllowedRange": {
      "type": "object",
      "properties": {
        "ruleType": {
          "type": "string",
          "enum": [
            "AmqpD2CMessagesNotInAllowedRange"
          ]
        }
      },
      "required": [
        "ruleType"
      ],
      "description": "Number of device to cloud messages (AMQP protocol) is not in allowed range."
    },
    "ConnectionFromIpNotAllowed": {
      "type": "object",
      "properties": {
        "ruleType": {
          "type": "string",
          "enum": [
            "ConnectionFromIpNotAllowed"
          ]
        }
      },
      "required": [
        "ruleType"
      ],
      "description": "Inbound connection from an ip that isn't allowed. Allow list consists of ipv4 or ipv6 range in CIDR notation."
    },
    "ConnectionToIpNotAllowed": {
      "type": "object",
      "properties": {
        "ruleType": {
          "type": "string",
          "enum": [
            "ConnectionToIpNotAllowed"
          ]
        }
      },
      "required": [
        "ruleType"
      ],
      "description": "Outbound connection to an ip that isn't allowed. Allow list consists of ipv4 or ipv6 range in CIDR notation."
    },
    "DenylistCustomAlertRule": {
      "type": "object",
      "properties": {
        "denylistValues": {
          "oneOf": [
            {
              "type": "array",
              "items": {
                "type": "string"
              }
            },
            {
              "$ref": "https://schema.management.azure.com/schemas/common/definitions.json#/definitions/expression"
            }
          ],
          "description": "The values to deny. The format of the values depends on the rule type."
        },
        "isEnabled": {
          "oneOf": [
            {
              "type": "boolean"
            },
            {
              "$ref": "https://schema.management.azure.com/schemas/common/definitions.json#/definitions/expression"
            }
          ],
          "description": "Status of the custom alert."
        }
      },
      "required": [
        "denylistValues",
        "isEnabled"
      ],
      "description": "A custom alert rule that checks if a value (depends on the custom alert type) is denied."
    },
    "DeviceSecurityGroupProperties": {
      "type": "object",
      "properties": {
        "allowlistRules": {
          "oneOf": [
            {
              "type": "array",
              "items": {
                "$ref": "#/definitions/AllowlistCustomAlertRule"
              }
            },
            {
              "$ref": "https://schema.management.azure.com/schemas/common/definitions.json#/definitions/expression"
            }
          ],
          "description": "The allow-list custom alert rules."
        },
        "denylistRules": {
          "oneOf": [
            {
              "type": "array",
              "items": {
                "$ref": "#/definitions/DenylistCustomAlertRule"
              }
            },
            {
              "$ref": "https://schema.management.azure.com/schemas/common/definitions.json#/definitions/expression"
            }
          ],
          "description": "The deny-list custom alert rules."
        },
        "thresholdRules": {
          "oneOf": [
            {
              "type": "array",
              "items": {
                "$ref": "#/definitions/ThresholdCustomAlertRule"
              }
            },
            {
              "$ref": "https://schema.management.azure.com/schemas/common/definitions.json#/definitions/expression"
            }
          ],
          "description": "The list of custom alert threshold rules."
        },
        "timeWindowRules": {
          "oneOf": [
            {
              "type": "array",
              "items": {
                "$ref": "#/definitions/TimeWindowCustomAlertRule"
              }
            },
            {
              "$ref": "https://schema.management.azure.com/schemas/common/definitions.json#/definitions/expression"
            }
          ],
          "description": "The list of custom alert time-window rules."
        }
      },
      "description": "describes properties of a security group."
    },
    "DirectMethodInvokesNotInAllowedRange": {
      "type": "object",
      "properties": {
        "ruleType": {
          "type": "string",
          "enum": [
            "DirectMethodInvokesNotInAllowedRange"
          ]
        }
      },
      "required": [
        "ruleType"
      ],
      "description": "Number of direct method invokes is not in allowed range."
    },
    "FailedLocalLoginsNotInAllowedRange": {
      "type": "object",
      "properties": {
        "ruleType": {
          "type": "string",
          "enum": [
            "FailedLocalLoginsNotInAllowedRange"
          ]
        }
      },
      "required": [
        "ruleType"
      ],
      "description": "Number of failed local logins is not in allowed range."
    },
    "FileUploadsNotInAllowedRange": {
      "type": "object",
      "properties": {
        "ruleType": {
          "type": "string",
          "enum": [
            "FileUploadsNotInAllowedRange"
          ]
        }
      },
      "required": [
        "ruleType"
      ],
      "description": "Number of file uploads is not in allowed range."
    },
    "HttpC2DMessagesNotInAllowedRange": {
      "type": "object",
      "properties": {
        "ruleType": {
          "type": "string",
          "enum": [
            "HttpC2DMessagesNotInAllowedRange"
          ]
        }
      },
      "required": [
        "ruleType"
      ],
      "description": "Number of cloud to device messages (HTTP protocol) is not in allowed range."
    },
    "HttpC2DRejectedMessagesNotInAllowedRange": {
      "type": "object",
      "properties": {
        "ruleType": {
          "type": "string",
          "enum": [
            "HttpC2DRejectedMessagesNotInAllowedRange"
          ]
        }
      },
      "required": [
        "ruleType"
      ],
      "description": "Number of rejected cloud to device messages (HTTP protocol) is not in allowed range."
    },
    "HttpD2CMessagesNotInAllowedRange": {
      "type": "object",
      "properties": {
        "ruleType": {
          "type": "string",
          "enum": [
            "HttpD2CMessagesNotInAllowedRange"
          ]
        }
      },
      "required": [
        "ruleType"
      ],
      "description": "Number of device to cloud messages (HTTP protocol) is not in allowed range."
    },
    "IoTSecuritySolutionProperties": {
      "type": "object",
      "properties": {
        "additionalWorkspaces": {
          "oneOf": [
            {
              "type": "array",
              "items": {
                "$ref": "#/definitions/AdditionalWorkspacesProperties"
              }
            },
            {
              "$ref": "https://schema.management.azure.com/schemas/common/definitions.json#/definitions/expression"
            }
          ],
          "description": "List of additional workspaces"
        },
        "disabledDataSources": {
          "oneOf": [
            {
              "type": "array",
              "items": {
                "type": "string",
                "enum": [
                  "TwinData"
                ]
              }
            },
            {
              "$ref": "https://schema.management.azure.com/schemas/common/definitions.json#/definitions/expression"
            }
          ],
          "description": "Disabled data sources. Disabling these data sources compromises the system."
        },
        "displayName": {
          "type": "string",
          "description": "Resource display name."
        },
        "export": {
          "oneOf": [
            {
              "type": "array",
              "items": {
                "type": "string",
                "enum": [
                  "RawEvents"
                ]
              }
            },
            {
              "$ref": "https://schema.management.azure.com/schemas/common/definitions.json#/definitions/expression"
            }
          ],
          "description": "List of additional options for exporting to workspace data."
        },
        "iotHubs": {
          "oneOf": [
            {
              "type": "array",
              "items": {
                "type": "string"
              }
            },
            {
              "$ref": "https://schema.management.azure.com/schemas/common/definitions.json#/definitions/expression"
            }
          ],
          "description": "IoT Hub resource IDs"
        },
        "recommendationsConfiguration": {
          "oneOf": [
            {
              "type": "array",
              "items": {
                "$ref": "#/definitions/RecommendationConfigurationProperties"
              }
            },
            {
              "$ref": "https://schema.management.azure.com/schemas/common/definitions.json#/definitions/expression"
            }
          ],
          "description": "List of the configuration status for each recommendation type."
        },
        "status": {
          "oneOf": [
            {
              "type": "string",
              "enum": [
                "Enabled",
                "Disabled"
              ]
            },
            {
              "$ref": "https://schema.management.azure.com/schemas/common/definitions.json#/definitions/expression"
            }
          ],
          "description": "Status of the IoT Security solution."
        },
        "unmaskedIpLoggingStatus": {
          "oneOf": [
            {
              "type": "string",
              "enum": [
                "Disabled",
                "Enabled"
              ]
            },
            {
              "$ref": "https://schema.management.azure.com/schemas/common/definitions.json#/definitions/expression"
            }
          ],
          "description": "Unmasked IP address logging status."
        },
        "userDefinedResources": {
          "oneOf": [
            {
              "$ref": "#/definitions/UserDefinedResourcesProperties"
            },
            {
              "$ref": "https://schema.management.azure.com/schemas/common/definitions.json#/definitions/expression"
            }
          ],
          "description": "Properties of the IoT Security solution's user defined resources."
        },
        "workspace": {
          "type": "string",
          "description": "Workspace resource ID"
        }
      },
      "required": [
        "displayName",
        "iotHubs"
      ],
      "description": "Security Solution setting data"
    },
    "LocalUserNotAllowed": {
      "type": "object",
      "properties": {
        "ruleType": {
          "type": "string",
          "enum": [
            "LocalUserNotAllowed"
          ]
        }
      },
      "required": [
        "ruleType"
      ],
      "description": "Login by a local user that isn't allowed. Allow list consists of login names to allow."
    },
    "MqttC2DMessagesNotInAllowedRange": {
      "type": "object",
      "properties": {
        "ruleType": {
          "type": "string",
          "enum": [
            "MqttC2DMessagesNotInAllowedRange"
          ]
        }
      },
      "required": [
        "ruleType"
      ],
      "description": "Number of cloud to device messages (MQTT protocol) is not in allowed range."
    },
    "MqttC2DRejectedMessagesNotInAllowedRange": {
      "type": "object",
      "properties": {
        "ruleType": {
          "type": "string",
          "enum": [
            "MqttC2DRejectedMessagesNotInAllowedRange"
          ]
        }
      },
      "required": [
        "ruleType"
      ],
      "description": "Number of rejected cloud to device messages (MQTT protocol) is not in allowed range."
    },
    "MqttD2CMessagesNotInAllowedRange": {
      "type": "object",
      "properties": {
        "ruleType": {
          "type": "string",
          "enum": [
            "MqttD2CMessagesNotInAllowedRange"
          ]
        }
      },
      "required": [
        "ruleType"
      ],
      "description": "Number of device to cloud messages (MQTT protocol) is not in allowed range."
    },
    "ProcessNotAllowed": {
      "type": "object",
      "properties": {
        "ruleType": {
          "type": "string",
          "enum": [
            "ProcessNotAllowed"
          ]
        }
      },
      "required": [
        "ruleType"
      ],
      "description": "Execution of a process that isn't allowed. Allow list consists of process names to allow."
    },
    "QueuePurgesNotInAllowedRange": {
      "type": "object",
      "properties": {
        "ruleType": {
          "type": "string",
          "enum": [
            "QueuePurgesNotInAllowedRange"
          ]
        }
      },
      "required": [
        "ruleType"
      ],
      "description": "Number of device queue purges is not in allowed range."
    },
    "RecommendationConfigurationProperties": {
      "type": "object",
      "properties": {
        "recommendationType": {
          "oneOf": [
            {
              "type": "string",
              "enum": [
                "IoT_ACRAuthentication",
                "IoT_AgentSendsUnutilizedMessages",
                "IoT_Baseline",
                "IoT_EdgeHubMemOptimize",
                "IoT_EdgeLoggingOptions",
                "IoT_InconsistentModuleSettings",
                "IoT_InstallAgent",
                "IoT_IPFilter_DenyAll",
                "IoT_IPFilter_PermissiveRule",
                "IoT_OpenPorts",
                "IoT_PermissiveFirewallPolicy",
                "IoT_PermissiveInputFirewallRules",
                "IoT_PermissiveOutputFirewallRules",
                "IoT_PrivilegedDockerOptions",
                "IoT_SharedCredentials",
                "IoT_VulnerableTLSCipherSuite"
              ]
            },
            {
              "$ref": "https://schema.management.azure.com/schemas/common/definitions.json#/definitions/expression"
            }
          ],
          "description": "The type of IoT Security recommendation."
        },
        "status": {
          "oneOf": [
            {
              "type": "string",
              "enum": [
                "Disabled",
                "Enabled"
              ]
            },
            {
              "$ref": "https://schema.management.azure.com/schemas/common/definitions.json#/definitions/expression"
            }
          ],
          "description": "Recommendation status. When the recommendation status is disabled recommendations are not generated."
        }
      },
      "required": [
        "recommendationType",
        "status"
      ],
      "description": "The type of IoT Security recommendation."
    },
    "ThresholdCustomAlertRule": {
      "type": "object",
      "oneOf": [
        {
          "$ref": "#/definitions/TimeWindowCustomAlertRule"
        }
      ],
      "properties": {
        "isEnabled": {
          "oneOf": [
            {
              "type": "boolean"
            },
            {
              "$ref": "https://schema.management.azure.com/schemas/common/definitions.json#/definitions/expression"
            }
          ],
          "description": "Status of the custom alert."
        },
        "maxThreshold": {
          "oneOf": [
            {
              "type": "integer"
            },
            {
              "$ref": "https://schema.management.azure.com/schemas/common/definitions.json#/definitions/expression"
            }
          ],
          "description": "The maximum threshold."
        },
        "minThreshold": {
          "oneOf": [
            {
              "type": "integer"
            },
            {
              "$ref": "https://schema.management.azure.com/schemas/common/definitions.json#/definitions/expression"
            }
          ],
          "description": "The minimum threshold."
        }
      },
      "required": [
        "isEnabled",
        "maxThreshold",
        "minThreshold"
      ],
      "description": "A custom alert rule that checks if a value (depends on the custom alert type) is within the given range."
    },
    "TimeWindowCustomAlertRule": {
      "type": "object",
      "oneOf": [
        {
          "$ref": "#/definitions/ActiveConnectionsNotInAllowedRange"
        },
        {
          "$ref": "#/definitions/AmqpC2DMessagesNotInAllowedRange"
        },
        {
          "$ref": "#/definitions/MqttC2DMessagesNotInAllowedRange"
        },
        {
          "$ref": "#/definitions/HttpC2DMessagesNotInAllowedRange"
        },
        {
          "$ref": "#/definitions/AmqpC2DRejectedMessagesNotInAllowedRange"
        },
        {
          "$ref": "#/definitions/MqttC2DRejectedMessagesNotInAllowedRange"
        },
        {
          "$ref": "#/definitions/HttpC2DRejectedMessagesNotInAllowedRange"
        },
        {
          "$ref": "#/definitions/AmqpD2CMessagesNotInAllowedRange"
        },
        {
          "$ref": "#/definitions/MqttD2CMessagesNotInAllowedRange"
        },
        {
          "$ref": "#/definitions/HttpD2CMessagesNotInAllowedRange"
        },
        {
          "$ref": "#/definitions/DirectMethodInvokesNotInAllowedRange"
        },
        {
          "$ref": "#/definitions/FailedLocalLoginsNotInAllowedRange"
        },
        {
          "$ref": "#/definitions/FileUploadsNotInAllowedRange"
        },
        {
          "$ref": "#/definitions/QueuePurgesNotInAllowedRange"
        },
        {
          "$ref": "#/definitions/TwinUpdatesNotInAllowedRange"
        },
        {
          "$ref": "#/definitions/UnauthorizedOperationsNotInAllowedRange"
        }
      ],
      "properties": {
        "ruleType": {
          "type": "string",
          "enum": [
            "TimeWindowCustomAlertRule"
          ]
        },
        "timeWindowSize": {
          "type": "string",
          "format": "duration",
          "description": "The time window size in iso8601 format."
        }
      },
      "required": [
        "ruleType",
        "timeWindowSize"
      ],
      "description": "A custom alert rule that checks if the number of activities (depends on the custom alert type) in a time window is within the given range."
    },
    "TwinUpdatesNotInAllowedRange": {
      "type": "object",
      "properties": {
        "ruleType": {
          "type": "string",
          "enum": [
            "TwinUpdatesNotInAllowedRange"
          ]
        }
      },
      "required": [
        "ruleType"
      ],
      "description": "Number of twin updates is not in allowed range."
    },
    "UnauthorizedOperationsNotInAllowedRange": {
      "type": "object",
      "properties": {
        "ruleType": {
          "type": "string",
          "enum": [
            "UnauthorizedOperationsNotInAllowedRange"
          ]
        }
      },
      "required": [
        "ruleType"
      ],
      "description": "Number of unauthorized operations is not in allowed range."
    },
    "UserDefinedResourcesProperties": {
      "type": "object",
      "properties": {
        "query": {
          "type": "string",
          "description": "Azure Resource Graph query which represents the security solution's user defined resources. Required to start with \"where type != \"Microsoft.Devices/IotHubs\"\""
        },
        "querySubscriptions": {
          "oneOf": [
            {
              "type": "array",
              "items": {
                "type": "string"
              }
            },
            {
              "$ref": "https://schema.management.azure.com/schemas/common/definitions.json#/definitions/expression"
            }
          ],
          "description": "List of Azure subscription ids on which the user defined resources query should be executed."
        }
      },
      "required": [
        "query",
        "querySubscriptions"
      ],
      "description": "Properties of the IoT Security solution's user defined resources."
    }
  }
}