{
  "id": "https://schema.management.azure.com/schemas/2019-02-28-preview/Microsoft.MixedReality.json#",
  "$schema": "http://json-schema.org/draft-04/schema#",
  "title": "Microsoft.MixedReality",
  "description": "Microsoft MixedReality Resource Types",
  "resourceDefinitions": {
    "spatialAnchorsAccounts": {
      "type": "object",
      "properties": {
        "apiVersion": {
          "type": "string",
          "enum": [
            "2019-02-28-preview"
          ]
        },
        "identity": {
          "oneOf": [
            {
              "$ref": "#/definitions/Identity"
            },
            {
              "$ref": "https://schema.management.azure.com/schemas/common/definitions.json#/definitions/expression"
            }
          ],
          "description": "Identity for the resource."
        },
        "location": {
          "type": "string",
          "description": "The geo-location where the resource lives"
        },
        "name": {
          "oneOf": [
            {
              "type": "string",
              "pattern": "^[-\\w\\._\\(\\)]+$",
              "minLength": 1,
              "maxLength": 90
            },
            {
              "$ref": "https://schema.management.azure.com/schemas/common/definitions.json#/definitions/expression"
            }
          ],
          "description": "Name of an Mixed Reality Spatial Anchors Account."
        },
        "properties": {
          "oneOf": [
            {
              "$ref": "#/definitions/SpatialAnchorsAccountProperties"
            },
            {
              "$ref": "https://schema.management.azure.com/schemas/common/definitions.json#/definitions/expression"
            }
          ],
          "description": "Spatial Anchors Account Customize Properties"
        },
        "tags": {
          "oneOf": [
            {
              "type": "object",
              "additionalProperties": {
                "type": "string"
              },
              "properties": {}
            },
            {
              "$ref": "https://schema.management.azure.com/schemas/common/definitions.json#/definitions/expression"
            }
          ],
          "description": "Resource tags."
        },
        "type": {
          "type": "string",
          "enum": [
            "Microsoft.MixedReality/spatialAnchorsAccounts"
          ]
        }
      },
      "required": [
        "apiVersion",
        "location",
        "name",
        "properties",
        "type"
      ],
      "description": "Microsoft.MixedReality/spatialAnchorsAccounts"
    }
  },
  "definitions": {
    "Identity": {
      "type": "object",
      "properties": {
        "type": {
          "oneOf": [
            {
              "type": "string",
              "enum": [
                "SystemAssigned"
              ]
            },
            {
              "$ref": "https://schema.management.azure.com/schemas/common/definitions.json#/definitions/expression"
            }
          ],
          "description": "The identity type."
        }
      },
      "description": "Identity for the resource."
    },
    "SpatialAnchorsAccountProperties": {
      "type": "object",
      "properties": {},
      "description": "Spatial Anchors Account Customize Properties"
    }
  }
}