{
  "id": "https://schema.management.azure.com/schemas/2017-11-11-preview/Microsoft.Blueprint.json#",
  "$schema": "http://json-schema.org/draft-04/schema#",
  "title": "Microsoft.Blueprint",
  "description": "Microsoft Blueprint Resource Types",
  "resourceDefinitions": {},
  "subscription_resourceDefinitions": {
    "blueprintAssignments": {
      "type": "object",
      "properties": {
        "apiVersion": {
          "type": "string",
          "enum": [
            "2017-11-11-preview"
          ]
        },
        "identity": {
          "oneOf": [
            {
              "$ref": "#/definitions/ManagedServiceIdentity"
            },
            {
              "$ref": "https://schema.management.azure.com/schemas/common/definitions.json#/definitions/expression"
            }
          ],
          "description": "Managed Service Identity"
        },
        "location": {
          "type": "string",
          "description": "The location of this Blueprint assignment."
        },
        "name": {
          "type": "string",
          "description": "name of the assignment."
        },
        "properties": {
          "oneOf": [
            {
              "$ref": "#/definitions/AssignmentProperties"
            },
            {
              "$ref": "https://schema.management.azure.com/schemas/common/definitions.json#/definitions/expression"
            }
          ],
          "description": "Detailed properties for Assignment."
        },
        "type": {
          "type": "string",
          "enum": [
            "Microsoft.Blueprint/blueprintAssignments"
          ]
        }
      },
      "required": [
        "apiVersion",
        "identity",
        "location",
        "name",
        "properties",
        "type"
      ],
      "description": "Microsoft.Blueprint/blueprintAssignments"
    }
  },
  "managementGroup_resourceDefinitions": {
    "blueprints": {
      "type": "object",
      "properties": {
        "apiVersion": {
          "type": "string",
          "enum": [
            "2017-11-11-preview"
          ]
        },
        "name": {
          "type": "string",
          "description": "name of the blueprint."
        },
        "properties": {
          "oneOf": [
            {
              "$ref": "#/definitions/BlueprintProperties"
            },
            {
              "$ref": "https://schema.management.azure.com/schemas/common/definitions.json#/definitions/expression"
            }
          ],
          "description": "Schema for Blueprint properties."
        },
        "resources": {
          "type": "array",
          "items": {
            "oneOf": [
              {
                "$ref": "#/definitions/blueprints_artifacts_childResource"
              },
              {
                "$ref": "#/definitions/blueprints_versions_childResource"
              }
            ]
          }
        },
        "type": {
          "type": "string",
          "enum": [
            "Microsoft.Blueprint/blueprints"
          ]
        }
      },
      "required": [
        "apiVersion",
        "name",
        "properties",
        "type"
      ],
      "description": "Microsoft.Blueprint/blueprints"
    },
    "blueprints_artifacts": {
      "type": "object",
      "oneOf": [
        {
          "$ref": "#/definitions/TemplateArtifact"
        },
        {
          "$ref": "#/definitions/RoleAssignmentArtifact"
        },
        {
          "$ref": "#/definitions/PolicyAssignmentArtifact"
        }
      ],
      "properties": {
        "apiVersion": {
          "type": "string",
          "enum": [
            "2017-11-11-preview"
          ]
        },
        "name": {
          "type": "string",
          "description": "name of the artifact."
        },
        "type": {
          "type": "string",
          "enum": [
            "Microsoft.Blueprint/blueprints/artifacts"
          ]
        }
      },
      "required": [
        "apiVersion",
        "name",
        "type"
      ],
      "description": "Microsoft.Blueprint/blueprints/artifacts"
    },
    "blueprints_versions": {
      "type": "object",
      "properties": {
        "apiVersion": {
          "type": "string",
          "enum": [
            "2017-11-11-preview"
          ]
        },
        "name": {
          "type": "string",
          "description": "version of the published blueprint."
        },
        "type": {
          "type": "string",
          "enum": [
            "Microsoft.Blueprint/blueprints/versions"
          ]
        }
      },
      "required": [
        "apiVersion",
        "name",
        "type"
      ],
      "description": "Microsoft.Blueprint/blueprints/versions"
    }
  },
  "definitions": {
    "AssignmentLockSettings": {
      "type": "object",
      "properties": {
        "mode": {
          "oneOf": [
            {
              "type": "string",
              "enum": [
                "None",
                "AllResources"
              ]
            },
            {
              "$ref": "https://schema.management.azure.com/schemas/common/definitions.json#/definitions/expression"
            }
          ],
          "description": "Lock mode."
        }
      },
      "description": "Defines how Blueprint-managed resources will be locked."
    },
    "AssignmentProperties": {
      "type": "object",
      "properties": {
        "blueprintId": {
          "type": "string",
          "description": "ID of the Blueprint definition resource."
        },
        "description": {
          "type": "string",
          "maxLength": 500,
          "description": "Multi-line explain this resource."
        },
        "displayName": {
          "type": "string",
          "maxLength": 256,
          "description": "One-liner string explain this resource."
        },
        "locks": {
          "oneOf": [
            {
              "$ref": "#/definitions/AssignmentLockSettings"
            },
            {
              "$ref": "https://schema.management.azure.com/schemas/common/definitions.json#/definitions/expression"
            }
          ],
          "description": "Defines how Blueprint-managed resources will be locked."
        },
        "parameters": {
          "oneOf": [
            {
              "type": "object",
              "additionalProperties": {
                "$ref": "#/definitions/ParameterValueBase"
              },
              "properties": {}
            },
            {
              "$ref": "https://schema.management.azure.com/schemas/common/definitions.json#/definitions/expression"
            }
          ],
          "description": "A dictionary for parameters and their corresponding values."
        },
        "resourceGroups": {
          "oneOf": [
            {
              "type": "object",
              "additionalProperties": {
                "$ref": "#/definitions/ResourceGroupValue"
              },
              "properties": {}
            },
            {
              "$ref": "https://schema.management.azure.com/schemas/common/definitions.json#/definitions/expression"
            }
          ],
          "description": "A dictionary which maps resource group placeholders to the resource groups which will be created."
        }
      },
      "required": [
        "parameters",
        "resourceGroups"
      ],
      "description": "Detailed properties for Assignment."
    },
    "BlueprintProperties": {
      "type": "object",
      "properties": {
        "description": {
          "type": "string",
          "maxLength": 500,
          "description": "Multi-line explain this resource."
        },
        "displayName": {
          "type": "string",
          "maxLength": 256,
          "description": "One-liner string explain this resource."
        },
        "layout": {
          "type": "object",
          "properties": {},
          "description": "Layout view of the blueprint, for UI reference."
        },
        "parameters": {
          "oneOf": [
            {
              "type": "object",
              "additionalProperties": {
                "$ref": "#/definitions/ParameterDefinition"
              },
              "properties": {}
            },
            {
              "$ref": "https://schema.management.azure.com/schemas/common/definitions.json#/definitions/expression"
            }
          ],
          "description": "A dictionary hold parameter name and it's metadata."
        },
        "resourceGroups": {
          "oneOf": [
            {
              "type": "object",
              "additionalProperties": {
                "$ref": "#/definitions/ResourceGroupDefinition"
              },
              "properties": {}
            },
            {
              "$ref": "https://schema.management.azure.com/schemas/common/definitions.json#/definitions/expression"
            }
          ],
          "description": "A dictionary which maps resource group placeholders to the resource groups which will be created."
        },
        "targetScope": {
          "oneOf": [
            {
              "type": "string",
              "enum": [
                "subscription",
                "managementGroup"
              ]
            },
            {
              "$ref": "https://schema.management.azure.com/schemas/common/definitions.json#/definitions/expression"
            }
          ],
          "description": "The scope where this Blueprint can be applied."
        },
        "versions": {
          "type": "object",
          "properties": {},
          "description": "Published versions of this blueprint."
        }
      },
      "description": "Schema for Blueprint properties."
    },
    "blueprints_artifacts_childResource": {
      "type": "object",
      "oneOf": [
        {
          "$ref": "#/definitions/TemplateArtifact"
        },
        {
          "$ref": "#/definitions/RoleAssignmentArtifact"
        },
        {
          "$ref": "#/definitions/PolicyAssignmentArtifact"
        }
      ],
      "properties": {
        "apiVersion": {
          "type": "string",
          "enum": [
            "2017-11-11-preview"
          ]
        },
        "name": {
          "type": "string",
          "description": "name of the artifact."
        },
        "type": {
          "type": "string",
          "enum": [
            "artifacts"
          ]
        }
      },
      "required": [
        "apiVersion",
        "name",
        "type"
      ],
      "description": "Microsoft.Blueprint/blueprints/artifacts"
    },
    "blueprints_versions_childResource": {
      "type": "object",
      "properties": {
        "apiVersion": {
          "type": "string",
          "enum": [
            "2017-11-11-preview"
          ]
        },
        "name": {
          "type": "string",
          "description": "version of the published blueprint."
        },
        "type": {
          "type": "string",
          "enum": [
            "versions"
          ]
        }
      },
      "required": [
        "apiVersion",
        "name",
        "type"
      ],
      "description": "Microsoft.Blueprint/blueprints/versions"
    },
    "ManagedServiceIdentity": {
      "type": "object",
      "properties": {
        "principalId": {
          "type": "string",
          "description": "Azure Active Directory principal ID associated with this Identity."
        },
        "tenantId": {
          "type": "string",
          "description": "ID of the Azure Active Directory."
        },
        "type": {
          "oneOf": [
            {
              "type": "string",
              "enum": [
                "None",
                "SystemAssigned",
                "UserAssigned"
              ]
            },
            {
              "$ref": "https://schema.management.azure.com/schemas/common/definitions.json#/definitions/expression"
            }
          ],
          "description": "Type of the Managed Service Identity."
        }
      },
      "required": [
        "type"
      ],
      "description": "Managed Service Identity"
    },
    "ParameterDefinition": {
      "type": "object",
      "properties": {
        "allowedValues": {
          "oneOf": [
            {
              "type": "array",
              "items": {
                "type": "object",
                "properties": {}
              }
            },
            {
              "$ref": "https://schema.management.azure.com/schemas/common/definitions.json#/definitions/expression"
            }
          ],
          "description": "Array of allowed values for this parameter."
        },
        "defaultValue": {
          "type": "object",
          "properties": {},
          "description": "Default Value for this parameter."
        },
        "metadata": {
          "oneOf": [
            {
              "$ref": "#/definitions/ParameterDefinitionMetadata"
            },
            {
              "$ref": "https://schema.management.azure.com/schemas/common/definitions.json#/definitions/expression"
            }
          ],
          "description": "User-friendly properties for this parameter."
        },
        "type": {
          "oneOf": [
            {
              "type": "string",
              "enum": [
                "string",
                "array",
                "bool",
                "int",
                "object",
                "secureObject",
                "secureString"
              ]
            },
            {
              "$ref": "https://schema.management.azure.com/schemas/common/definitions.json#/definitions/expression"
            }
          ],
          "description": "Allowed data types for Azure Resource Manager template parameters."
        }
      },
      "required": [
        "type"
      ],
      "description": "Represent a parameter with constrains and metadata."
    },
    "ParameterDefinitionMetadata": {
      "type": "object",
      "properties": {
        "description": {
          "type": "string",
          "maxLength": 500,
          "description": "Description of this parameter/resourceGroup."
        },
        "displayName": {
          "type": "string",
          "maxLength": 256,
          "description": "DisplayName of this parameter/resourceGroup."
        },
        "strongType": {
          "type": "string",
          "maxLength": 64,
          "description": "StrongType for UI to render rich experience during assignment time."
        }
      },
      "description": "User-friendly properties for this parameter."
    },
    "ParameterValueBase": {
      "type": "object",
      "properties": {
        "description": {
          "type": "string",
          "description": "Optional property, just to establish ParameterValueBase as a BaseClass."
        }
      },
      "description": "Base class for ParameterValue."
    },
    "PolicyAssignmentArtifact": {
      "type": "object",
      "properties": {
        "kind": {
          "type": "string",
          "enum": [
            "policyAssignment"
          ]
        },
        "properties": {
          "oneOf": [
            {
              "$ref": "#/definitions/PolicyAssignmentArtifactProperties"
            },
            {
              "$ref": "https://schema.management.azure.com/schemas/common/definitions.json#/definitions/expression"
            }
          ],
          "description": "PolicyAssignment properties"
        }
      },
      "required": [
        "kind",
        "properties"
      ],
      "description": "Blueprint artifact applies Policy assignments."
    },
    "PolicyAssignmentArtifactProperties": {
      "type": "object",
      "properties": {
        "dependsOn": {
          "oneOf": [
            {
              "type": "array",
              "items": {
                "type": "string"
              }
            },
            {
              "$ref": "https://schema.management.azure.com/schemas/common/definitions.json#/definitions/expression"
            }
          ],
          "description": "Artifacts which need to be deployed before the specified artifact."
        },
        "description": {
          "type": "string",
          "maxLength": 500,
          "description": "Multi-line explain this resource."
        },
        "displayName": {
          "type": "string",
          "maxLength": 256,
          "description": "One-liner string explain this resource."
        },
        "parameters": {
          "oneOf": [
            {
              "type": "object",
              "additionalProperties": {
                "$ref": "#/definitions/ParameterValueBase"
              },
              "properties": {}
            },
            {
              "$ref": "https://schema.management.azure.com/schemas/common/definitions.json#/definitions/expression"
            }
          ],
          "description": "A dictionary for parameters and their corresponding values."
        },
        "policyDefinitionId": {
          "type": "string",
          "description": "Azure resource ID of the policy definition."
        },
        "resourceGroup": {
          "type": "string",
          "description": "Name of the resource group placeholder to which the policy will be assigned."
        }
      },
      "required": [
        "parameters",
        "policyDefinitionId"
      ],
      "description": "PolicyAssignment properties"
    },
    "ResourceGroupDefinition": {
      "type": "object",
      "properties": {
        "dependsOn": {
          "oneOf": [
            {
              "type": "array",
              "items": {
                "type": "string"
              }
            },
            {
              "$ref": "https://schema.management.azure.com/schemas/common/definitions.json#/definitions/expression"
            }
          ],
          "description": "Artifacts which need to be deployed before this resource group."
        },
        "location": {
          "type": "string",
          "maxLength": 90,
          "description": "Location of this resourceGroup, leave empty if the resource group location will be specified during the Blueprint assignment."
        },
        "metadata": {
          "oneOf": [
            {
              "$ref": "#/definitions/ParameterDefinitionMetadata"
            },
            {
              "$ref": "https://schema.management.azure.com/schemas/common/definitions.json#/definitions/expression"
            }
          ],
          "description": "User-friendly properties for this parameter."
        },
        "name": {
          "type": "string",
          "minLength": 1,
          "maxLength": 90,
          "description": "Name of this resourceGroup, leave empty if the resource group name will be specified during the Blueprint assignment."
        }
      },
      "description": "Represents an Azure resource group in a Blueprint definition."
    },
    "ResourceGroupValue": {
      "type": "object",
      "properties": {
        "location": {
          "type": "string",
          "description": "Location of the resource group"
        },
        "name": {
          "type": "string",
          "minLength": 1,
          "maxLength": 90,
          "description": "Name of the resource group"
        }
      },
      "description": "Represents an Azure resource group."
    },
    "RoleAssignmentArtifact": {
      "type": "object",
      "properties": {
        "kind": {
          "type": "string",
          "enum": [
            "roleAssignment"
          ]
        },
        "properties": {
          "oneOf": [
            {
              "$ref": "#/definitions/RoleAssignmentArtifactProperties"
            },
            {
              "$ref": "https://schema.management.azure.com/schemas/common/definitions.json#/definitions/expression"
            }
          ],
          "description": "Properties of the Role assignment artifact."
        }
      },
      "required": [
        "kind",
        "properties"
      ],
      "description": "Blueprint artifact applies Azure role assignment."
    },
    "RoleAssignmentArtifactProperties": {
      "type": "object",
      "properties": {
        "dependsOn": {
          "oneOf": [
            {
              "type": "array",
              "items": {
                "type": "string"
              }
            },
            {
              "$ref": "https://schema.management.azure.com/schemas/common/definitions.json#/definitions/expression"
            }
          ],
          "description": "Artifacts which need to be deployed before the specified artifact."
        },
        "description": {
          "type": "string",
          "maxLength": 500,
          "description": "Multi-line explain this resource."
        },
        "displayName": {
          "type": "string",
          "maxLength": 256,
          "description": "One-liner string explain this resource."
        },
        "principalIds": {
          "type": "object",
          "properties": {},
          "description": "Array of user or group identities in Azure Active Directory. The roleDefinition will apply to these identity."
        },
        "resourceGroup": {
          "type": "string",
          "description": "RoleAssignment will be scope to this resourceGroup, if left empty, it would scope to the subscription."
        },
        "roleDefinitionId": {
          "type": "string",
          "description": "Azure resource ID of the RoleDefinition."
        }
      },
      "required": [
        "principalIds",
        "roleDefinitionId"
      ],
      "description": "Properties of the Role assignment artifact."
    },
    "TemplateArtifact": {
      "type": "object",
      "properties": {
        "kind": {
          "type": "string",
          "enum": [
            "template"
          ]
        },
        "properties": {
          "oneOf": [
            {
              "$ref": "#/definitions/TemplateArtifactProperties"
            },
            {
              "$ref": "https://schema.management.azure.com/schemas/common/definitions.json#/definitions/expression"
            }
          ],
          "description": "Properties of a Template Artifact."
        }
      },
      "required": [
        "kind",
        "properties"
      ],
      "description": "Blueprint artifact deploys Azure resource manager template."
    },
    "TemplateArtifactProperties": {
      "type": "object",
      "properties": {
        "dependsOn": {
          "oneOf": [
            {
              "type": "array",
              "items": {
                "type": "string"
              }
            },
            {
              "$ref": "https://schema.management.azure.com/schemas/common/definitions.json#/definitions/expression"
            }
          ],
          "description": "Artifacts which need to be deployed before the specified artifact."
        },
        "description": {
          "type": "string",
          "maxLength": 500,
          "description": "Multi-line explain this resource."
        },
        "displayName": {
          "type": "string",
          "maxLength": 256,
          "description": "One-liner string explain this resource."
        },
        "parameters": {
          "oneOf": [
            {
              "type": "object",
              "additionalProperties": {
                "$ref": "#/definitions/ParameterValueBase"
              },
              "properties": {}
            },
            {
              "$ref": "https://schema.management.azure.com/schemas/common/definitions.json#/definitions/expression"
            }
          ],
          "description": "A dictionary for parameters and their corresponding values."
        },
        "resourceGroup": {
          "type": "string",
          "description": "If applicable, the name of the resource group placeholder to which the template will be deployed."
        },
        "template": {
          "type": "object",
          "properties": {},
          "description": "The Azure Resource Manager template body."
        }
      },
      "required": [
        "parameters",
        "template"
      ],
      "description": "Properties of a Template Artifact."
    }
  }
}