{
  "$schema": "http://json-schema.org/schema#",
  "id": "https://schema.management.azure.com/schemas/0.1.1-preview/CreateUIDefinition.CommonControl.json#",
  "oneOf": [
    {
      "$ref": "#/definitions/Microsoft.Common.TextBox"
    },
    {
      "$ref": "#/definitions/Microsoft.Common.PasswordBox"
    },
    {
      "$ref": "#/definitions/Microsoft.Common.DropDown"
    },
    {
      "$ref": "#/definitions/Microsoft.Common.OptionsGroup"
    },
    {
      "$ref": "#/definitions/Microsoft.Common.FileUpload"
    },
    {
      "$ref": "#/definitions/Microsoft.Common.Section-common"
    },
    {
      "$ref": "#/definitions/Microsoft.Common.Selector-common"
    },
    {
      "$ref": "#/definitions/Microsoft.Compute.UserNameTextBox"
    },
    {
      "$ref": "#/definitions/Microsoft.Compute.CredentialsCombo-windows"
    },
    {
      "$ref": "#/definitions/Microsoft.Compute.CredentialsCombo-linux"
    }
  ],
  "definitions": {
    "Microsoft.Common.TextBox": {
      "type": "object",
      "properties": {
        "name": {
          "type": "string"
        },
        "type": {
          "type": "string",
          "enum": [
            "Microsoft.Common.TextBox"
          ]
        },
        "label": {
          "type": "string"
        },
        "defaultValue": {
          "type": "string"
        },
        "toolTip": {
          "type": "string"
        },
        "constraints": {
          "type": "object",
          "properties": {
            "required": {
              "type": [ "boolean", "string" ]
            },
            "regex": {
              "type": "string"
            },
            "validationMessage": {
              "type": "string"
            }
          },
          "additionalProperties": false
        },
        "visible": {
          "type": [ "boolean", "string" ]
        }
      },
      "additionalProperties": false,
      "required": [
        "name",
        "type",
        "label"
      ]
    },
    "Microsoft.Common.PasswordBox": {
      "type": "object",
      "properties": {
        "name": {
          "type": "string"
        },
        "type": {
          "type": "string",
          "enum": [
            "Microsoft.Common.PasswordBox"
          ]
        },
        "label": {
          "type": "object",
          "properties": {
            "password": {
              "type": "string"
            },
            "confirmPassword": {
              "type": "string"
            }
          },
          "additionalProperties": false,
          "required": [
            "password",
            "confirmPassword"
          ]
        },
        "toolTip": {
          "type": "string"
        },
        "constraints": {
          "type": "object",
          "properties": {
            "required": {
              "type": [ "boolean", "string" ]
            },
            "regex": {
              "type": "string"
            },
            "validationMessage": {
              "type": "string"
            }
          },
          "additionalProperties": false
        },
        "options": {
          "type": "object",
          "properties": {
            "hideConfirmation": {
              "type": [ "boolean", "string" ]
            }
          },
          "additionalProperties": false
        },
        "visible": {
          "type": [ "boolean", "string" ]
        }
      },
      "additionalProperties": false,
      "required": [
        "name",
        "type",
        "label"
      ]
    },
    "Microsoft.Common.DropDown": {
      "type": "object",
      "properties": {
        "name": {
          "type": "string"
        },
        "type": {
          "type": "string",
          "enum": [
            "Microsoft.Common.DropDown"
          ]
        },
        "label": {
          "type": "string"
        },
        "defaultValue": {
          "type": "string"
        },
        "toolTip": {
          "type": "string"
        },
        "constraints": {
          "type": "object",
          "properties": {
            "allowedValues": {
              "type": "array",
              "items": {
                "type": "object",
                "properties": {
                  "label": {
                    "type": "string"
                  },
                  "value": {
                  }
                },
                "additionalProperties": false,
                "required": [
                  "label",
                  "value"
                ]
              },
              "minItems": 1
            }
          },
          "additionalProperties": false,
          "required": [
            "allowedValues"
          ]
        },
        "visible": {
          "type": [ "boolean", "string" ]
        }
      },
      "additionalProperties": false,
      "required": [
        "name",
        "type",
        "label",
        "constraints"
      ]
    },
    "Microsoft.Common.OptionsGroup": {
      "type": "object",
      "properties": {
        "name": {
          "type": "string"
        },
        "type": {
          "type": "string",
          "enum": [
            "Microsoft.Common.OptionsGroup"
          ]
        },
        "label": {
          "type": "string"
        },
        "defaultValue": {
          "type": "string"
        },
        "toolTip": {
          "type": "string"
        },
        "constraints": {
          "type": "object",
          "properties": {
            "allowedValues": {
              "type": "array",
              "items": {
                "type": "object",
                "properties": {
                  "label": {
                    "type": "string"
                  },
                  "value": {
                  }
                },
                "additionalProperties": false,
                "required": [
                  "label",
                  "value"
                ]
              },
              "minItems": 1
            }
          },
          "additionalProperties": false,
          "required": [
            "allowedValues"
          ]
        },
        "visible": {
          "type": [ "boolean", "string" ]
        }
      },
      "additionalProperties": false,
      "required": [
        "name",
        "type",
        "label",
        "constraints"
      ]
    },
    "Microsoft.Common.FileUpload": {
      "type": "object",
      "properties": {
        "name": {
          "type": "string"
        },
        "type": {
          "type": "string",
          "enum": [
            "Microsoft.Common.FileUpload"
          ]
        },
        "label": {
          "type": "string"
        },
        "toolTip": {
          "type": "string"
        },
        "constraints": {
          "type": "object",
          "properties": {
            "required": {
              "type": [ "boolean", "string" ]
            },
            "accept": {
              "type": "string"
            }
          },
          "additionalProperties": false
        },
        "options": {
          "type": "object",
          "properties": {
            "multiple": {
              "type": [ "boolean", "string" ]
            },
            "uploadMode": {
              "type": "string"
            },
            "openMode": {
              "type": "string"
            },
            "encoding": {
              "type": "string"
            }
          },
          "additionalProperties": false
        },
        "visible": {
          "type": [ "boolean", "string" ]
        }
      },
      "additionalProperties": false,
      "required": [
        "name",
        "type",
        "label"
      ]
    },
    "Microsoft.Common.Section-common": {
      "type": "object",
      "properties": {
        "name": {
          "type": "string"
        },
        "type": {
          "type": "string",
          "enum": [
            "Microsoft.Common.Section"
          ]
        },
        "label": {
          "type": "string"
        },
        "elements": {
          "type": "array",
          "items": {
            "allOf": [
              {
                "$ref": "#"
              },
              {
                "not": {
                  "$ref": "#/definitions/Microsoft.Common.Section-common"
                }
              }
            ]
          },
          "minItems": 1
        },
        "visible": {
          "type": [ "boolean", "string" ]
        }
      },
      "additionalProperties": false,
      "required": [
        "name",
        "type",
        "label",
        "elements"
      ]
    },
    "Microsoft.Common.Selector-common": {
      "type": "object",
      "properties": {
        "name": {
          "type": "string"
        },
        "type": {
          "type": "string",
          "enum": [
            "Microsoft.Common.Selector"
          ]
        },
        "label": {
          "type": "string"
        },
        "sublabel": {
          "type": "object",
          "properties": {
            "prevalidation": {
              "type": "string"
            },
            "postvalidation": {
              "type": "string"
            }
          },
          "additionalProperties": false,
          "required": [
            "prevalidation",
            "postvalidation"
          ]
        },
        "toolTip": {
          "type": "string"
        },
        "bladeTitle": {
          "type": "string"
        },
        "bladeSubtitle": {
          "type": "string"
        },
        "elements": {
          "type": "array",
          "items": {
            "$ref": "#"
          },
          "minItems": 1
        },
        "visible": {
          "type": [ "boolean", "string" ]
        }
      },
      "additionalProperties": false,
      "required": [
        "name",
        "type",
        "label",
        "sublabel",
        "bladeTitle",
        "bladeSubtitle",
        "elements"
      ]
    },
    "Microsoft.Compute.UserNameTextBox": {
      "type": "object",
      "properties": {
        "name": {
          "type": "string"
        },
        "type": {
          "type": "string",
          "enum": [
            "Microsoft.Compute.UserNameTextBox"
          ]
        },
        "label": {
          "type": "string"
        },
        "defaultValue": {
          "type": "string"
        },
        "toolTip": {
          "type": "string"
        },
        "constraints": {
          "type": "object",
          "properties": {
            "required": {
              "type": [ "boolean", "string" ]
            },
            "regex": {
              "type": "string"
            },
            "validationMessage": {
              "type": "string"
            }           
          },
          "additionalProperties": false
        },
        "osPlatform": {
          "type": "string"
        },
        "visible": {
          "type": [ "boolean", "string" ]
        }
      },
      "additionalProperties": false,
      "required": [
        "name",
        "type",
        "label",
        "osPlatform"
      ]
    },
    "Microsoft.Compute.CredentialsCombo-windows": {
      "type": "object",
      "properties": {
        "name": {
          "type": "string"
        },
        "type": {
          "type": "string",
          "enum": [
            "Microsoft.Compute.CredentialsCombo"
          ]
        },
        "label": {
          "type": "object",
          "properties": {
            "password": {
              "type": "string"
            },
            "confirmPassword": {
              "type": "string"
            }
          },
          "additionalProperties": false,
          "required": [
            "password",
            "confirmPassword"
          ]
        },
        "toolTip": {
          "type": "object",
          "properties": {
            "password": {
              "type": "string"
            }
          },
          "additionalProperties": false
        },
        "constraints": {
          "type": "object",
          "properties": {
            "required": {
              "type": [ "boolean", "string" ]
            },
            "customPasswordRegex": {
              "type": "string"
            },
            "customValidationMessage": {
              "type": "string"
            }
          },
          "additionalProperties": false
        },
        "options": {
          "type": "object",
          "properties": {
            "hideConfirmation": {
              "type": [ "boolean", "string" ]
            }
          },
          "additionalProperties": false
        },
        "osPlatform": {
          "type": "string",
          "enum": [
            "Windows"
          ]
        },
        "visible": {
          "type": [ "boolean", "string" ]
        }
      },
      "additionalProperties": false,
      "required": [
        "name",
        "type",
        "label",
        "osPlatform"
      ]
    },
    "Microsoft.Compute.CredentialsCombo-linux": {
      "type": "object",
      "properties": {
        "name": {
          "type": "string"
        },
        "type": {
          "type": "string",
          "enum": [
            "Microsoft.Compute.CredentialsCombo"
          ]
        },
        "label": {
          "type": "object",
          "properties": {
            "authenticationType": {
              "type": "string"
            },
            "password": {
              "type": "string"
            },
            "confirmPassword": {
              "type": "string"
            },
            "sshPublicKey": {
              "type": "string"
            }
          },
          "additionalProperties": false,
          "required": [
            "authenticationType",
            "password",
            "confirmPassword",
            "sshPublicKey"
          ]
        },
        "toolTip": {
          "type": "object",
          "properties": {
            "authenticationType": {
              "type": "string"
            },
            "password": {
              "type": "string"
            },
            "sshPublicKey": {
              "type": "string"
            }
          },
          "additionalProperties": false
        },
        "constraints": {
          "type": "object",
          "properties": {
            "required": {
              "type": [ "boolean", "string" ]
            },
            "customPasswordRegex": {
              "type": "string"
            },
            "customValidationMessage": {
              "type": "string"
            }
          },
          "additionalProperties": false
        },
        "options": {
          "type": "object",
          "properties": {
            "hideConfirmation": {
              "type": [ "boolean", "string" ]
            },
            "hidePassword": {
              "type": [ "boolean", "string" ]
            }
          },
          "additionalProperties": false
        },
        "osPlatform": {
          "type": "string",
          "enum": [
            "Linux"
          ]
        },
        "visible": {
          "type": [ "boolean", "string" ]
        }
      },
      "additionalProperties": false,
      "required": [
        "name",
        "type",
        "label",
        "osPlatform"
      ]
    }
  }
}
