{
  "id": "https://schema.management.azure.com/schemas/2015-06-01-preview/Microsoft.Security.json#",
  "$schema": "http://json-schema.org/draft-04/schema#",
  "title": "Microsoft.Security",
  "description": "Microsoft Security Resource Types",
  "resourceDefinitions": {
    "locations_jitNetworkAccessPolicies": {
      "type": "object",
      "properties": {
        "apiVersion": {
          "type": "string",
          "enum": [
            "2015-06-01-preview"
          ]
        },
        "kind": {
          "type": "string",
          "description": "Kind of the resource"
        },
        "name": {
          "type": "string",
          "description": "Name of a Just-in-Time access configuration policy."
        },
        "properties": {
          "oneOf": [
            {
              "$ref": "#/definitions/JitNetworkAccessPolicyProperties"
            },
            {
              "$ref": "https://schema.management.azure.com/schemas/common/definitions.json#/definitions/expression"
            }
          ]
        },
        "type": {
          "type": "string",
          "enum": [
            "Microsoft.Security/locations/jitNetworkAccessPolicies"
          ]
        }
      },
      "required": [
        "apiVersion",
        "name",
        "properties",
        "type"
      ],
      "description": "Microsoft.Security/locations/jitNetworkAccessPolicies"
    }
  },
  "subscription_resourceDefinitions": {
    "locations_applicationWhitelistings": {
      "type": "object",
      "properties": {
        "apiVersion": {
          "type": "string",
          "enum": [
            "2015-06-01-preview"
          ]
        },
        "enforcementMode": {
          "oneOf": [
            {
              "type": "string",
              "enum": [
                "Audit",
                "Enforce",
                "None"
              ]
            },
            {
              "$ref": "https://schema.management.azure.com/schemas/common/definitions.json#/definitions/expression"
            }
          ],
          "description": "The enforcement mode of the group. Can also be defined per collection type by using ProtectionMode."
        },
        "name": {
          "type": "string",
          "description": "Name of an application control VM/server group"
        },
        "pathRecommendations": {
          "oneOf": [
            {
              "type": "array",
              "items": {
                "$ref": "#/definitions/PathRecommendation"
              }
            },
            {
              "$ref": "https://schema.management.azure.com/schemas/common/definitions.json#/definitions/expression"
            }
          ]
        },
        "protectionMode": {
          "oneOf": [
            {
              "$ref": "#/definitions/ProtectionMode"
            },
            {
              "$ref": "https://schema.management.azure.com/schemas/common/definitions.json#/definitions/expression"
            }
          ],
          "description": "The protection mode of the collection/file types. Exe/Msi/Script are used for Windows, Executable is used for Linux."
        },
        "type": {
          "type": "string",
          "enum": [
            "Microsoft.Security/locations/applicationWhitelistings"
          ]
        },
        "vmRecommendations": {
          "oneOf": [
            {
              "type": "array",
              "items": {
                "$ref": "#/definitions/VmRecommendation"
              }
            },
            {
              "$ref": "https://schema.management.azure.com/schemas/common/definitions.json#/definitions/expression"
            }
          ]
        }
      },
      "required": [
        "apiVersion",
        "name",
        "type"
      ],
      "description": "Microsoft.Security/locations/applicationWhitelistings"
    }
  },
  "definitions": {
    "JitNetworkAccessPolicyProperties": {
      "type": "object",
      "properties": {
        "requests": {
          "oneOf": [
            {
              "type": "array",
              "items": {
                "$ref": "#/definitions/JitNetworkAccessRequest"
              }
            },
            {
              "$ref": "https://schema.management.azure.com/schemas/common/definitions.json#/definitions/expression"
            }
          ]
        },
        "virtualMachines": {
          "oneOf": [
            {
              "type": "array",
              "items": {
                "$ref": "#/definitions/JitNetworkAccessPolicyVirtualMachine"
              }
            },
            {
              "$ref": "https://schema.management.azure.com/schemas/common/definitions.json#/definitions/expression"
            }
          ],
          "description": "Configurations for Microsoft.Compute/virtualMachines resource type."
        }
      },
      "required": [
        "virtualMachines"
      ]
    },
    "JitNetworkAccessPolicyVirtualMachine": {
      "type": "object",
      "properties": {
        "id": {
          "type": "string",
          "description": "Resource ID of the virtual machine that is linked to this policy"
        },
        "ports": {
          "oneOf": [
            {
              "type": "array",
              "items": {
                "$ref": "#/definitions/JitNetworkAccessPortRule"
              }
            },
            {
              "$ref": "https://schema.management.azure.com/schemas/common/definitions.json#/definitions/expression"
            }
          ],
          "description": "Port configurations for the virtual machine"
        },
        "publicIpAddress": {
          "type": "string",
          "description": "Public IP address of the Azure Firewall that is linked to this policy, if applicable"
        }
      },
      "required": [
        "id",
        "ports"
      ]
    },
    "JitNetworkAccessPortRule": {
      "type": "object",
      "properties": {
        "allowedSourceAddressPrefix": {
          "type": "string",
          "description": "Mutually exclusive with the \"allowedSourceAddressPrefixes\" parameter. Should be an IP address or CIDR, for example \"192.168.0.3\" or \"192.168.0.0/16\"."
        },
        "allowedSourceAddressPrefixes": {
          "oneOf": [
            {
              "type": "array",
              "items": {
                "type": "string"
              }
            },
            {
              "$ref": "https://schema.management.azure.com/schemas/common/definitions.json#/definitions/expression"
            }
          ],
          "description": "Mutually exclusive with the \"allowedSourceAddressPrefix\" parameter."
        },
        "maxRequestAccessDuration": {
          "type": "string",
          "description": "Maximum duration requests can be made for. In ISO 8601 duration format. Minimum 5 minutes, maximum 1 day"
        },
        "number": {
          "oneOf": [
            {
              "type": "integer",
              "minimum": 0,
              "maximum": 65535
            },
            {
              "$ref": "https://schema.management.azure.com/schemas/common/definitions.json#/definitions/expression"
            }
          ]
        },
        "protocol": {
          "oneOf": [
            {
              "type": "string",
              "enum": [
                "TCP",
                "UDP",
                "*"
              ]
            },
            {
              "$ref": "https://schema.management.azure.com/schemas/common/definitions.json#/definitions/expression"
            }
          ]
        }
      },
      "required": [
        "maxRequestAccessDuration",
        "number",
        "protocol"
      ]
    },
    "JitNetworkAccessRequest": {
      "type": "object",
      "properties": {
        "justification": {
          "type": "string",
          "description": "The justification for making the initiate request"
        },
        "requestor": {
          "type": "string",
          "description": "The identity of the person who made the request"
        },
        "startTimeUtc": {
          "type": "string",
          "format": "date-time",
          "description": "The start time of the request in UTC"
        },
        "virtualMachines": {
          "oneOf": [
            {
              "type": "array",
              "items": {
                "$ref": "#/definitions/JitNetworkAccessRequestVirtualMachine"
              }
            },
            {
              "$ref": "https://schema.management.azure.com/schemas/common/definitions.json#/definitions/expression"
            }
          ]
        }
      },
      "required": [
        "requestor",
        "startTimeUtc",
        "virtualMachines"
      ]
    },
    "JitNetworkAccessRequestPort": {
      "type": "object",
      "properties": {
        "allowedSourceAddressPrefix": {
          "type": "string",
          "description": "Mutually exclusive with the \"allowedSourceAddressPrefixes\" parameter. Should be an IP address or CIDR, for example \"192.168.0.3\" or \"192.168.0.0/16\"."
        },
        "allowedSourceAddressPrefixes": {
          "oneOf": [
            {
              "type": "array",
              "items": {
                "type": "string"
              }
            },
            {
              "$ref": "https://schema.management.azure.com/schemas/common/definitions.json#/definitions/expression"
            }
          ],
          "description": "Mutually exclusive with the \"allowedSourceAddressPrefix\" parameter."
        },
        "endTimeUtc": {
          "type": "string",
          "format": "date-time",
          "description": "The date & time at which the request ends in UTC"
        },
        "mappedPort": {
          "oneOf": [
            {
              "type": "integer"
            },
            {
              "$ref": "https://schema.management.azure.com/schemas/common/definitions.json#/definitions/expression"
            }
          ],
          "description": "The port which is mapped to this port's `number` in the Azure Firewall, if applicable"
        },
        "number": {
          "oneOf": [
            {
              "type": "integer",
              "minimum": 0,
              "maximum": 65535
            },
            {
              "$ref": "https://schema.management.azure.com/schemas/common/definitions.json#/definitions/expression"
            }
          ]
        },
        "status": {
          "oneOf": [
            {
              "type": "string",
              "enum": [
                "Revoked",
                "Initiated"
              ]
            },
            {
              "$ref": "https://schema.management.azure.com/schemas/common/definitions.json#/definitions/expression"
            }
          ],
          "description": "The status of the port."
        },
        "statusReason": {
          "oneOf": [
            {
              "type": "string",
              "enum": [
                "Expired",
                "UserRequested",
                "NewerRequestInitiated"
              ]
            },
            {
              "$ref": "https://schema.management.azure.com/schemas/common/definitions.json#/definitions/expression"
            }
          ],
          "description": "A description of why the `status` has its value."
        }
      },
      "required": [
        "endTimeUtc",
        "number",
        "status",
        "statusReason"
      ]
    },
    "JitNetworkAccessRequestVirtualMachine": {
      "type": "object",
      "properties": {
        "id": {
          "type": "string",
          "description": "Resource ID of the virtual machine that is linked to this policy"
        },
        "ports": {
          "oneOf": [
            {
              "type": "array",
              "items": {
                "$ref": "#/definitions/JitNetworkAccessRequestPort"
              }
            },
            {
              "$ref": "https://schema.management.azure.com/schemas/common/definitions.json#/definitions/expression"
            }
          ],
          "description": "The ports that were opened for the virtual machine"
        }
      },
      "required": [
        "id",
        "ports"
      ]
    },
    "PathRecommendation": {
      "type": "object",
      "properties": {
        "action": {
          "oneOf": [
            {
              "type": "string",
              "enum": [
                "Recommended",
                "Add",
                "Remove"
              ]
            },
            {
              "$ref": "https://schema.management.azure.com/schemas/common/definitions.json#/definitions/expression"
            }
          ]
        },
        "common": {
          "oneOf": [
            {
              "type": "boolean"
            },
            {
              "$ref": "https://schema.management.azure.com/schemas/common/definitions.json#/definitions/expression"
            }
          ],
          "description": "Whether the path is commonly run on the machine"
        },
        "configurationStatus": {
          "oneOf": [
            {
              "type": "string",
              "enum": [
                "Configured",
                "NotConfigured",
                "InProgress",
                "Failed",
                "NoStatus"
              ]
            },
            {
              "$ref": "https://schema.management.azure.com/schemas/common/definitions.json#/definitions/expression"
            }
          ]
        },
        "fileType": {
          "oneOf": [
            {
              "type": "string",
              "enum": [
                "Exe",
                "Dll",
                "Msi",
                "Script",
                "Executable",
                "Unknown"
              ]
            },
            {
              "$ref": "https://schema.management.azure.com/schemas/common/definitions.json#/definitions/expression"
            }
          ]
        },
        "path": {
          "type": "string",
          "description": "The full path to whitelist"
        },
        "publisherInfo": {
          "oneOf": [
            {
              "$ref": "#/definitions/PublisherInfo"
            },
            {
              "$ref": "https://schema.management.azure.com/schemas/common/definitions.json#/definitions/expression"
            }
          ],
          "description": "Represents the publisher information of a process/rule"
        },
        "type": {
          "oneOf": [
            {
              "type": "string",
              "enum": [
                "File",
                "FileHash",
                "PublisherSignature",
                "ProductSignature",
                "BinarySignature",
                "VersionAndAboveSignature"
              ]
            },
            {
              "$ref": "https://schema.management.azure.com/schemas/common/definitions.json#/definitions/expression"
            }
          ]
        },
        "usernames": {
          "oneOf": [
            {
              "type": "array",
              "items": {
                "$ref": "#/definitions/UserRecommendation"
              }
            },
            {
              "$ref": "https://schema.management.azure.com/schemas/common/definitions.json#/definitions/expression"
            }
          ]
        },
        "userSids": {
          "oneOf": [
            {
              "type": "array",
              "items": {
                "type": "string"
              }
            },
            {
              "$ref": "https://schema.management.azure.com/schemas/common/definitions.json#/definitions/expression"
            }
          ]
        }
      },
      "description": "Represents a path that is recommended to be allowed and its properties"
    },
    "ProtectionMode": {
      "type": "object",
      "properties": {
        "exe": {
          "oneOf": [
            {
              "type": "string",
              "enum": [
                "Audit",
                "Enforce",
                "None"
              ]
            },
            {
              "$ref": "https://schema.management.azure.com/schemas/common/definitions.json#/definitions/expression"
            }
          ]
        },
        "executable": {
          "oneOf": [
            {
              "type": "string",
              "enum": [
                "Audit",
                "Enforce",
                "None"
              ]
            },
            {
              "$ref": "https://schema.management.azure.com/schemas/common/definitions.json#/definitions/expression"
            }
          ]
        },
        "msi": {
          "oneOf": [
            {
              "type": "string",
              "enum": [
                "Audit",
                "Enforce",
                "None"
              ]
            },
            {
              "$ref": "https://schema.management.azure.com/schemas/common/definitions.json#/definitions/expression"
            }
          ]
        },
        "script": {
          "oneOf": [
            {
              "type": "string",
              "enum": [
                "Audit",
                "Enforce",
                "None"
              ]
            },
            {
              "$ref": "https://schema.management.azure.com/schemas/common/definitions.json#/definitions/expression"
            }
          ]
        }
      },
      "description": "The protection mode of the collection/file types. Exe/Msi/Script are used for Windows, Executable is used for Linux."
    },
    "PublisherInfo": {
      "type": "object",
      "properties": {
        "binaryName": {
          "type": "string",
          "description": "The \"OriginalName\" field taken from the file's version resource"
        },
        "productName": {
          "type": "string",
          "description": "The product name taken from the file's version resource"
        },
        "publisherName": {
          "type": "string",
          "description": "The Subject field of the x.509 certificate used to sign the code, using the following fields -  O = Organization, L = Locality, S = State or Province, and C = Country"
        },
        "version": {
          "type": "string",
          "description": "The binary file version taken from the file's version resource"
        }
      },
      "description": "Represents the publisher information of a process/rule"
    },
    "UserRecommendation": {
      "type": "object",
      "properties": {
        "recommendationAction": {
          "oneOf": [
            {
              "type": "string",
              "enum": [
                "Recommended",
                "Add",
                "Remove"
              ]
            },
            {
              "$ref": "https://schema.management.azure.com/schemas/common/definitions.json#/definitions/expression"
            }
          ]
        },
        "username": {
          "type": "string",
          "description": "Represents a user that is recommended to be allowed for a certain rule"
        }
      },
      "description": "Represents a user that is recommended to be allowed for a certain rule"
    },
    "VmRecommendation": {
      "type": "object",
      "properties": {
        "configurationStatus": {
          "oneOf": [
            {
              "type": "string",
              "enum": [
                "Configured",
                "NotConfigured",
                "InProgress",
                "Failed",
                "NoStatus"
              ]
            },
            {
              "$ref": "https://schema.management.azure.com/schemas/common/definitions.json#/definitions/expression"
            }
          ]
        },
        "enforcementSupport": {
          "oneOf": [
            {
              "type": "string",
              "enum": [
                "Supported",
                "NotSupported",
                "Unknown"
              ]
            },
            {
              "$ref": "https://schema.management.azure.com/schemas/common/definitions.json#/definitions/expression"
            }
          ]
        },
        "recommendationAction": {
          "oneOf": [
            {
              "type": "string",
              "enum": [
                "Recommended",
                "Add",
                "Remove"
              ]
            },
            {
              "$ref": "https://schema.management.azure.com/schemas/common/definitions.json#/definitions/expression"
            }
          ]
        },
        "resourceId": {
          "type": "string",
          "description": "The full azure resource id of the machine"
        }
      },
      "description": "Represents a machine that is part of a VM/server group"
    }
  }
}