{
  "id": "https://schema.management.azure.com/schemas/2017-11-15/Microsoft.TimeSeriesInsights.json#",
  "$schema": "http://json-schema.org/draft-04/schema#",
  "title": "Microsoft.TimeSeriesInsights",
  "description": "Microsoft TimeSeriesInsights Resource Types",
  "resourceDefinitions": {
    "environments": {
      "type": "object",
      "properties": {
        "apiVersion": {
          "type": "string",
          "enum": [
            "2017-11-15"
          ]
        },
        "location": {
          "type": "string",
          "description": "The location of the resource."
        },
        "name": {
          "type": "string",
          "description": "Name of the environment"
        },
        "properties": {
          "oneOf": [
            {
              "$ref": "#/definitions/EnvironmentCreationProperties"
            },
            {
              "$ref": "https://schema.management.azure.com/schemas/common/definitions.json#/definitions/expression"
            }
          ],
          "description": "Properties used to create an environment."
        },
        "resources": {
          "type": "array",
          "items": {
            "oneOf": [
              {
                "$ref": "#/definitions/environments_eventSources_childResource"
              },
              {
                "$ref": "#/definitions/environments_referenceDataSets_childResource"
              },
              {
                "$ref": "#/definitions/environments_accessPolicies_childResource"
              }
            ]
          }
        },
        "sku": {
          "oneOf": [
            {
              "$ref": "#/definitions/Sku"
            },
            {
              "$ref": "https://schema.management.azure.com/schemas/common/definitions.json#/definitions/expression"
            }
          ],
          "description": "The sku determines the capacity of the environment, the SLA (in queries-per-minute and total capacity), and the billing rate."
        },
        "tags": {
          "oneOf": [
            {
              "type": "object",
              "additionalProperties": {
                "type": "string"
              },
              "properties": {}
            },
            {
              "$ref": "https://schema.management.azure.com/schemas/common/definitions.json#/definitions/expression"
            }
          ],
          "description": "Key-value pairs of additional properties for the resource."
        },
        "type": {
          "type": "string",
          "enum": [
            "Microsoft.TimeSeriesInsights/environments"
          ]
        }
      },
      "required": [
        "apiVersion",
        "location",
        "name",
        "properties",
        "sku",
        "type"
      ],
      "description": "Microsoft.TimeSeriesInsights/environments"
    },
    "environments_accessPolicies": {
      "type": "object",
      "properties": {
        "apiVersion": {
          "type": "string",
          "enum": [
            "2017-11-15"
          ]
        },
        "name": {
          "type": "string",
          "description": "Name of the access policy."
        },
        "properties": {
          "oneOf": [
            {
              "$ref": "#/definitions/AccessPolicyResourceProperties"
            },
            {
              "$ref": "https://schema.management.azure.com/schemas/common/definitions.json#/definitions/expression"
            }
          ]
        },
        "type": {
          "type": "string",
          "enum": [
            "Microsoft.TimeSeriesInsights/environments/accessPolicies"
          ]
        }
      },
      "required": [
        "apiVersion",
        "name",
        "properties",
        "type"
      ],
      "description": "Microsoft.TimeSeriesInsights/environments/accessPolicies"
    },
    "environments_eventSources": {
      "type": "object",
      "oneOf": [
        {
          "$ref": "#/definitions/EventHubEventSourceCreateOrUpdateParameters"
        },
        {
          "$ref": "#/definitions/IoTHubEventSourceCreateOrUpdateParameters"
        }
      ],
      "properties": {
        "apiVersion": {
          "type": "string",
          "enum": [
            "2017-11-15"
          ]
        },
        "location": {
          "type": "string",
          "description": "The location of the resource."
        },
        "name": {
          "type": "string",
          "description": "Name of the event source."
        },
        "tags": {
          "oneOf": [
            {
              "type": "object",
              "additionalProperties": {
                "type": "string"
              },
              "properties": {}
            },
            {
              "$ref": "https://schema.management.azure.com/schemas/common/definitions.json#/definitions/expression"
            }
          ],
          "description": "Key-value pairs of additional properties for the resource."
        },
        "type": {
          "type": "string",
          "enum": [
            "Microsoft.TimeSeriesInsights/environments/eventSources"
          ]
        }
      },
      "required": [
        "apiVersion",
        "location",
        "name",
        "type"
      ],
      "description": "Microsoft.TimeSeriesInsights/environments/eventSources"
    },
    "environments_referenceDataSets": {
      "type": "object",
      "properties": {
        "apiVersion": {
          "type": "string",
          "enum": [
            "2017-11-15"
          ]
        },
        "location": {
          "type": "string",
          "description": "The location of the resource."
        },
        "name": {
          "type": "string",
          "description": "Name of the reference data set."
        },
        "properties": {
          "oneOf": [
            {
              "$ref": "#/definitions/ReferenceDataSetCreationProperties"
            },
            {
              "$ref": "https://schema.management.azure.com/schemas/common/definitions.json#/definitions/expression"
            }
          ],
          "description": "Properties used to create a reference data set."
        },
        "tags": {
          "oneOf": [
            {
              "type": "object",
              "additionalProperties": {
                "type": "string"
              },
              "properties": {}
            },
            {
              "$ref": "https://schema.management.azure.com/schemas/common/definitions.json#/definitions/expression"
            }
          ],
          "description": "Key-value pairs of additional properties for the resource."
        },
        "type": {
          "type": "string",
          "enum": [
            "Microsoft.TimeSeriesInsights/environments/referenceDataSets"
          ]
        }
      },
      "required": [
        "apiVersion",
        "location",
        "name",
        "properties",
        "type"
      ],
      "description": "Microsoft.TimeSeriesInsights/environments/referenceDataSets"
    }
  },
  "definitions": {
    "AccessPolicyResourceProperties": {
      "type": "object",
      "properties": {
        "description": {
          "type": "string",
          "description": "An description of the access policy."
        },
        "principalObjectId": {
          "type": "string",
          "description": "The objectId of the principal in Azure Active Directory."
        },
        "roles": {
          "oneOf": [
            {
              "type": "array",
              "items": {
                "type": "string",
                "enum": [
                  "Reader",
                  "Contributor"
                ]
              }
            },
            {
              "$ref": "https://schema.management.azure.com/schemas/common/definitions.json#/definitions/expression"
            }
          ],
          "description": "The list of roles the principal is assigned on the environment."
        }
      }
    },
    "EnvironmentCreationProperties": {
      "type": "object",
      "properties": {
        "dataRetentionTime": {
          "type": "string",
          "format": "duration",
          "description": "ISO8601 timespan specifying the minimum number of days the environment's events will be available for query."
        },
        "partitionKeyProperties": {
          "oneOf": [
            {
              "type": "array",
              "items": {
                "$ref": "#/definitions/PartitionKeyProperty"
              }
            },
            {
              "$ref": "https://schema.management.azure.com/schemas/common/definitions.json#/definitions/expression"
            }
          ],
          "description": "The list of partition keys according to which the data in the environment will be ordered."
        },
        "storageLimitExceededBehavior": {
          "oneOf": [
            {
              "type": "string",
              "enum": [
                "PurgeOldData",
                "PauseIngress"
              ]
            },
            {
              "$ref": "https://schema.management.azure.com/schemas/common/definitions.json#/definitions/expression"
            }
          ],
          "description": "The behavior the Time Series Insights service should take when the environment's capacity has been exceeded. If \"PauseIngress\" is specified, new events will not be read from the event source. If \"PurgeOldData\" is specified, new events will continue to be read and old events will be deleted from the environment. The default behavior is PurgeOldData."
        }
      },
      "required": [
        "dataRetentionTime"
      ],
      "description": "Properties used to create an environment."
    },
    "environments_accessPolicies_childResource": {
      "type": "object",
      "properties": {
        "apiVersion": {
          "type": "string",
          "enum": [
            "2017-11-15"
          ]
        },
        "name": {
          "type": "string",
          "description": "Name of the access policy."
        },
        "properties": {
          "oneOf": [
            {
              "$ref": "#/definitions/AccessPolicyResourceProperties"
            },
            {
              "$ref": "https://schema.management.azure.com/schemas/common/definitions.json#/definitions/expression"
            }
          ]
        },
        "type": {
          "type": "string",
          "enum": [
            "accessPolicies"
          ]
        }
      },
      "required": [
        "apiVersion",
        "name",
        "properties",
        "type"
      ],
      "description": "Microsoft.TimeSeriesInsights/environments/accessPolicies"
    },
    "environments_eventSources_childResource": {
      "type": "object",
      "oneOf": [
        {
          "$ref": "#/definitions/EventHubEventSourceCreateOrUpdateParameters"
        },
        {
          "$ref": "#/definitions/IoTHubEventSourceCreateOrUpdateParameters"
        }
      ],
      "properties": {
        "apiVersion": {
          "type": "string",
          "enum": [
            "2017-11-15"
          ]
        },
        "location": {
          "type": "string",
          "description": "The location of the resource."
        },
        "name": {
          "type": "string",
          "description": "Name of the event source."
        },
        "tags": {
          "oneOf": [
            {
              "type": "object",
              "additionalProperties": {
                "type": "string"
              },
              "properties": {}
            },
            {
              "$ref": "https://schema.management.azure.com/schemas/common/definitions.json#/definitions/expression"
            }
          ],
          "description": "Key-value pairs of additional properties for the resource."
        },
        "type": {
          "type": "string",
          "enum": [
            "eventSources"
          ]
        }
      },
      "required": [
        "apiVersion",
        "location",
        "name",
        "type"
      ],
      "description": "Microsoft.TimeSeriesInsights/environments/eventSources"
    },
    "environments_referenceDataSets_childResource": {
      "type": "object",
      "properties": {
        "apiVersion": {
          "type": "string",
          "enum": [
            "2017-11-15"
          ]
        },
        "location": {
          "type": "string",
          "description": "The location of the resource."
        },
        "name": {
          "type": "string",
          "description": "Name of the reference data set."
        },
        "properties": {
          "oneOf": [
            {
              "$ref": "#/definitions/ReferenceDataSetCreationProperties"
            },
            {
              "$ref": "https://schema.management.azure.com/schemas/common/definitions.json#/definitions/expression"
            }
          ],
          "description": "Properties used to create a reference data set."
        },
        "tags": {
          "oneOf": [
            {
              "type": "object",
              "additionalProperties": {
                "type": "string"
              },
              "properties": {}
            },
            {
              "$ref": "https://schema.management.azure.com/schemas/common/definitions.json#/definitions/expression"
            }
          ],
          "description": "Key-value pairs of additional properties for the resource."
        },
        "type": {
          "type": "string",
          "enum": [
            "referenceDataSets"
          ]
        }
      },
      "required": [
        "apiVersion",
        "location",
        "name",
        "properties",
        "type"
      ],
      "description": "Microsoft.TimeSeriesInsights/environments/referenceDataSets"
    },
    "EventHubEventSourceCreateOrUpdateParameters": {
      "type": "object",
      "properties": {
        "kind": {
          "type": "string",
          "enum": [
            "Microsoft.EventHub"
          ]
        },
        "properties": {
          "oneOf": [
            {
              "$ref": "#/definitions/EventHubEventSourceCreationProperties"
            },
            {
              "$ref": "https://schema.management.azure.com/schemas/common/definitions.json#/definitions/expression"
            }
          ],
          "description": "Properties of the EventHub event source that are required on create or update requests."
        }
      },
      "required": [
        "kind",
        "properties"
      ],
      "description": "Parameters supplied to the Create or Update Event Source operation for an EventHub event source."
    },
    "EventHubEventSourceCreationProperties": {
      "type": "object",
      "properties": {
        "consumerGroupName": {
          "type": "string",
          "description": "The name of the event hub's consumer group that holds the partitions from which events will be read."
        },
        "eventHubName": {
          "type": "string",
          "description": "The name of the event hub."
        },
        "eventSourceResourceId": {
          "type": "string",
          "description": "The resource id of the event source in Azure Resource Manager."
        },
        "keyName": {
          "type": "string",
          "description": "The name of the SAS key that grants the Time Series Insights service access to the event hub. The shared access policies for this key must grant 'Listen' permissions to the event hub."
        },
        "provisioningState": {
          "oneOf": [
            {
              "type": "string",
              "enum": [
                "Accepted",
                "Creating",
                "Updating",
                "Succeeded",
                "Failed",
                "Deleting"
              ]
            },
            {
              "$ref": "https://schema.management.azure.com/schemas/common/definitions.json#/definitions/expression"
            }
          ],
          "description": "Provisioning state of the resource."
        },
        "serviceBusNamespace": {
          "type": "string",
          "description": "The name of the service bus that contains the event hub."
        },
        "sharedAccessKey": {
          "type": "string",
          "description": "The value of the shared access key that grants the Time Series Insights service read access to the event hub. This property is not shown in event source responses."
        },
        "timestampPropertyName": {
          "type": "string",
          "description": "The event property that will be used as the event source's timestamp. If a value isn't specified for timestampPropertyName, or if null or empty-string is specified, the event creation time will be used."
        }
      },
      "required": [
        "consumerGroupName",
        "eventHubName",
        "eventSourceResourceId",
        "keyName",
        "serviceBusNamespace",
        "sharedAccessKey"
      ],
      "description": "Properties of the EventHub event source that are required on create or update requests."
    },
    "IoTHubEventSourceCreateOrUpdateParameters": {
      "type": "object",
      "properties": {
        "kind": {
          "type": "string",
          "enum": [
            "Microsoft.IoTHub"
          ]
        },
        "properties": {
          "oneOf": [
            {
              "$ref": "#/definitions/IoTHubEventSourceCreationProperties"
            },
            {
              "$ref": "https://schema.management.azure.com/schemas/common/definitions.json#/definitions/expression"
            }
          ],
          "description": "Properties of the IoTHub event source that are required on create or update requests."
        }
      },
      "required": [
        "kind",
        "properties"
      ],
      "description": "Parameters supplied to the Create or Update Event Source operation for an IoTHub event source."
    },
    "IoTHubEventSourceCreationProperties": {
      "type": "object",
      "properties": {
        "consumerGroupName": {
          "type": "string",
          "description": "The name of the iot hub's consumer group that holds the partitions from which events will be read."
        },
        "eventSourceResourceId": {
          "type": "string",
          "description": "The resource id of the event source in Azure Resource Manager."
        },
        "iotHubName": {
          "type": "string",
          "description": "The name of the iot hub."
        },
        "keyName": {
          "type": "string",
          "description": "The name of the Shared Access Policy key that grants the Time Series Insights service access to the iot hub. This shared access policy key must grant 'service connect' permissions to the iot hub."
        },
        "provisioningState": {
          "oneOf": [
            {
              "type": "string",
              "enum": [
                "Accepted",
                "Creating",
                "Updating",
                "Succeeded",
                "Failed",
                "Deleting"
              ]
            },
            {
              "$ref": "https://schema.management.azure.com/schemas/common/definitions.json#/definitions/expression"
            }
          ],
          "description": "Provisioning state of the resource."
        },
        "sharedAccessKey": {
          "type": "string",
          "description": "The value of the Shared Access Policy key that grants the Time Series Insights service read access to the iot hub. This property is not shown in event source responses."
        },
        "timestampPropertyName": {
          "type": "string",
          "description": "The event property that will be used as the event source's timestamp. If a value isn't specified for timestampPropertyName, or if null or empty-string is specified, the event creation time will be used."
        }
      },
      "required": [
        "consumerGroupName",
        "eventSourceResourceId",
        "iotHubName",
        "keyName",
        "sharedAccessKey"
      ],
      "description": "Properties of the IoTHub event source that are required on create or update requests."
    },
    "PartitionKeyProperty": {
      "type": "object",
      "properties": {
        "name": {
          "type": "string",
          "description": "The name of the property."
        },
        "type": {
          "oneOf": [
            {
              "type": "string",
              "enum": [
                "String"
              ]
            },
            {
              "$ref": "https://schema.management.azure.com/schemas/common/definitions.json#/definitions/expression"
            }
          ],
          "description": "The type of the property."
        }
      },
      "description": "The structure of the property that a partition key can have. An environment can have multiple such properties."
    },
    "ReferenceDataSetCreationProperties": {
      "type": "object",
      "properties": {
        "dataStringComparisonBehavior": {
          "oneOf": [
            {
              "type": "string",
              "enum": [
                "Ordinal",
                "OrdinalIgnoreCase"
              ]
            },
            {
              "$ref": "https://schema.management.azure.com/schemas/common/definitions.json#/definitions/expression"
            }
          ],
          "description": "The reference data set key comparison behavior can be set using this property. By default, the value is 'Ordinal' - which means case sensitive key comparison will be performed while joining reference data with events or while adding new reference data. When 'OrdinalIgnoreCase' is set, case insensitive comparison will be used."
        },
        "keyProperties": {
          "oneOf": [
            {
              "type": "array",
              "items": {
                "$ref": "#/definitions/ReferenceDataSetKeyProperty"
              }
            },
            {
              "$ref": "https://schema.management.azure.com/schemas/common/definitions.json#/definitions/expression"
            }
          ],
          "description": "The list of key properties for the reference data set."
        }
      },
      "required": [
        "keyProperties"
      ],
      "description": "Properties used to create a reference data set."
    },
    "ReferenceDataSetKeyProperty": {
      "type": "object",
      "properties": {
        "name": {
          "type": "string",
          "description": "The name of the key property."
        },
        "type": {
          "oneOf": [
            {
              "type": "string",
              "enum": [
                "String",
                "Double",
                "Bool",
                "DateTime"
              ]
            },
            {
              "$ref": "https://schema.management.azure.com/schemas/common/definitions.json#/definitions/expression"
            }
          ],
          "description": "The type of the key property."
        }
      },
      "description": "A key property for the reference data set. A reference data set can have multiple key properties."
    },
    "Sku": {
      "type": "object",
      "properties": {
        "capacity": {
          "oneOf": [
            {
              "type": "integer",
              "minimum": 1,
              "maximum": 10
            },
            {
              "$ref": "https://schema.management.azure.com/schemas/common/definitions.json#/definitions/expression"
            }
          ],
          "description": "The capacity of the sku. This value can be changed to support scale out of environments after they have been created."
        },
        "name": {
          "oneOf": [
            {
              "type": "string",
              "enum": [
                "S1",
                "S2"
              ]
            },
            {
              "$ref": "https://schema.management.azure.com/schemas/common/definitions.json#/definitions/expression"
            }
          ],
          "description": "The name of this SKU."
        }
      },
      "required": [
        "capacity",
        "name"
      ],
      "description": "The sku determines the capacity of the environment, the SLA (in queries-per-minute and total capacity), and the billing rate."
    }
  }
}