{
  "id": "https://schema.management.azure.com/schemas/2016-06-01/Microsoft.RecoveryServices.json#",
  "$schema": "http://json-schema.org/draft-04/schema#",
  "title": "Microsoft.RecoveryServices",
  "description": "Microsoft RecoveryServices Resource Types",
  "resourceDefinitions": {
    "vaults": {
      "type": "object",
      "properties": {
        "apiVersion": {
          "type": "string",
          "enum": [
            "2016-06-01"
          ]
        },
        "eTag": {
          "type": "string",
          "description": "Optional ETag."
        },
        "identity": {
          "oneOf": [
            {
              "$ref": "#/definitions/IdentityData"
            },
            {
              "$ref": "https://schema.management.azure.com/schemas/common/definitions.json#/definitions/expression"
            }
          ],
          "description": "Identity for the resource."
        },
        "location": {
          "type": "string",
          "description": "Resource location."
        },
        "name": {
          "type": "string",
          "description": "The name of the recovery services vault."
        },
        "properties": {
          "oneOf": [
            {
              "$ref": "#/definitions/VaultProperties"
            },
            {
              "$ref": "https://schema.management.azure.com/schemas/common/definitions.json#/definitions/expression"
            }
          ],
          "description": "Properties of the vault."
        },
        "resources": {
          "type": "array",
          "items": {
            "oneOf": [
              {
                "$ref": "#/definitions/vaults_certificates_childResource"
              },
              {
                "$ref": "#/definitions/vaults_extendedInformation_childResource"
              }
            ]
          }
        },
        "sku": {
          "oneOf": [
            {
              "$ref": "#/definitions/Sku"
            },
            {
              "$ref": "https://schema.management.azure.com/schemas/common/definitions.json#/definitions/expression"
            }
          ],
          "description": "Identifies the unique system identifier for each Azure resource."
        },
        "tags": {
          "oneOf": [
            {
              "type": "object",
              "additionalProperties": {
                "type": "string"
              },
              "properties": {}
            },
            {
              "$ref": "https://schema.management.azure.com/schemas/common/definitions.json#/definitions/expression"
            }
          ],
          "description": "Resource tags."
        },
        "type": {
          "type": "string",
          "enum": [
            "Microsoft.RecoveryServices/vaults"
          ]
        }
      },
      "required": [
        "apiVersion",
        "location",
        "name",
        "properties",
        "type"
      ],
      "description": "Microsoft.RecoveryServices/vaults"
    },
    "vaults_certificates": {
      "type": "object",
      "properties": {
        "apiVersion": {
          "type": "string",
          "enum": [
            "2016-06-01"
          ]
        },
        "name": {
          "type": "string",
          "description": "Certificate friendly name."
        },
        "properties": {
          "oneOf": [
            {
              "$ref": "#/definitions/RawCertificateData"
            },
            {
              "$ref": "https://schema.management.azure.com/schemas/common/definitions.json#/definitions/expression"
            }
          ],
          "description": "Raw certificate data."
        },
        "type": {
          "type": "string",
          "enum": [
            "Microsoft.RecoveryServices/vaults/certificates"
          ]
        }
      },
      "required": [
        "apiVersion",
        "name",
        "properties",
        "type"
      ],
      "description": "Microsoft.RecoveryServices/vaults/certificates"
    },
    "vaults_extendedInformation": {
      "type": "object",
      "properties": {
        "apiVersion": {
          "type": "string",
          "enum": [
            "2016-06-01"
          ]
        },
        "eTag": {
          "type": "string",
          "description": "Optional ETag."
        },
        "name": {
          "oneOf": [
            {
              "type": "string",
              "pattern": "^.*/vaultExtendedInfo$"
            },
            {
              "$ref": "https://schema.management.azure.com/schemas/common/definitions.json#/definitions/expression"
            }
          ]
        },
        "properties": {
          "oneOf": [
            {
              "$ref": "#/definitions/VaultExtendedInfo"
            },
            {
              "$ref": "https://schema.management.azure.com/schemas/common/definitions.json#/definitions/expression"
            }
          ],
          "description": "Vault extended information."
        },
        "type": {
          "type": "string",
          "enum": [
            "Microsoft.RecoveryServices/vaults/extendedInformation"
          ]
        }
      },
      "required": [
        "apiVersion",
        "name",
        "properties",
        "type"
      ],
      "description": "Microsoft.RecoveryServices/vaults/extendedInformation"
    }
  },
  "definitions": {
    "IdentityData": {
      "type": "object",
      "properties": {
        "type": {
          "oneOf": [
            {
              "type": "string",
              "enum": [
                "SystemAssigned",
                "None"
              ]
            },
            {
              "$ref": "https://schema.management.azure.com/schemas/common/definitions.json#/definitions/expression"
            }
          ],
          "description": "The identity type."
        }
      },
      "required": [
        "type"
      ],
      "description": "Identity for the resource."
    },
    "RawCertificateData": {
      "type": "object",
      "properties": {
        "authType": {
          "oneOf": [
            {
              "type": "string",
              "enum": [
                "Invalid",
                "ACS",
                "AAD",
                "AccessControlService",
                "AzureActiveDirectory"
              ]
            },
            {
              "$ref": "https://schema.management.azure.com/schemas/common/definitions.json#/definitions/expression"
            }
          ],
          "description": "Specifies the authentication type."
        },
        "certificate": {
          "oneOf": [
            {
              "type": "string",
              "pattern": "^(?:[A-Za-z0-9+\\/]{4})*(?:[A-Za-z0-9+\\/]{2}==|[A-Za-z0-9+\\/]{3}=)?$"
            },
            {
              "$ref": "https://schema.management.azure.com/schemas/common/definitions.json#/definitions/expression"
            }
          ],
          "description": "The base64 encoded certificate raw data string"
        }
      },
      "description": "Raw certificate data."
    },
    "Sku": {
      "type": "object",
      "properties": {
        "name": {
          "oneOf": [
            {
              "type": "string",
              "enum": [
                "Standard",
                "RS0"
              ]
            },
            {
              "$ref": "https://schema.management.azure.com/schemas/common/definitions.json#/definitions/expression"
            }
          ],
          "description": "The Sku name."
        }
      },
      "required": [
        "name"
      ],
      "description": "Identifies the unique system identifier for each Azure resource."
    },
    "UpgradeDetails": {
      "type": "object",
      "properties": {},
      "description": "Details for upgrading vault."
    },
    "VaultExtendedInfo": {
      "type": "object",
      "properties": {
        "algorithm": {
          "type": "string",
          "description": "Algorithm for Vault ExtendedInfo"
        },
        "encryptionKey": {
          "type": "string",
          "description": "Encryption key."
        },
        "encryptionKeyThumbprint": {
          "type": "string",
          "description": "Encryption key thumbprint."
        },
        "integrityKey": {
          "type": "string",
          "description": "Integrity key."
        }
      },
      "description": "Vault extended information."
    },
    "VaultProperties": {
      "type": "object",
      "properties": {
        "upgradeDetails": {
          "oneOf": [
            {
              "$ref": "#/definitions/UpgradeDetails"
            },
            {
              "$ref": "https://schema.management.azure.com/schemas/common/definitions.json#/definitions/expression"
            }
          ],
          "description": "Details for upgrading vault."
        }
      },
      "description": "Properties of the vault."
    },
    "vaults_certificates_childResource": {
      "type": "object",
      "properties": {
        "apiVersion": {
          "type": "string",
          "enum": [
            "2016-06-01"
          ]
        },
        "name": {
          "type": "string",
          "description": "Certificate friendly name."
        },
        "properties": {
          "oneOf": [
            {
              "$ref": "#/definitions/RawCertificateData"
            },
            {
              "$ref": "https://schema.management.azure.com/schemas/common/definitions.json#/definitions/expression"
            }
          ],
          "description": "Raw certificate data."
        },
        "type": {
          "type": "string",
          "enum": [
            "certificates"
          ]
        }
      },
      "required": [
        "apiVersion",
        "name",
        "properties",
        "type"
      ],
      "description": "Microsoft.RecoveryServices/vaults/certificates"
    },
    "vaults_extendedInformation_childResource": {
      "type": "object",
      "properties": {
        "apiVersion": {
          "type": "string",
          "enum": [
            "2016-06-01"
          ]
        },
        "eTag": {
          "type": "string",
          "description": "Optional ETag."
        },
        "name": {
          "type": "string",
          "enum": [
            "vaultExtendedInfo"
          ]
        },
        "properties": {
          "oneOf": [
            {
              "$ref": "#/definitions/VaultExtendedInfo"
            },
            {
              "$ref": "https://schema.management.azure.com/schemas/common/definitions.json#/definitions/expression"
            }
          ],
          "description": "Vault extended information."
        },
        "type": {
          "type": "string",
          "enum": [
            "extendedInformation"
          ]
        }
      },
      "required": [
        "apiVersion",
        "name",
        "properties",
        "type"
      ],
      "description": "Microsoft.RecoveryServices/vaults/extendedInformation"
    }
  }
}