{
  "id": "https://schema.management.azure.com/schemas/2016-04-01/Microsoft.Network.json#",
  "$schema": "http://json-schema.org/draft-04/schema#",
  "title": "Microsoft.Network",
  "description": "Microsoft Network Resource Types",
  "resourceDefinitions": {
    "dnszones": {
      "type": "object",
      "properties": {
        "type": {
          "type": "string",
          "enum": [
            "Microsoft.Network/dnszones"
          ]
        },
        "apiVersion": {
          "type": "string",
          "enum": [
            "2016-04-01"
          ]
        },
        "etag": {
          "type": "string",
          "description": "Gets or sets the ETag of the zone that is being updated, as received from a Get operation."
        },
        "properties": {
          "oneOf": [
            {
              "$ref": "#/definitions/ZoneProperties"
            },
            {
              "$ref": "https://schema.management.azure.com/schemas/common/definitions.json#/definitions/expression"
            }
          ],
          "description": "Gets or sets the properties of the zone."
        },
        "resources": {
          "type": "array",
          "items": {
            "oneOf": [
              {
                "$ref": "#/definitions/dnszones_TXT_childResource"
              },
              {
                "$ref": "#/definitions/dnszones_SRV_childResource"
              },
              {
                "$ref": "#/definitions/dnszones_SOA_childResource"
              },
              {
                "$ref": "#/definitions/dnszones_PTR_childResource"
              },
              {
                "$ref": "#/definitions/dnszones_NS_childResource"
              },
              {
                "$ref": "#/definitions/dnszones_MX_childResource"
              },
              {
                "$ref": "#/definitions/dnszones_CNAME_childResource"
              },
              {
                "$ref": "#/definitions/dnszones_AAAA_childResource"
              },
              {
                "$ref": "#/definitions/dnszones_A_childResource"
              }
            ]
          }
        }
      },
      "required": [
        "type",
        "apiVersion",
        "properties"
      ],
      "description": "Microsoft.Network/dnszones"
    },
    "dnszones_A": {
      "type": "object",
      "properties": {
        "type": {
          "type": "string",
          "enum": [
            "Microsoft.Network/dnszones/A"
          ]
        },
        "apiVersion": {
          "type": "string",
          "enum": [
            "2016-04-01"
          ]
        },
        "id": {
          "type": "string",
          "description": "Gets or sets the ID of the resource."
        },
        "name": {
          "type": "string",
          "description": "Gets or sets the name of the resource."
        },
        "etag": {
          "type": "string",
          "description": "Gets or sets the ETag of the RecordSet."
        },
        "properties": {
          "oneOf": [
            {
              "$ref": "#/definitions/RecordSetProperties"
            },
            {
              "$ref": "https://schema.management.azure.com/schemas/common/definitions.json#/definitions/expression"
            }
          ],
          "description": "Gets or sets the properties of the RecordSet."
        }
      },
      "required": [
        "type",
        "apiVersion",
        "properties"
      ],
      "description": "Microsoft.Network/dnszones/A"
    },
    "dnszones_AAAA": {
      "type": "object",
      "properties": {
        "type": {
          "type": "string",
          "enum": [
            "Microsoft.Network/dnszones/AAAA"
          ]
        },
        "apiVersion": {
          "type": "string",
          "enum": [
            "2016-04-01"
          ]
        },
        "id": {
          "type": "string",
          "description": "Gets or sets the ID of the resource."
        },
        "name": {
          "type": "string",
          "description": "Gets or sets the name of the resource."
        },
        "etag": {
          "type": "string",
          "description": "Gets or sets the ETag of the RecordSet."
        },
        "properties": {
          "oneOf": [
            {
              "$ref": "#/definitions/RecordSetProperties"
            },
            {
              "$ref": "https://schema.management.azure.com/schemas/common/definitions.json#/definitions/expression"
            }
          ],
          "description": "Gets or sets the properties of the RecordSet."
        }
      },
      "required": [
        "type",
        "apiVersion",
        "properties"
      ],
      "description": "Microsoft.Network/dnszones/AAAA"
    },
    "dnszones_CNAME": {
      "type": "object",
      "properties": {
        "type": {
          "type": "string",
          "enum": [
            "Microsoft.Network/dnszones/CNAME"
          ]
        },
        "apiVersion": {
          "type": "string",
          "enum": [
            "2016-04-01"
          ]
        },
        "id": {
          "type": "string",
          "description": "Gets or sets the ID of the resource."
        },
        "name": {
          "type": "string",
          "description": "Gets or sets the name of the resource."
        },
        "etag": {
          "type": "string",
          "description": "Gets or sets the ETag of the RecordSet."
        },
        "properties": {
          "oneOf": [
            {
              "$ref": "#/definitions/RecordSetProperties"
            },
            {
              "$ref": "https://schema.management.azure.com/schemas/common/definitions.json#/definitions/expression"
            }
          ],
          "description": "Gets or sets the properties of the RecordSet."
        }
      },
      "required": [
        "type",
        "apiVersion",
        "properties"
      ],
      "description": "Microsoft.Network/dnszones/CNAME"
    },
    "dnszones_MX": {
      "type": "object",
      "properties": {
        "type": {
          "type": "string",
          "enum": [
            "Microsoft.Network/dnszones/MX"
          ]
        },
        "apiVersion": {
          "type": "string",
          "enum": [
            "2016-04-01"
          ]
        },
        "id": {
          "type": "string",
          "description": "Gets or sets the ID of the resource."
        },
        "name": {
          "type": "string",
          "description": "Gets or sets the name of the resource."
        },
        "etag": {
          "type": "string",
          "description": "Gets or sets the ETag of the RecordSet."
        },
        "properties": {
          "oneOf": [
            {
              "$ref": "#/definitions/RecordSetProperties"
            },
            {
              "$ref": "https://schema.management.azure.com/schemas/common/definitions.json#/definitions/expression"
            }
          ],
          "description": "Gets or sets the properties of the RecordSet."
        }
      },
      "required": [
        "type",
        "apiVersion",
        "properties"
      ],
      "description": "Microsoft.Network/dnszones/MX"
    },
    "dnszones_NS": {
      "type": "object",
      "properties": {
        "type": {
          "type": "string",
          "enum": [
            "Microsoft.Network/dnszones/NS"
          ]
        },
        "apiVersion": {
          "type": "string",
          "enum": [
            "2016-04-01"
          ]
        },
        "id": {
          "type": "string",
          "description": "Gets or sets the ID of the resource."
        },
        "name": {
          "type": "string",
          "description": "Gets or sets the name of the resource."
        },
        "etag": {
          "type": "string",
          "description": "Gets or sets the ETag of the RecordSet."
        },
        "properties": {
          "oneOf": [
            {
              "$ref": "#/definitions/RecordSetProperties"
            },
            {
              "$ref": "https://schema.management.azure.com/schemas/common/definitions.json#/definitions/expression"
            }
          ],
          "description": "Gets or sets the properties of the RecordSet."
        }
      },
      "required": [
        "type",
        "apiVersion",
        "properties"
      ],
      "description": "Microsoft.Network/dnszones/NS"
    },
    "dnszones_PTR": {
      "type": "object",
      "properties": {
        "type": {
          "type": "string",
          "enum": [
            "Microsoft.Network/dnszones/PTR"
          ]
        },
        "apiVersion": {
          "type": "string",
          "enum": [
            "2016-04-01"
          ]
        },
        "id": {
          "type": "string",
          "description": "Gets or sets the ID of the resource."
        },
        "name": {
          "type": "string",
          "description": "Gets or sets the name of the resource."
        },
        "etag": {
          "type": "string",
          "description": "Gets or sets the ETag of the RecordSet."
        },
        "properties": {
          "oneOf": [
            {
              "$ref": "#/definitions/RecordSetProperties"
            },
            {
              "$ref": "https://schema.management.azure.com/schemas/common/definitions.json#/definitions/expression"
            }
          ],
          "description": "Gets or sets the properties of the RecordSet."
        }
      },
      "required": [
        "type",
        "apiVersion",
        "properties"
      ],
      "description": "Microsoft.Network/dnszones/PTR"
    },
    "dnszones_SOA": {
      "type": "object",
      "properties": {
        "type": {
          "type": "string",
          "enum": [
            "Microsoft.Network/dnszones/SOA"
          ]
        },
        "apiVersion": {
          "type": "string",
          "enum": [
            "2016-04-01"
          ]
        },
        "id": {
          "type": "string",
          "description": "Gets or sets the ID of the resource."
        },
        "name": {
          "type": "string",
          "description": "Gets or sets the name of the resource."
        },
        "etag": {
          "type": "string",
          "description": "Gets or sets the ETag of the RecordSet."
        },
        "properties": {
          "oneOf": [
            {
              "$ref": "#/definitions/RecordSetProperties"
            },
            {
              "$ref": "https://schema.management.azure.com/schemas/common/definitions.json#/definitions/expression"
            }
          ],
          "description": "Gets or sets the properties of the RecordSet."
        }
      },
      "required": [
        "type",
        "apiVersion",
        "properties"
      ],
      "description": "Microsoft.Network/dnszones/SOA"
    },
    "dnszones_SRV": {
      "type": "object",
      "properties": {
        "type": {
          "type": "string",
          "enum": [
            "Microsoft.Network/dnszones/SRV"
          ]
        },
        "apiVersion": {
          "type": "string",
          "enum": [
            "2016-04-01"
          ]
        },
        "id": {
          "type": "string",
          "description": "Gets or sets the ID of the resource."
        },
        "name": {
          "type": "string",
          "description": "Gets or sets the name of the resource."
        },
        "etag": {
          "type": "string",
          "description": "Gets or sets the ETag of the RecordSet."
        },
        "properties": {
          "oneOf": [
            {
              "$ref": "#/definitions/RecordSetProperties"
            },
            {
              "$ref": "https://schema.management.azure.com/schemas/common/definitions.json#/definitions/expression"
            }
          ],
          "description": "Gets or sets the properties of the RecordSet."
        }
      },
      "required": [
        "type",
        "apiVersion",
        "properties"
      ],
      "description": "Microsoft.Network/dnszones/SRV"
    },
    "dnszones_TXT": {
      "type": "object",
      "properties": {
        "type": {
          "type": "string",
          "enum": [
            "Microsoft.Network/dnszones/TXT"
          ]
        },
        "apiVersion": {
          "type": "string",
          "enum": [
            "2016-04-01"
          ]
        },
        "id": {
          "type": "string",
          "description": "Gets or sets the ID of the resource."
        },
        "name": {
          "type": "string",
          "description": "Gets or sets the name of the resource."
        },
        "etag": {
          "type": "string",
          "description": "Gets or sets the ETag of the RecordSet."
        },
        "properties": {
          "oneOf": [
            {
              "$ref": "#/definitions/RecordSetProperties"
            },
            {
              "$ref": "https://schema.management.azure.com/schemas/common/definitions.json#/definitions/expression"
            }
          ],
          "description": "Gets or sets the properties of the RecordSet."
        }
      },
      "required": [
        "type",
        "apiVersion",
        "properties"
      ],
      "description": "Microsoft.Network/dnszones/TXT"
    }
  },
  "definitions": {
    "AaaaRecord": {
      "type": "object",
      "properties": {
        "ipv6Address": {
          "type": "string",
          "description": "Gets or sets the IPv6 address of this AAAA record in string notation."
        }
      },
      "description": "An AAAA record."
    },
    "ARecord": {
      "type": "object",
      "properties": {
        "ipv4Address": {
          "type": "string",
          "description": "Gets or sets the IPv4 address of this A record in string notation."
        }
      },
      "description": "An A record."
    },
    "CnameRecord": {
      "type": "object",
      "properties": {
        "cname": {
          "type": "string",
          "description": "Gets or sets the canonical name for this record without a terminating dot."
        }
      },
      "description": "A CNAME record."
    },
    "dnszones_A_childResource": {
      "type": "object",
      "properties": {
        "type": {
          "type": "string",
          "enum": [
            "A"
          ]
        },
        "apiVersion": {
          "type": "string",
          "enum": [
            "2016-04-01"
          ]
        },
        "id": {
          "type": "string",
          "description": "Gets or sets the ID of the resource."
        },
        "name": {
          "type": "string",
          "description": "Gets or sets the name of the resource."
        },
        "etag": {
          "type": "string",
          "description": "Gets or sets the ETag of the RecordSet."
        },
        "properties": {
          "oneOf": [
            {
              "$ref": "#/definitions/RecordSetProperties"
            },
            {
              "$ref": "https://schema.management.azure.com/schemas/common/definitions.json#/definitions/expression"
            }
          ],
          "description": "Gets or sets the properties of the RecordSet."
        }
      },
      "required": [
        "type",
        "apiVersion",
        "properties"
      ],
      "description": "Microsoft.Network/dnszones/A"
    },
    "dnszones_AAAA_childResource": {
      "type": "object",
      "properties": {
        "type": {
          "type": "string",
          "enum": [
            "AAAA"
          ]
        },
        "apiVersion": {
          "type": "string",
          "enum": [
            "2016-04-01"
          ]
        },
        "id": {
          "type": "string",
          "description": "Gets or sets the ID of the resource."
        },
        "name": {
          "type": "string",
          "description": "Gets or sets the name of the resource."
        },
        "etag": {
          "type": "string",
          "description": "Gets or sets the ETag of the RecordSet."
        },
        "properties": {
          "oneOf": [
            {
              "$ref": "#/definitions/RecordSetProperties"
            },
            {
              "$ref": "https://schema.management.azure.com/schemas/common/definitions.json#/definitions/expression"
            }
          ],
          "description": "Gets or sets the properties of the RecordSet."
        }
      },
      "required": [
        "type",
        "apiVersion",
        "properties"
      ],
      "description": "Microsoft.Network/dnszones/AAAA"
    },
    "dnszones_CNAME_childResource": {
      "type": "object",
      "properties": {
        "type": {
          "type": "string",
          "enum": [
            "CNAME"
          ]
        },
        "apiVersion": {
          "type": "string",
          "enum": [
            "2016-04-01"
          ]
        },
        "id": {
          "type": "string",
          "description": "Gets or sets the ID of the resource."
        },
        "name": {
          "type": "string",
          "description": "Gets or sets the name of the resource."
        },
        "etag": {
          "type": "string",
          "description": "Gets or sets the ETag of the RecordSet."
        },
        "properties": {
          "oneOf": [
            {
              "$ref": "#/definitions/RecordSetProperties"
            },
            {
              "$ref": "https://schema.management.azure.com/schemas/common/definitions.json#/definitions/expression"
            }
          ],
          "description": "Gets or sets the properties of the RecordSet."
        }
      },
      "required": [
        "type",
        "apiVersion",
        "properties"
      ],
      "description": "Microsoft.Network/dnszones/CNAME"
    },
    "dnszones_MX_childResource": {
      "type": "object",
      "properties": {
        "type": {
          "type": "string",
          "enum": [
            "MX"
          ]
        },
        "apiVersion": {
          "type": "string",
          "enum": [
            "2016-04-01"
          ]
        },
        "id": {
          "type": "string",
          "description": "Gets or sets the ID of the resource."
        },
        "name": {
          "type": "string",
          "description": "Gets or sets the name of the resource."
        },
        "etag": {
          "type": "string",
          "description": "Gets or sets the ETag of the RecordSet."
        },
        "properties": {
          "oneOf": [
            {
              "$ref": "#/definitions/RecordSetProperties"
            },
            {
              "$ref": "https://schema.management.azure.com/schemas/common/definitions.json#/definitions/expression"
            }
          ],
          "description": "Gets or sets the properties of the RecordSet."
        }
      },
      "required": [
        "type",
        "apiVersion",
        "properties"
      ],
      "description": "Microsoft.Network/dnszones/MX"
    },
    "dnszones_NS_childResource": {
      "type": "object",
      "properties": {
        "type": {
          "type": "string",
          "enum": [
            "NS"
          ]
        },
        "apiVersion": {
          "type": "string",
          "enum": [
            "2016-04-01"
          ]
        },
        "id": {
          "type": "string",
          "description": "Gets or sets the ID of the resource."
        },
        "name": {
          "type": "string",
          "description": "Gets or sets the name of the resource."
        },
        "etag": {
          "type": "string",
          "description": "Gets or sets the ETag of the RecordSet."
        },
        "properties": {
          "oneOf": [
            {
              "$ref": "#/definitions/RecordSetProperties"
            },
            {
              "$ref": "https://schema.management.azure.com/schemas/common/definitions.json#/definitions/expression"
            }
          ],
          "description": "Gets or sets the properties of the RecordSet."
        }
      },
      "required": [
        "type",
        "apiVersion",
        "properties"
      ],
      "description": "Microsoft.Network/dnszones/NS"
    },
    "dnszones_PTR_childResource": {
      "type": "object",
      "properties": {
        "type": {
          "type": "string",
          "enum": [
            "PTR"
          ]
        },
        "apiVersion": {
          "type": "string",
          "enum": [
            "2016-04-01"
          ]
        },
        "id": {
          "type": "string",
          "description": "Gets or sets the ID of the resource."
        },
        "name": {
          "type": "string",
          "description": "Gets or sets the name of the resource."
        },
        "etag": {
          "type": "string",
          "description": "Gets or sets the ETag of the RecordSet."
        },
        "properties": {
          "oneOf": [
            {
              "$ref": "#/definitions/RecordSetProperties"
            },
            {
              "$ref": "https://schema.management.azure.com/schemas/common/definitions.json#/definitions/expression"
            }
          ],
          "description": "Gets or sets the properties of the RecordSet."
        }
      },
      "required": [
        "type",
        "apiVersion",
        "properties"
      ],
      "description": "Microsoft.Network/dnszones/PTR"
    },
    "dnszones_SOA_childResource": {
      "type": "object",
      "properties": {
        "type": {
          "type": "string",
          "enum": [
            "SOA"
          ]
        },
        "apiVersion": {
          "type": "string",
          "enum": [
            "2016-04-01"
          ]
        },
        "id": {
          "type": "string",
          "description": "Gets or sets the ID of the resource."
        },
        "name": {
          "type": "string",
          "description": "Gets or sets the name of the resource."
        },
        "etag": {
          "type": "string",
          "description": "Gets or sets the ETag of the RecordSet."
        },
        "properties": {
          "oneOf": [
            {
              "$ref": "#/definitions/RecordSetProperties"
            },
            {
              "$ref": "https://schema.management.azure.com/schemas/common/definitions.json#/definitions/expression"
            }
          ],
          "description": "Gets or sets the properties of the RecordSet."
        }
      },
      "required": [
        "type",
        "apiVersion",
        "properties"
      ],
      "description": "Microsoft.Network/dnszones/SOA"
    },
    "dnszones_SRV_childResource": {
      "type": "object",
      "properties": {
        "type": {
          "type": "string",
          "enum": [
            "SRV"
          ]
        },
        "apiVersion": {
          "type": "string",
          "enum": [
            "2016-04-01"
          ]
        },
        "id": {
          "type": "string",
          "description": "Gets or sets the ID of the resource."
        },
        "name": {
          "type": "string",
          "description": "Gets or sets the name of the resource."
        },
        "etag": {
          "type": "string",
          "description": "Gets or sets the ETag of the RecordSet."
        },
        "properties": {
          "oneOf": [
            {
              "$ref": "#/definitions/RecordSetProperties"
            },
            {
              "$ref": "https://schema.management.azure.com/schemas/common/definitions.json#/definitions/expression"
            }
          ],
          "description": "Gets or sets the properties of the RecordSet."
        }
      },
      "required": [
        "type",
        "apiVersion",
        "properties"
      ],
      "description": "Microsoft.Network/dnszones/SRV"
    },
    "dnszones_TXT_childResource": {
      "type": "object",
      "properties": {
        "type": {
          "type": "string",
          "enum": [
            "TXT"
          ]
        },
        "apiVersion": {
          "type": "string",
          "enum": [
            "2016-04-01"
          ]
        },
        "id": {
          "type": "string",
          "description": "Gets or sets the ID of the resource."
        },
        "name": {
          "type": "string",
          "description": "Gets or sets the name of the resource."
        },
        "etag": {
          "type": "string",
          "description": "Gets or sets the ETag of the RecordSet."
        },
        "properties": {
          "oneOf": [
            {
              "$ref": "#/definitions/RecordSetProperties"
            },
            {
              "$ref": "https://schema.management.azure.com/schemas/common/definitions.json#/definitions/expression"
            }
          ],
          "description": "Gets or sets the properties of the RecordSet."
        }
      },
      "required": [
        "type",
        "apiVersion",
        "properties"
      ],
      "description": "Microsoft.Network/dnszones/TXT"
    },
    "MxRecord": {
      "type": "object",
      "properties": {
        "preference": {
          "oneOf": [
            {
              "type": "integer"
            },
            {
              "$ref": "https://schema.management.azure.com/schemas/common/definitions.json#/definitions/expression"
            }
          ],
          "description": "Gets or sets the preference metric for this record."
        },
        "exchange": {
          "type": "string",
          "description": "Gets or sets the domain name of the mail host, without a terminating dot."
        }
      },
      "description": "An MX record."
    },
    "NsRecord": {
      "type": "object",
      "properties": {
        "nsdname": {
          "type": "string",
          "description": "Gets or sets the name server name for this record, without a terminating dot."
        }
      },
      "description": "An NS record."
    },
    "PtrRecord": {
      "type": "object",
      "properties": {
        "ptrdname": {
          "type": "string",
          "description": "Gets or sets the PTR target domain name for this record without a terminating dot."
        }
      },
      "description": "A PTR record."
    },
    "RecordSetProperties": {
      "type": "object",
      "properties": {
        "metadata": {
          "oneOf": [
            {
              "type": "object",
              "additionalProperties": {
                "type": "string"
              }
            },
            {
              "$ref": "https://schema.management.azure.com/schemas/common/definitions.json#/definitions/expression"
            }
          ],
          "description": "Gets or sets the metadata attached to the resource."
        },
        "TTL": {
          "oneOf": [
            {
              "type": "integer"
            },
            {
              "$ref": "https://schema.management.azure.com/schemas/common/definitions.json#/definitions/expression"
            }
          ],
          "description": "Gets or sets the TTL of the records in the RecordSet."
        },
        "ARecords": {
          "oneOf": [
            {
              "type": "array",
              "items": {
                "$ref": "#/definitions/ARecord"
              }
            },
            {
              "$ref": "https://schema.management.azure.com/schemas/common/definitions.json#/definitions/expression"
            }
          ],
          "description": "Gets or sets the list of A records in the RecordSet."
        },
        "AAAARecords": {
          "oneOf": [
            {
              "type": "array",
              "items": {
                "$ref": "#/definitions/AaaaRecord"
              }
            },
            {
              "$ref": "https://schema.management.azure.com/schemas/common/definitions.json#/definitions/expression"
            }
          ],
          "description": "Gets or sets the list of AAAA records in the RecordSet."
        },
        "MXRecords": {
          "oneOf": [
            {
              "type": "array",
              "items": {
                "$ref": "#/definitions/MxRecord"
              }
            },
            {
              "$ref": "https://schema.management.azure.com/schemas/common/definitions.json#/definitions/expression"
            }
          ],
          "description": "Gets or sets the list of MX records in the RecordSet."
        },
        "NSRecords": {
          "oneOf": [
            {
              "type": "array",
              "items": {
                "$ref": "#/definitions/NsRecord"
              }
            },
            {
              "$ref": "https://schema.management.azure.com/schemas/common/definitions.json#/definitions/expression"
            }
          ],
          "description": "Gets or sets the list of NS records in the RecordSet."
        },
        "PTRRecords": {
          "oneOf": [
            {
              "type": "array",
              "items": {
                "$ref": "#/definitions/PtrRecord"
              }
            },
            {
              "$ref": "https://schema.management.azure.com/schemas/common/definitions.json#/definitions/expression"
            }
          ],
          "description": "Gets or sets the list of PTR records in the RecordSet."
        },
        "SRVRecords": {
          "oneOf": [
            {
              "type": "array",
              "items": {
                "$ref": "#/definitions/SrvRecord"
              }
            },
            {
              "$ref": "https://schema.management.azure.com/schemas/common/definitions.json#/definitions/expression"
            }
          ],
          "description": "Gets or sets the list of SRV records in the RecordSet."
        },
        "TXTRecords": {
          "oneOf": [
            {
              "type": "array",
              "items": {
                "$ref": "#/definitions/TxtRecord"
              }
            },
            {
              "$ref": "https://schema.management.azure.com/schemas/common/definitions.json#/definitions/expression"
            }
          ],
          "description": "Gets or sets the list of TXT records in the RecordSet."
        },
        "CNAMERecord": {
          "oneOf": [
            {
              "$ref": "#/definitions/CnameRecord"
            },
            {
              "$ref": "https://schema.management.azure.com/schemas/common/definitions.json#/definitions/expression"
            }
          ],
          "description": "Gets or sets the CNAME record in the RecordSet."
        },
        "SOARecord": {
          "oneOf": [
            {
              "$ref": "#/definitions/SoaRecord"
            },
            {
              "$ref": "https://schema.management.azure.com/schemas/common/definitions.json#/definitions/expression"
            }
          ],
          "description": "Gets or sets the SOA record in the RecordSet."
        }
      },
      "description": "Represents the properties of the records in the RecordSet."
    },
    "SoaRecord": {
      "type": "object",
      "properties": {
        "host": {
          "type": "string",
          "description": "Gets or sets the domain name of the authoritative name server, without a temrinating dot."
        },
        "email": {
          "type": "string",
          "description": "Gets or sets the email for this record."
        },
        "serialNumber": {
          "oneOf": [
            {
              "type": "integer"
            },
            {
              "$ref": "https://schema.management.azure.com/schemas/common/definitions.json#/definitions/expression"
            }
          ],
          "description": "Gets or sets the serial number for this record."
        },
        "refreshTime": {
          "oneOf": [
            {
              "type": "integer"
            },
            {
              "$ref": "https://schema.management.azure.com/schemas/common/definitions.json#/definitions/expression"
            }
          ],
          "description": "Gets or sets the refresh value for this record."
        },
        "retryTime": {
          "oneOf": [
            {
              "type": "integer"
            },
            {
              "$ref": "https://schema.management.azure.com/schemas/common/definitions.json#/definitions/expression"
            }
          ],
          "description": "Gets or sets the retry time for this record."
        },
        "expireTime": {
          "oneOf": [
            {
              "type": "integer"
            },
            {
              "$ref": "https://schema.management.azure.com/schemas/common/definitions.json#/definitions/expression"
            }
          ],
          "description": "Gets or sets the expire time for this record."
        },
        "minimumTTL": {
          "oneOf": [
            {
              "type": "integer"
            },
            {
              "$ref": "https://schema.management.azure.com/schemas/common/definitions.json#/definitions/expression"
            }
          ],
          "description": "Gets or sets the minimum TTL value for this record."
        }
      },
      "description": "An SOA record."
    },
    "SrvRecord": {
      "type": "object",
      "properties": {
        "priority": {
          "oneOf": [
            {
              "type": "integer"
            },
            {
              "$ref": "https://schema.management.azure.com/schemas/common/definitions.json#/definitions/expression"
            }
          ],
          "description": "Gets or sets the priority metric for this record."
        },
        "weight": {
          "oneOf": [
            {
              "type": "integer"
            },
            {
              "$ref": "https://schema.management.azure.com/schemas/common/definitions.json#/definitions/expression"
            }
          ],
          "description": "Gets or sets the weight metric for this this record."
        },
        "port": {
          "oneOf": [
            {
              "type": "integer"
            },
            {
              "$ref": "https://schema.management.azure.com/schemas/common/definitions.json#/definitions/expression"
            }
          ],
          "description": "Gets or sets the port of the service for this record."
        },
        "target": {
          "type": "string",
          "description": "Gets or sets the domain name of the target for this record, without a terminating dot."
        }
      },
      "description": "An SRV record."
    },
    "TxtRecord": {
      "type": "object",
      "properties": {
        "value": {
          "oneOf": [
            {
              "type": "array",
              "items": {
                "type": "string"
              }
            },
            {
              "$ref": "https://schema.management.azure.com/schemas/common/definitions.json#/definitions/expression"
            }
          ],
          "description": "Gets or sets the text value of this record."
        }
      },
      "description": "A TXT record."
    },
    "ZoneProperties": {
      "type": "object",
      "properties": {
        "maxNumberOfRecordSets": {
          "oneOf": [
            {
              "type": "integer"
            },
            {
              "$ref": "https://schema.management.azure.com/schemas/common/definitions.json#/definitions/expression"
            }
          ],
          "description": "Gets or sets the maximum number of record sets that can be created in this zone."
        },
        "numberOfRecordSets": {
          "oneOf": [
            {
              "type": "integer"
            },
            {
              "$ref": "https://schema.management.azure.com/schemas/common/definitions.json#/definitions/expression"
            }
          ],
          "description": "Gets or sets the current number of record sets in this zone."
        }
      },
      "description": "Represents the properties of the zone."
    }
  }
}
