{
  "id": "https://schema.management.azure.com/schemas/2015-06-01/Microsoft.KeyVault.Secrets.json#",
  "$schema": "http://json-schema.org/draft-04/schema#",
  "title": "Microsoft.KeyVault",
  "description": "Microsoft KeyVault Resource Types",
  "resourceDefinitions": {
    "vaults_secrets": {
      "type": "object",
      "properties": {
        "type": {
          "enum": [
            "Microsoft.KeyVault/vaults/secrets"
          ]
        },
        "apiVersion": {
          "enum": [
            "2015-06-01"
          ]
        },
        "properties": {
          "type": "object",
          "properties": {
            "value": {
              "type": "string",
              "description": "Secret value"
            }
          },
          "required": [
            "value"
          ]
        }
      },
      "required": [
        "apiVersion",
        "properties",
        "type"
      ],
      "description": "Microsoft.KeyVault/vaults/secrets"
    }
  },
  "definitions": {
  }
}
