{
  "id": "https://schema.management.azure.com/schemas/2015-08-01/Microsoft.ServiceBus.json#",
  "$schema": "http://json-schema.org/draft-04/schema#",
  "title": "Microsoft.ServiceBus",
  "description": "Microsoft ServiceBus Resource Types",
  "resourceDefinitions": {
    "namespaces": {
      "type": "object",
      "properties": {
        "apiVersion": {
          "type": "string",
          "enum": [
            "2015-08-01"
          ]
        },
        "location": {
          "type": "string",
          "description": "Namespace location."
        },
        "name": {
          "type": "string",
          "minLength": 6,
          "maxLength": 50,
          "description": "The namespace name."
        },
        "properties": {
          "oneOf": [
            {
              "$ref": "#/definitions/NamespaceProperties"
            },
            {
              "$ref": "https://schema.management.azure.com/schemas/common/definitions.json#/definitions/expression"
            }
          ],
          "description": "Properties of the namespace."
        },
        "resources": {
          "type": "array",
          "items": {
            "oneOf": [
              {
                "$ref": "#/definitions/namespaces_AuthorizationRules_childResource"
              },
              {
                "$ref": "#/definitions/namespaces_queues_childResource"
              },
              {
                "$ref": "#/definitions/namespaces_topics_childResource"
              }
            ]
          }
        },
        "sku": {
          "oneOf": [
            {
              "$ref": "#/definitions/Sku"
            },
            {
              "$ref": "https://schema.management.azure.com/schemas/common/definitions.json#/definitions/expression"
            }
          ],
          "description": "SKU of the namespace."
        },
        "tags": {
          "oneOf": [
            {
              "type": "object",
              "additionalProperties": {
                "type": "string"
              },
              "properties": {}
            },
            {
              "$ref": "https://schema.management.azure.com/schemas/common/definitions.json#/definitions/expression"
            }
          ],
          "description": "Namespace tags."
        },
        "type": {
          "type": "string",
          "enum": [
            "Microsoft.ServiceBus/namespaces"
          ]
        }
      },
      "required": [
        "apiVersion",
        "location",
        "name",
        "properties",
        "type"
      ],
      "description": "Microsoft.ServiceBus/namespaces"
    },
    "namespaces_AuthorizationRules": {
      "type": "object",
      "properties": {
        "apiVersion": {
          "type": "string",
          "enum": [
            "2015-08-01"
          ]
        },
        "location": {
          "type": "string",
          "description": "data center location."
        },
        "name": {
          "type": "string",
          "minLength": 1,
          "maxLength": 50,
          "description": "The authorization rule name."
        },
        "properties": {
          "oneOf": [
            {
              "$ref": "#/definitions/SharedAccessAuthorizationRuleProperties"
            },
            {
              "$ref": "https://schema.management.azure.com/schemas/common/definitions.json#/definitions/expression"
            }
          ],
          "description": "SharedAccessAuthorizationRule properties."
        },
        "type": {
          "type": "string",
          "enum": [
            "Microsoft.ServiceBus/namespaces/AuthorizationRules"
          ]
        }
      },
      "required": [
        "apiVersion",
        "name",
        "properties",
        "type"
      ],
      "description": "Microsoft.ServiceBus/namespaces/AuthorizationRules"
    },
    "namespaces_queues": {
      "type": "object",
      "properties": {
        "apiVersion": {
          "type": "string",
          "enum": [
            "2015-08-01"
          ]
        },
        "location": {
          "type": "string",
          "description": "location of the resource."
        },
        "name": {
          "type": "string",
          "minLength": 1,
          "maxLength": 50,
          "description": "The queue name."
        },
        "properties": {
          "oneOf": [
            {
              "$ref": "#/definitions/QueueProperties"
            },
            {
              "$ref": "https://schema.management.azure.com/schemas/common/definitions.json#/definitions/expression"
            }
          ],
          "description": "The Queue Properties definition."
        },
        "resources": {
          "type": "array",
          "items": {
            "oneOf": [
              {
                "$ref": "#/definitions/namespaces_queues_authorizationRules_childResource"
              }
            ]
          }
        },
        "type": {
          "type": "string",
          "enum": [
            "Microsoft.ServiceBus/namespaces/queues"
          ]
        }
      },
      "required": [
        "apiVersion",
        "location",
        "name",
        "properties",
        "type"
      ],
      "description": "Microsoft.ServiceBus/namespaces/queues"
    },
    "namespaces_queues_authorizationRules": {
      "type": "object",
      "properties": {
        "apiVersion": {
          "type": "string",
          "enum": [
            "2015-08-01"
          ]
        },
        "location": {
          "type": "string",
          "description": "data center location."
        },
        "name": {
          "type": "string",
          "minLength": 1,
          "maxLength": 50,
          "description": "The authorization rule name."
        },
        "properties": {
          "oneOf": [
            {
              "$ref": "#/definitions/SharedAccessAuthorizationRuleProperties"
            },
            {
              "$ref": "https://schema.management.azure.com/schemas/common/definitions.json#/definitions/expression"
            }
          ],
          "description": "SharedAccessAuthorizationRule properties."
        },
        "type": {
          "type": "string",
          "enum": [
            "Microsoft.ServiceBus/namespaces/queues/authorizationRules"
          ]
        }
      },
      "required": [
        "apiVersion",
        "name",
        "properties",
        "type"
      ],
      "description": "Microsoft.ServiceBus/namespaces/queues/authorizationRules"
    },
    "namespaces_topics": {
      "type": "object",
      "properties": {
        "apiVersion": {
          "type": "string",
          "enum": [
            "2015-08-01"
          ]
        },
        "location": {
          "type": "string",
          "description": "Location of the resource."
        },
        "name": {
          "type": "string",
          "minLength": 1,
          "maxLength": 50,
          "description": "The topic name."
        },
        "properties": {
          "oneOf": [
            {
              "$ref": "#/definitions/TopicProperties"
            },
            {
              "$ref": "https://schema.management.azure.com/schemas/common/definitions.json#/definitions/expression"
            }
          ],
          "description": "The Topic Properties definition."
        },
        "resources": {
          "type": "array",
          "items": {
            "oneOf": [
              {
                "$ref": "#/definitions/namespaces_topics_authorizationRules_childResource"
              },
              {
                "$ref": "#/definitions/namespaces_topics_subscriptions_childResource"
              }
            ]
          }
        },
        "type": {
          "type": "string",
          "enum": [
            "Microsoft.ServiceBus/namespaces/topics"
          ]
        }
      },
      "required": [
        "apiVersion",
        "location",
        "name",
        "properties",
        "type"
      ],
      "description": "Microsoft.ServiceBus/namespaces/topics"
    },
    "namespaces_topics_authorizationRules": {
      "type": "object",
      "properties": {
        "apiVersion": {
          "type": "string",
          "enum": [
            "2015-08-01"
          ]
        },
        "location": {
          "type": "string",
          "description": "data center location."
        },
        "name": {
          "type": "string",
          "minLength": 1,
          "maxLength": 50,
          "description": "The authorization rule name."
        },
        "properties": {
          "oneOf": [
            {
              "$ref": "#/definitions/SharedAccessAuthorizationRuleProperties"
            },
            {
              "$ref": "https://schema.management.azure.com/schemas/common/definitions.json#/definitions/expression"
            }
          ],
          "description": "SharedAccessAuthorizationRule properties."
        },
        "type": {
          "type": "string",
          "enum": [
            "Microsoft.ServiceBus/namespaces/topics/authorizationRules"
          ]
        }
      },
      "required": [
        "apiVersion",
        "name",
        "properties",
        "type"
      ],
      "description": "Microsoft.ServiceBus/namespaces/topics/authorizationRules"
    },
    "namespaces_topics_subscriptions": {
      "type": "object",
      "properties": {
        "apiVersion": {
          "type": "string",
          "enum": [
            "2015-08-01"
          ]
        },
        "location": {
          "type": "string",
          "description": "Subscription data center location."
        },
        "name": {
          "type": "string",
          "minLength": 1,
          "maxLength": 50,
          "description": "The subscription name."
        },
        "properties": {
          "oneOf": [
            {
              "$ref": "#/definitions/SubscriptionProperties"
            },
            {
              "$ref": "https://schema.management.azure.com/schemas/common/definitions.json#/definitions/expression"
            }
          ],
          "description": "Description of Subscription Resource."
        },
        "type": {
          "type": "string",
          "enum": [
            "Microsoft.ServiceBus/namespaces/topics/subscriptions"
          ]
        }
      },
      "required": [
        "apiVersion",
        "location",
        "name",
        "properties",
        "type"
      ],
      "description": "Microsoft.ServiceBus/namespaces/topics/subscriptions"
    }
  },
  "definitions": {
    "NamespaceProperties": {
      "type": "object",
      "properties": {
        "createACSNamespace": {
          "oneOf": [
            {
              "type": "boolean"
            },
            {
              "$ref": "https://schema.management.azure.com/schemas/common/definitions.json#/definitions/expression"
            }
          ],
          "description": "Indicates whether to create an ACS namespace."
        },
        "enabled": {
          "oneOf": [
            {
              "type": "boolean"
            },
            {
              "$ref": "https://schema.management.azure.com/schemas/common/definitions.json#/definitions/expression"
            }
          ],
          "description": "Specifies whether this instance is enabled."
        },
        "status": {
          "oneOf": [
            {
              "type": "string",
              "enum": [
                "Unknown",
                "Creating",
                "Created",
                "Activating",
                "Enabling",
                "Active",
                "Disabling",
                "Disabled",
                "SoftDeleting",
                "SoftDeleted",
                "Removing",
                "Removed",
                "Failed"
              ]
            },
            {
              "$ref": "https://schema.management.azure.com/schemas/common/definitions.json#/definitions/expression"
            }
          ],
          "description": "State of the namespace."
        }
      },
      "description": "Properties of the namespace."
    },
    "namespaces_AuthorizationRules_childResource": {
      "type": "object",
      "properties": {
        "apiVersion": {
          "type": "string",
          "enum": [
            "2015-08-01"
          ]
        },
        "location": {
          "type": "string",
          "description": "data center location."
        },
        "name": {
          "type": "string",
          "minLength": 1,
          "maxLength": 50,
          "description": "The authorization rule name."
        },
        "properties": {
          "oneOf": [
            {
              "$ref": "#/definitions/SharedAccessAuthorizationRuleProperties"
            },
            {
              "$ref": "https://schema.management.azure.com/schemas/common/definitions.json#/definitions/expression"
            }
          ],
          "description": "SharedAccessAuthorizationRule properties."
        },
        "type": {
          "type": "string",
          "enum": [
            "AuthorizationRules"
          ]
        }
      },
      "required": [
        "apiVersion",
        "name",
        "properties",
        "type"
      ],
      "description": "Microsoft.ServiceBus/namespaces/AuthorizationRules"
    },
    "namespaces_queues_authorizationRules_childResource": {
      "type": "object",
      "properties": {
        "apiVersion": {
          "type": "string",
          "enum": [
            "2015-08-01"
          ]
        },
        "location": {
          "type": "string",
          "description": "data center location."
        },
        "name": {
          "type": "string",
          "minLength": 1,
          "maxLength": 50,
          "description": "The authorization rule name."
        },
        "properties": {
          "oneOf": [
            {
              "$ref": "#/definitions/SharedAccessAuthorizationRuleProperties"
            },
            {
              "$ref": "https://schema.management.azure.com/schemas/common/definitions.json#/definitions/expression"
            }
          ],
          "description": "SharedAccessAuthorizationRule properties."
        },
        "type": {
          "type": "string",
          "enum": [
            "authorizationRules"
          ]
        }
      },
      "required": [
        "apiVersion",
        "name",
        "properties",
        "type"
      ],
      "description": "Microsoft.ServiceBus/namespaces/queues/authorizationRules"
    },
    "namespaces_queues_childResource": {
      "type": "object",
      "properties": {
        "apiVersion": {
          "type": "string",
          "enum": [
            "2015-08-01"
          ]
        },
        "location": {
          "type": "string",
          "description": "location of the resource."
        },
        "name": {
          "type": "string",
          "minLength": 1,
          "maxLength": 50,
          "description": "The queue name."
        },
        "properties": {
          "oneOf": [
            {
              "$ref": "#/definitions/QueueProperties"
            },
            {
              "$ref": "https://schema.management.azure.com/schemas/common/definitions.json#/definitions/expression"
            }
          ],
          "description": "The Queue Properties definition."
        },
        "type": {
          "type": "string",
          "enum": [
            "queues"
          ]
        }
      },
      "required": [
        "apiVersion",
        "location",
        "name",
        "properties",
        "type"
      ],
      "description": "Microsoft.ServiceBus/namespaces/queues"
    },
    "namespaces_topics_authorizationRules_childResource": {
      "type": "object",
      "properties": {
        "apiVersion": {
          "type": "string",
          "enum": [
            "2015-08-01"
          ]
        },
        "location": {
          "type": "string",
          "description": "data center location."
        },
        "name": {
          "type": "string",
          "minLength": 1,
          "maxLength": 50,
          "description": "The authorization rule name."
        },
        "properties": {
          "oneOf": [
            {
              "$ref": "#/definitions/SharedAccessAuthorizationRuleProperties"
            },
            {
              "$ref": "https://schema.management.azure.com/schemas/common/definitions.json#/definitions/expression"
            }
          ],
          "description": "SharedAccessAuthorizationRule properties."
        },
        "type": {
          "type": "string",
          "enum": [
            "authorizationRules"
          ]
        }
      },
      "required": [
        "apiVersion",
        "name",
        "properties",
        "type"
      ],
      "description": "Microsoft.ServiceBus/namespaces/topics/authorizationRules"
    },
    "namespaces_topics_childResource": {
      "type": "object",
      "properties": {
        "apiVersion": {
          "type": "string",
          "enum": [
            "2015-08-01"
          ]
        },
        "location": {
          "type": "string",
          "description": "Location of the resource."
        },
        "name": {
          "type": "string",
          "minLength": 1,
          "maxLength": 50,
          "description": "The topic name."
        },
        "properties": {
          "oneOf": [
            {
              "$ref": "#/definitions/TopicProperties"
            },
            {
              "$ref": "https://schema.management.azure.com/schemas/common/definitions.json#/definitions/expression"
            }
          ],
          "description": "The Topic Properties definition."
        },
        "type": {
          "type": "string",
          "enum": [
            "topics"
          ]
        }
      },
      "required": [
        "apiVersion",
        "location",
        "name",
        "properties",
        "type"
      ],
      "description": "Microsoft.ServiceBus/namespaces/topics"
    },
    "namespaces_topics_subscriptions_childResource": {
      "type": "object",
      "properties": {
        "apiVersion": {
          "type": "string",
          "enum": [
            "2015-08-01"
          ]
        },
        "location": {
          "type": "string",
          "description": "Subscription data center location."
        },
        "name": {
          "type": "string",
          "minLength": 1,
          "maxLength": 50,
          "description": "The subscription name."
        },
        "properties": {
          "oneOf": [
            {
              "$ref": "#/definitions/SubscriptionProperties"
            },
            {
              "$ref": "https://schema.management.azure.com/schemas/common/definitions.json#/definitions/expression"
            }
          ],
          "description": "Description of Subscription Resource."
        },
        "type": {
          "type": "string",
          "enum": [
            "subscriptions"
          ]
        }
      },
      "required": [
        "apiVersion",
        "location",
        "name",
        "properties",
        "type"
      ],
      "description": "Microsoft.ServiceBus/namespaces/topics/subscriptions"
    },
    "QueueProperties": {
      "type": "object",
      "properties": {
        "autoDeleteOnIdle": {
          "type": "string",
          "description": "the TimeSpan idle interval after which the queue is automatically deleted. The minimum duration is 5 minutes."
        },
        "deadLetteringOnMessageExpiration": {
          "oneOf": [
            {
              "type": "boolean"
            },
            {
              "$ref": "https://schema.management.azure.com/schemas/common/definitions.json#/definitions/expression"
            }
          ],
          "description": "A value that indicates whether this queue has dead letter support when a message expires."
        },
        "defaultMessageTimeToLive": {
          "type": "string",
          "description": "The default message time to live value. This is the duration after which the message expires, starting from when the message is sent to Service Bus. This is the default value used when TimeToLive is not set on a message itself."
        },
        "duplicateDetectionHistoryTimeWindow": {
          "type": "string",
          "description": "TimeSpan structure that defines the duration of the duplicate detection history. The default value is 10 minutes."
        },
        "enableBatchedOperations": {
          "oneOf": [
            {
              "type": "boolean"
            },
            {
              "$ref": "https://schema.management.azure.com/schemas/common/definitions.json#/definitions/expression"
            }
          ],
          "description": "A value that indicates whether server-side batched operations are enabled."
        },
        "enableExpress": {
          "oneOf": [
            {
              "type": "boolean"
            },
            {
              "$ref": "https://schema.management.azure.com/schemas/common/definitions.json#/definitions/expression"
            }
          ],
          "description": "A value that indicates whether Express Entities are enabled. An express queue holds a message in memory temporarily before writing it to persistent storage."
        },
        "enablePartitioning": {
          "oneOf": [
            {
              "type": "boolean"
            },
            {
              "$ref": "https://schema.management.azure.com/schemas/common/definitions.json#/definitions/expression"
            }
          ],
          "description": "A value that indicates whether the queue is to be partitioned across multiple message brokers."
        },
        "entityAvailabilityStatus": {
          "oneOf": [
            {
              "type": "string",
              "enum": [
                "Available",
                "Limited",
                "Renaming",
                "Restoring",
                "Unknown"
              ]
            },
            {
              "$ref": "https://schema.management.azure.com/schemas/common/definitions.json#/definitions/expression"
            }
          ],
          "description": "Entity availability status for the queue."
        },
        "isAnonymousAccessible": {
          "oneOf": [
            {
              "type": "boolean"
            },
            {
              "$ref": "https://schema.management.azure.com/schemas/common/definitions.json#/definitions/expression"
            }
          ],
          "description": "A value that indicates whether the message is accessible anonymously."
        },
        "lockDuration": {
          "type": "string",
          "description": "The duration of a peek-lock; that is, the amount of time that the message is locked for other receivers. The maximum value for LockDuration is 5 minutes; the default value is 1 minute."
        },
        "maxDeliveryCount": {
          "oneOf": [
            {
              "type": "integer"
            },
            {
              "$ref": "https://schema.management.azure.com/schemas/common/definitions.json#/definitions/expression"
            }
          ],
          "description": "The maximum delivery count. A message is automatically deadlettered after this number of deliveries."
        },
        "maxSizeInMegabytes": {
          "oneOf": [
            {
              "type": "integer"
            },
            {
              "$ref": "https://schema.management.azure.com/schemas/common/definitions.json#/definitions/expression"
            }
          ],
          "description": "The maximum size of the queue in megabytes, which is the size of memory allocated for the queue."
        },
        "requiresDuplicateDetection": {
          "oneOf": [
            {
              "type": "boolean"
            },
            {
              "$ref": "https://schema.management.azure.com/schemas/common/definitions.json#/definitions/expression"
            }
          ],
          "description": "A value indicating if this queue requires duplicate detection."
        },
        "requiresSession": {
          "oneOf": [
            {
              "type": "boolean"
            },
            {
              "$ref": "https://schema.management.azure.com/schemas/common/definitions.json#/definitions/expression"
            }
          ],
          "description": "A value that indicates whether the queue supports the concept of sessions."
        },
        "status": {
          "oneOf": [
            {
              "type": "string",
              "enum": [
                "Active",
                "Creating",
                "Deleting",
                "Disabled",
                "ReceiveDisabled",
                "Renaming",
                "Restoring",
                "SendDisabled",
                "Unknown"
              ]
            },
            {
              "$ref": "https://schema.management.azure.com/schemas/common/definitions.json#/definitions/expression"
            }
          ],
          "description": "Enumerates the possible values for the status of a messaging entity."
        },
        "supportOrdering": {
          "oneOf": [
            {
              "type": "boolean"
            },
            {
              "$ref": "https://schema.management.azure.com/schemas/common/definitions.json#/definitions/expression"
            }
          ],
          "description": "A value that indicates whether the queue supports ordering."
        }
      },
      "description": "The Queue Properties definition."
    },
    "SharedAccessAuthorizationRuleProperties": {
      "type": "object",
      "properties": {
        "rights": {
          "oneOf": [
            {
              "type": "array",
              "items": {
                "type": "string",
                "enum": [
                  "Manage",
                  "Send",
                  "Listen"
                ]
              }
            },
            {
              "$ref": "https://schema.management.azure.com/schemas/common/definitions.json#/definitions/expression"
            }
          ],
          "description": "The rights associated with the rule."
        }
      },
      "required": [
        "rights"
      ],
      "description": "SharedAccessAuthorizationRule properties."
    },
    "Sku": {
      "type": "object",
      "properties": {
        "capacity": {
          "oneOf": [
            {
              "type": "integer"
            },
            {
              "$ref": "https://schema.management.azure.com/schemas/common/definitions.json#/definitions/expression"
            }
          ],
          "description": "The specified messaging units for the tier."
        },
        "name": {
          "oneOf": [
            {
              "type": "string",
              "enum": [
                "Basic",
                "Standard",
                "Premium"
              ]
            },
            {
              "$ref": "https://schema.management.azure.com/schemas/common/definitions.json#/definitions/expression"
            }
          ],
          "description": "Name of this SKU."
        },
        "tier": {
          "oneOf": [
            {
              "type": "string",
              "enum": [
                "Basic",
                "Standard",
                "Premium"
              ]
            },
            {
              "$ref": "https://schema.management.azure.com/schemas/common/definitions.json#/definitions/expression"
            }
          ],
          "description": "The billing tier of this particular SKU."
        }
      },
      "required": [
        "tier"
      ],
      "description": "SKU of the namespace."
    },
    "SubscriptionProperties": {
      "type": "object",
      "properties": {
        "autoDeleteOnIdle": {
          "type": "string",
          "description": "TimeSpan idle interval after which the topic is automatically deleted. The minimum duration is 5 minutes."
        },
        "deadLetteringOnFilterEvaluationExceptions": {
          "oneOf": [
            {
              "type": "boolean"
            },
            {
              "$ref": "https://schema.management.azure.com/schemas/common/definitions.json#/definitions/expression"
            }
          ],
          "description": "Value that indicates whether a subscription has dead letter support on filter evaluation exceptions."
        },
        "deadLetteringOnMessageExpiration": {
          "oneOf": [
            {
              "type": "boolean"
            },
            {
              "$ref": "https://schema.management.azure.com/schemas/common/definitions.json#/definitions/expression"
            }
          ],
          "description": "Value that indicates whether a subscription has dead letter support when a message expires."
        },
        "defaultMessageTimeToLive": {
          "type": "string",
          "description": "Default message time to live value. This is the duration after which the message expires, starting from when the message is sent to Service Bus. This is the default value used when TimeToLive is not set on a message itself."
        },
        "enableBatchedOperations": {
          "oneOf": [
            {
              "type": "boolean"
            },
            {
              "$ref": "https://schema.management.azure.com/schemas/common/definitions.json#/definitions/expression"
            }
          ],
          "description": "Value that indicates whether server-side batched operations are enabled."
        },
        "entityAvailabilityStatus": {
          "oneOf": [
            {
              "type": "string",
              "enum": [
                "Available",
                "Limited",
                "Renaming",
                "Restoring",
                "Unknown"
              ]
            },
            {
              "$ref": "https://schema.management.azure.com/schemas/common/definitions.json#/definitions/expression"
            }
          ],
          "description": "Entity availability status for the topic."
        },
        "isReadOnly": {
          "oneOf": [
            {
              "type": "boolean"
            },
            {
              "$ref": "https://schema.management.azure.com/schemas/common/definitions.json#/definitions/expression"
            }
          ],
          "description": "Value that indicates whether the entity description is read-only."
        },
        "lockDuration": {
          "type": "string",
          "description": "The lock duration time span for the subscription."
        },
        "maxDeliveryCount": {
          "oneOf": [
            {
              "type": "integer"
            },
            {
              "$ref": "https://schema.management.azure.com/schemas/common/definitions.json#/definitions/expression"
            }
          ],
          "description": "Number of maximum deliveries."
        },
        "requiresSession": {
          "oneOf": [
            {
              "type": "boolean"
            },
            {
              "$ref": "https://schema.management.azure.com/schemas/common/definitions.json#/definitions/expression"
            }
          ],
          "description": "Value indicating if a subscription supports the concept of sessions."
        },
        "status": {
          "oneOf": [
            {
              "type": "string",
              "enum": [
                "Active",
                "Creating",
                "Deleting",
                "Disabled",
                "ReceiveDisabled",
                "Renaming",
                "Restoring",
                "SendDisabled",
                "Unknown"
              ]
            },
            {
              "$ref": "https://schema.management.azure.com/schemas/common/definitions.json#/definitions/expression"
            }
          ],
          "description": "Enumerates the possible values for the status of a messaging entity."
        }
      },
      "description": "Description of Subscription Resource."
    },
    "TopicProperties": {
      "type": "object",
      "properties": {
        "autoDeleteOnIdle": {
          "type": "string",
          "description": "TimeSpan idle interval after which the topic is automatically deleted. The minimum duration is 5 minutes."
        },
        "defaultMessageTimeToLive": {
          "type": "string",
          "description": "Default message time to live value. This is the duration after which the message expires, starting from when the message is sent to Service Bus. This is the default value used when TimeToLive is not set on a message itself."
        },
        "duplicateDetectionHistoryTimeWindow": {
          "type": "string",
          "description": "TimeSpan structure that defines the duration of the duplicate detection history. The default value is 10 minutes."
        },
        "enableBatchedOperations": {
          "oneOf": [
            {
              "type": "boolean"
            },
            {
              "$ref": "https://schema.management.azure.com/schemas/common/definitions.json#/definitions/expression"
            }
          ],
          "description": "Value that indicates whether server-side batched operations are enabled."
        },
        "enableExpress": {
          "oneOf": [
            {
              "type": "boolean"
            },
            {
              "$ref": "https://schema.management.azure.com/schemas/common/definitions.json#/definitions/expression"
            }
          ],
          "description": "Value that indicates whether Express Entities are enabled. An express topic holds a message in memory temporarily before writing it to persistent storage."
        },
        "enablePartitioning": {
          "oneOf": [
            {
              "type": "boolean"
            },
            {
              "$ref": "https://schema.management.azure.com/schemas/common/definitions.json#/definitions/expression"
            }
          ],
          "description": "Value that indicates whether the topic to be partitioned across multiple message brokers is enabled."
        },
        "entityAvailabilityStatus": {
          "oneOf": [
            {
              "type": "string",
              "enum": [
                "Available",
                "Limited",
                "Renaming",
                "Restoring",
                "Unknown"
              ]
            },
            {
              "$ref": "https://schema.management.azure.com/schemas/common/definitions.json#/definitions/expression"
            }
          ],
          "description": "Entity availability status for the topic."
        },
        "filteringMessagesBeforePublishing": {
          "oneOf": [
            {
              "type": "boolean"
            },
            {
              "$ref": "https://schema.management.azure.com/schemas/common/definitions.json#/definitions/expression"
            }
          ],
          "description": "Whether messages should be filtered before publishing."
        },
        "isAnonymousAccessible": {
          "oneOf": [
            {
              "type": "boolean"
            },
            {
              "$ref": "https://schema.management.azure.com/schemas/common/definitions.json#/definitions/expression"
            }
          ],
          "description": "Value that indicates whether the message is accessible anonymously."
        },
        "isExpress": {
          "oneOf": [
            {
              "type": "boolean"
            },
            {
              "$ref": "https://schema.management.azure.com/schemas/common/definitions.json#/definitions/expression"
            }
          ]
        },
        "maxSizeInMegabytes": {
          "oneOf": [
            {
              "type": "integer"
            },
            {
              "$ref": "https://schema.management.azure.com/schemas/common/definitions.json#/definitions/expression"
            }
          ],
          "description": "Maximum size of the topic in megabytes, which is the size of the memory allocated for the topic."
        },
        "requiresDuplicateDetection": {
          "oneOf": [
            {
              "type": "boolean"
            },
            {
              "$ref": "https://schema.management.azure.com/schemas/common/definitions.json#/definitions/expression"
            }
          ],
          "description": "Value indicating if this topic requires duplicate detection."
        },
        "status": {
          "oneOf": [
            {
              "type": "string",
              "enum": [
                "Active",
                "Creating",
                "Deleting",
                "Disabled",
                "ReceiveDisabled",
                "Renaming",
                "Restoring",
                "SendDisabled",
                "Unknown"
              ]
            },
            {
              "$ref": "https://schema.management.azure.com/schemas/common/definitions.json#/definitions/expression"
            }
          ],
          "description": "Enumerates the possible values for the status of a messaging entity."
        },
        "supportOrdering": {
          "oneOf": [
            {
              "type": "boolean"
            },
            {
              "$ref": "https://schema.management.azure.com/schemas/common/definitions.json#/definitions/expression"
            }
          ],
          "description": "Value that indicates whether the topic supports ordering."
        }
      },
      "description": "The Topic Properties definition."
    }
  }
}