{
  "id": "https://schema.management.azure.com/schemas/2014-08-01-preview/Microsoft.Scheduler.json#",
  "$schema": "http://json-schema.org/draft-04/schema#",
  "title": "Microsoft.Scheduler",
  "description": "Microsoft Scheduler Resource Types",
  "resourceDefinitions": {
    "jobCollections": {
      "type": "object",
      "properties": {
        "apiVersion": {
          "type": "string",
          "enum": [
            "2014-08-01-preview"
          ]
        },
        "location": {
          "type": "string",
          "description": "Gets or sets the storage account location."
        },
        "name": {
          "type": "string",
          "description": "The job collection name."
        },
        "properties": {
          "oneOf": [
            {
              "$ref": "#/definitions/JobCollectionProperties"
            },
            {
              "$ref": "https://schema.management.azure.com/schemas/common/definitions.json#/definitions/expression"
            }
          ]
        },
        "resources": {
          "type": "array",
          "items": {
            "oneOf": [
              {
                "$ref": "#/definitions/jobCollections_jobs_childResource"
              }
            ]
          }
        },
        "tags": {
          "oneOf": [
            {
              "type": "object",
              "additionalProperties": {
                "type": "string"
              },
              "properties": {}
            },
            {
              "$ref": "https://schema.management.azure.com/schemas/common/definitions.json#/definitions/expression"
            }
          ],
          "description": "Gets or sets the tags."
        },
        "type": {
          "type": "string",
          "enum": [
            "Microsoft.Scheduler/jobCollections"
          ]
        }
      },
      "required": [
        "apiVersion",
        "name",
        "properties",
        "type"
      ],
      "description": "Microsoft.Scheduler/jobCollections"
    },
    "jobCollections_jobs": {
      "type": "object",
      "properties": {
        "apiVersion": {
          "type": "string",
          "enum": [
            "2014-08-01-preview"
          ]
        },
        "name": {
          "type": "string",
          "description": "The job name."
        },
        "properties": {
          "oneOf": [
            {
              "$ref": "#/definitions/JobProperties"
            },
            {
              "$ref": "https://schema.management.azure.com/schemas/common/definitions.json#/definitions/expression"
            }
          ]
        },
        "type": {
          "type": "string",
          "enum": [
            "Microsoft.Scheduler/jobCollections/jobs"
          ]
        }
      },
      "required": [
        "apiVersion",
        "name",
        "properties",
        "type"
      ],
      "description": "Microsoft.Scheduler/jobCollections/jobs"
    }
  },
  "definitions": {
    "HttpAuthentication": {
      "type": "object",
      "properties": {
        "type": {
          "oneOf": [
            {
              "type": "string",
              "enum": [
                "NotSpecified",
                "ClientCertificate",
                "ActiveDirectoryOAuth",
                "Basic"
              ]
            },
            {
              "$ref": "https://schema.management.azure.com/schemas/common/definitions.json#/definitions/expression"
            }
          ],
          "description": "Gets or sets the http authentication type."
        }
      }
    },
    "HttpRequest": {
      "type": "object",
      "properties": {
        "authentication": {
          "oneOf": [
            {
              "$ref": "#/definitions/HttpAuthentication"
            },
            {
              "$ref": "https://schema.management.azure.com/schemas/common/definitions.json#/definitions/expression"
            }
          ]
        },
        "body": {
          "type": "string",
          "description": "Gets or sets the request body."
        },
        "headers": {
          "oneOf": [
            {
              "type": "object",
              "additionalProperties": {
                "type": "string"
              },
              "properties": {}
            },
            {
              "$ref": "https://schema.management.azure.com/schemas/common/definitions.json#/definitions/expression"
            }
          ],
          "description": "Gets or sets the headers."
        },
        "method": {
          "type": "string",
          "description": "Gets or sets the method of the request."
        },
        "uri": {
          "type": "string",
          "description": "Gets or sets the Uri."
        }
      }
    },
    "JobAction": {
      "type": "object",
      "properties": {
        "errorAction": {
          "oneOf": [
            {
              "$ref": "#/definitions/JobErrorAction"
            },
            {
              "$ref": "https://schema.management.azure.com/schemas/common/definitions.json#/definitions/expression"
            }
          ]
        },
        "queueMessage": {
          "oneOf": [
            {
              "$ref": "#/definitions/StorageQueueMessage"
            },
            {
              "$ref": "https://schema.management.azure.com/schemas/common/definitions.json#/definitions/expression"
            }
          ]
        },
        "request": {
          "oneOf": [
            {
              "$ref": "#/definitions/HttpRequest"
            },
            {
              "$ref": "https://schema.management.azure.com/schemas/common/definitions.json#/definitions/expression"
            }
          ]
        },
        "retryPolicy": {
          "oneOf": [
            {
              "$ref": "#/definitions/RetryPolicy"
            },
            {
              "$ref": "https://schema.management.azure.com/schemas/common/definitions.json#/definitions/expression"
            }
          ]
        },
        "serviceBusQueueMessage": {
          "oneOf": [
            {
              "$ref": "#/definitions/ServiceBusQueueMessage"
            },
            {
              "$ref": "https://schema.management.azure.com/schemas/common/definitions.json#/definitions/expression"
            }
          ]
        },
        "serviceBusTopicMessage": {
          "oneOf": [
            {
              "$ref": "#/definitions/ServiceBusTopicMessage"
            },
            {
              "$ref": "https://schema.management.azure.com/schemas/common/definitions.json#/definitions/expression"
            }
          ]
        },
        "type": {
          "oneOf": [
            {
              "type": "string",
              "enum": [
                "Http",
                "Https",
                "StorageQueue",
                "ServiceBusQueue",
                "ServiceBusTopic"
              ]
            },
            {
              "$ref": "https://schema.management.azure.com/schemas/common/definitions.json#/definitions/expression"
            }
          ],
          "description": "Gets or sets the job action type."
        }
      }
    },
    "JobCollectionProperties": {
      "type": "object",
      "properties": {
        "quota": {
          "oneOf": [
            {
              "$ref": "#/definitions/JobCollectionQuota"
            },
            {
              "$ref": "https://schema.management.azure.com/schemas/common/definitions.json#/definitions/expression"
            }
          ]
        },
        "sku": {
          "oneOf": [
            {
              "$ref": "#/definitions/Sku"
            },
            {
              "$ref": "https://schema.management.azure.com/schemas/common/definitions.json#/definitions/expression"
            }
          ]
        },
        "state": {
          "oneOf": [
            {
              "type": "string",
              "enum": [
                "Enabled",
                "Disabled",
                "Suspended",
                "Deleted"
              ]
            },
            {
              "$ref": "https://schema.management.azure.com/schemas/common/definitions.json#/definitions/expression"
            }
          ],
          "description": "Gets or sets the state."
        }
      }
    },
    "JobCollectionQuota": {
      "type": "object",
      "properties": {
        "maxJobCount": {
          "oneOf": [
            {
              "type": "integer"
            },
            {
              "$ref": "https://schema.management.azure.com/schemas/common/definitions.json#/definitions/expression"
            }
          ],
          "description": "Gets or set the maximum job count."
        },
        "maxJobOccurrence": {
          "oneOf": [
            {
              "type": "integer"
            },
            {
              "$ref": "https://schema.management.azure.com/schemas/common/definitions.json#/definitions/expression"
            }
          ],
          "description": "Gets or sets the maximum job occurrence."
        },
        "maxRecurrence": {
          "oneOf": [
            {
              "$ref": "#/definitions/JobMaxRecurrence"
            },
            {
              "$ref": "https://schema.management.azure.com/schemas/common/definitions.json#/definitions/expression"
            }
          ]
        }
      }
    },
    "jobCollections_jobs_childResource": {
      "type": "object",
      "properties": {
        "apiVersion": {
          "type": "string",
          "enum": [
            "2014-08-01-preview"
          ]
        },
        "name": {
          "type": "string",
          "description": "The job name."
        },
        "properties": {
          "oneOf": [
            {
              "$ref": "#/definitions/JobProperties"
            },
            {
              "$ref": "https://schema.management.azure.com/schemas/common/definitions.json#/definitions/expression"
            }
          ]
        },
        "type": {
          "type": "string",
          "enum": [
            "jobs"
          ]
        }
      },
      "required": [
        "apiVersion",
        "name",
        "properties",
        "type"
      ],
      "description": "Microsoft.Scheduler/jobCollections/jobs"
    },
    "JobErrorAction": {
      "type": "object",
      "properties": {
        "queueMessage": {
          "oneOf": [
            {
              "$ref": "#/definitions/StorageQueueMessage"
            },
            {
              "$ref": "https://schema.management.azure.com/schemas/common/definitions.json#/definitions/expression"
            }
          ]
        },
        "request": {
          "oneOf": [
            {
              "$ref": "#/definitions/HttpRequest"
            },
            {
              "$ref": "https://schema.management.azure.com/schemas/common/definitions.json#/definitions/expression"
            }
          ]
        },
        "retryPolicy": {
          "oneOf": [
            {
              "$ref": "#/definitions/RetryPolicy"
            },
            {
              "$ref": "https://schema.management.azure.com/schemas/common/definitions.json#/definitions/expression"
            }
          ]
        },
        "serviceBusQueueMessage": {
          "oneOf": [
            {
              "$ref": "#/definitions/ServiceBusQueueMessage"
            },
            {
              "$ref": "https://schema.management.azure.com/schemas/common/definitions.json#/definitions/expression"
            }
          ]
        },
        "serviceBusTopicMessage": {
          "oneOf": [
            {
              "$ref": "#/definitions/ServiceBusTopicMessage"
            },
            {
              "$ref": "https://schema.management.azure.com/schemas/common/definitions.json#/definitions/expression"
            }
          ]
        },
        "type": {
          "oneOf": [
            {
              "type": "string",
              "enum": [
                "Http",
                "Https",
                "StorageQueue",
                "ServiceBusQueue",
                "ServiceBusTopic"
              ]
            },
            {
              "$ref": "https://schema.management.azure.com/schemas/common/definitions.json#/definitions/expression"
            }
          ],
          "description": "Gets or sets the job error action type."
        }
      }
    },
    "JobMaxRecurrence": {
      "type": "object",
      "properties": {
        "frequency": {
          "oneOf": [
            {
              "type": "string",
              "enum": [
                "Minute",
                "Hour",
                "Day",
                "Week",
                "Month"
              ]
            },
            {
              "$ref": "https://schema.management.azure.com/schemas/common/definitions.json#/definitions/expression"
            }
          ],
          "description": "Gets or sets the frequency of recurrence (second, minute, hour, day, week, month)."
        },
        "interval": {
          "oneOf": [
            {
              "type": "integer"
            },
            {
              "$ref": "https://schema.management.azure.com/schemas/common/definitions.json#/definitions/expression"
            }
          ],
          "description": "Gets or sets the interval between retries."
        }
      }
    },
    "JobProperties": {
      "type": "object",
      "properties": {
        "action": {
          "oneOf": [
            {
              "$ref": "#/definitions/JobAction"
            },
            {
              "$ref": "https://schema.management.azure.com/schemas/common/definitions.json#/definitions/expression"
            }
          ]
        },
        "recurrence": {
          "oneOf": [
            {
              "$ref": "#/definitions/JobRecurrence"
            },
            {
              "$ref": "https://schema.management.azure.com/schemas/common/definitions.json#/definitions/expression"
            }
          ]
        },
        "startTime": {
          "type": "string",
          "format": "date-time",
          "description": "Gets or sets the job start time."
        },
        "state": {
          "oneOf": [
            {
              "type": "string",
              "enum": [
                "Enabled",
                "Disabled",
                "Faulted",
                "Completed"
              ]
            },
            {
              "$ref": "https://schema.management.azure.com/schemas/common/definitions.json#/definitions/expression"
            }
          ],
          "description": "Gets or set the job state."
        }
      }
    },
    "JobRecurrence": {
      "type": "object",
      "properties": {
        "count": {
          "oneOf": [
            {
              "type": "integer"
            },
            {
              "$ref": "https://schema.management.azure.com/schemas/common/definitions.json#/definitions/expression"
            }
          ],
          "description": "Gets or sets the maximum number of times that the job should run."
        },
        "endTime": {
          "type": "string",
          "format": "date-time",
          "description": "Gets or sets the time at which the job will complete."
        },
        "frequency": {
          "oneOf": [
            {
              "type": "string",
              "enum": [
                "Minute",
                "Hour",
                "Day",
                "Week",
                "Month"
              ]
            },
            {
              "$ref": "https://schema.management.azure.com/schemas/common/definitions.json#/definitions/expression"
            }
          ],
          "description": "Gets or sets the frequency of recurrence (second, minute, hour, day, week, month)."
        },
        "interval": {
          "oneOf": [
            {
              "type": "integer"
            },
            {
              "$ref": "https://schema.management.azure.com/schemas/common/definitions.json#/definitions/expression"
            }
          ],
          "description": "Gets or sets the interval between retries."
        },
        "schedule": {
          "oneOf": [
            {
              "$ref": "#/definitions/JobRecurrenceSchedule"
            },
            {
              "$ref": "https://schema.management.azure.com/schemas/common/definitions.json#/definitions/expression"
            }
          ]
        }
      }
    },
    "JobRecurrenceSchedule": {
      "type": "object",
      "properties": {
        "hours": {
          "oneOf": [
            {
              "type": "array",
              "items": {
                "type": "integer"
              }
            },
            {
              "$ref": "https://schema.management.azure.com/schemas/common/definitions.json#/definitions/expression"
            }
          ],
          "description": "Gets or sets the hours of the day that the job should execute at."
        },
        "minutes": {
          "oneOf": [
            {
              "type": "array",
              "items": {
                "type": "integer"
              }
            },
            {
              "$ref": "https://schema.management.azure.com/schemas/common/definitions.json#/definitions/expression"
            }
          ],
          "description": "Gets or sets the minutes of the hour that the job should execute at."
        },
        "monthDays": {
          "oneOf": [
            {
              "type": "array",
              "items": {
                "type": "integer"
              }
            },
            {
              "$ref": "https://schema.management.azure.com/schemas/common/definitions.json#/definitions/expression"
            }
          ],
          "description": "Gets or sets the days of the month that the job should execute on. Must be between 1 and 31."
        },
        "monthlyOccurrences": {
          "oneOf": [
            {
              "type": "array",
              "items": {
                "$ref": "#/definitions/JobRecurrenceScheduleMonthlyOccurrence"
              }
            },
            {
              "$ref": "https://schema.management.azure.com/schemas/common/definitions.json#/definitions/expression"
            }
          ],
          "description": "Gets or sets the occurrences of days within a month."
        },
        "weekDays": {
          "oneOf": [
            {
              "type": "array",
              "items": {
                "type": "string",
                "enum": [
                  "Monday",
                  "Tuesday",
                  "Wednesday",
                  "Thursday",
                  "Friday",
                  "Saturday",
                  "Sunday"
                ]
              }
            },
            {
              "$ref": "https://schema.management.azure.com/schemas/common/definitions.json#/definitions/expression"
            }
          ],
          "description": "Gets or sets the days of the week that the job should execute on."
        }
      }
    },
    "JobRecurrenceScheduleMonthlyOccurrence": {
      "type": "object",
      "properties": {
        "day": {
          "oneOf": [
            {
              "type": "string",
              "enum": [
                "Monday",
                "Tuesday",
                "Wednesday",
                "Thursday",
                "Friday",
                "Saturday",
                "Sunday"
              ]
            },
            {
              "$ref": "https://schema.management.azure.com/schemas/common/definitions.json#/definitions/expression"
            }
          ],
          "description": "Gets or sets the day. Must be one of monday, tuesday, wednesday, thursday, friday, saturday, sunday."
        },
        "Occurrence": {
          "oneOf": [
            {
              "type": "integer"
            },
            {
              "$ref": "https://schema.management.azure.com/schemas/common/definitions.json#/definitions/expression"
            }
          ],
          "description": "Gets or sets the occurrence. Must be between -5 and 5."
        }
      }
    },
    "RetryPolicy": {
      "type": "object",
      "properties": {
        "retryCount": {
          "oneOf": [
            {
              "type": "integer"
            },
            {
              "$ref": "https://schema.management.azure.com/schemas/common/definitions.json#/definitions/expression"
            }
          ],
          "description": "Gets or sets the number of times a retry should be attempted."
        },
        "retryInterval": {
          "type": "string",
          "format": "duration",
          "description": "Gets or sets the retry interval between retries."
        },
        "retryType": {
          "oneOf": [
            {
              "type": "string",
              "enum": [
                "None",
                "Fixed"
              ]
            },
            {
              "$ref": "https://schema.management.azure.com/schemas/common/definitions.json#/definitions/expression"
            }
          ],
          "description": "Gets or sets the retry strategy to be used."
        }
      }
    },
    "ServiceBusAuthentication": {
      "type": "object",
      "properties": {
        "sasKey": {
          "type": "string",
          "description": "Gets or sets the SAS key."
        },
        "sasKeyName": {
          "type": "string",
          "description": "Gets or sets the SAS key name."
        },
        "type": {
          "oneOf": [
            {
              "type": "string",
              "enum": [
                "NotSpecified",
                "SharedAccessKey"
              ]
            },
            {
              "$ref": "https://schema.management.azure.com/schemas/common/definitions.json#/definitions/expression"
            }
          ],
          "description": "Gets or sets the authentication type."
        }
      }
    },
    "ServiceBusBrokeredMessageProperties": {
      "type": "object",
      "properties": {
        "contentType": {
          "type": "string",
          "description": "Gets or sets the content type."
        },
        "correlationId": {
          "type": "string",
          "description": "Gets or sets the correlation id."
        },
        "forcePersistence": {
          "oneOf": [
            {
              "type": "boolean"
            },
            {
              "$ref": "https://schema.management.azure.com/schemas/common/definitions.json#/definitions/expression"
            }
          ],
          "description": "Gets or sets the force persistence."
        },
        "label": {
          "type": "string",
          "description": "Gets or sets the label."
        },
        "messageId": {
          "type": "string",
          "description": "Gets or sets the message id."
        },
        "partitionKey": {
          "type": "string",
          "description": "Gets or sets the partition key."
        },
        "replyTo": {
          "type": "string",
          "description": "Gets or sets the reply to."
        },
        "replyToSessionId": {
          "type": "string",
          "description": "Gets or sets the reply to session id."
        },
        "scheduledEnqueueTimeUtc": {
          "type": "string",
          "format": "date-time",
          "description": "Gets or sets the scheduled enqueue time UTC."
        },
        "sessionId": {
          "type": "string",
          "description": "Gets or sets the session id."
        },
        "timeToLive": {
          "type": "string",
          "format": "date-time",
          "description": "Gets or sets the time to live."
        },
        "to": {
          "type": "string",
          "description": "Gets or sets the to."
        },
        "viaPartitionKey": {
          "type": "string",
          "description": "Gets or sets the via partition key."
        }
      }
    },
    "ServiceBusQueueMessage": {
      "type": "object",
      "properties": {
        "authentication": {
          "oneOf": [
            {
              "$ref": "#/definitions/ServiceBusAuthentication"
            },
            {
              "$ref": "https://schema.management.azure.com/schemas/common/definitions.json#/definitions/expression"
            }
          ]
        },
        "brokeredMessageProperties": {
          "oneOf": [
            {
              "$ref": "#/definitions/ServiceBusBrokeredMessageProperties"
            },
            {
              "$ref": "https://schema.management.azure.com/schemas/common/definitions.json#/definitions/expression"
            }
          ]
        },
        "customMessageProperties": {
          "oneOf": [
            {
              "type": "object",
              "additionalProperties": {
                "type": "string"
              },
              "properties": {}
            },
            {
              "$ref": "https://schema.management.azure.com/schemas/common/definitions.json#/definitions/expression"
            }
          ],
          "description": "Gets or sets the custom message properties."
        },
        "message": {
          "type": "string",
          "description": "Gets or sets the message."
        },
        "namespace": {
          "type": "string",
          "description": "Gets or sets the namespace."
        },
        "queueName": {
          "type": "string",
          "description": "Gets or sets the queue name."
        },
        "transportType": {
          "oneOf": [
            {
              "type": "string",
              "enum": [
                "NotSpecified",
                "NetMessaging",
                "AMQP"
              ]
            },
            {
              "$ref": "https://schema.management.azure.com/schemas/common/definitions.json#/definitions/expression"
            }
          ],
          "description": "Gets or sets the transport type."
        }
      }
    },
    "ServiceBusTopicMessage": {
      "type": "object",
      "properties": {
        "authentication": {
          "oneOf": [
            {
              "$ref": "#/definitions/ServiceBusAuthentication"
            },
            {
              "$ref": "https://schema.management.azure.com/schemas/common/definitions.json#/definitions/expression"
            }
          ]
        },
        "brokeredMessageProperties": {
          "oneOf": [
            {
              "$ref": "#/definitions/ServiceBusBrokeredMessageProperties"
            },
            {
              "$ref": "https://schema.management.azure.com/schemas/common/definitions.json#/definitions/expression"
            }
          ]
        },
        "customMessageProperties": {
          "oneOf": [
            {
              "type": "object",
              "additionalProperties": {
                "type": "string"
              },
              "properties": {}
            },
            {
              "$ref": "https://schema.management.azure.com/schemas/common/definitions.json#/definitions/expression"
            }
          ],
          "description": "Gets or sets the custom message properties."
        },
        "message": {
          "type": "string",
          "description": "Gets or sets the message."
        },
        "namespace": {
          "type": "string",
          "description": "Gets or sets the namespace."
        },
        "topicPath": {
          "type": "string",
          "description": "Gets or sets the topic path."
        },
        "transportType": {
          "oneOf": [
            {
              "type": "string",
              "enum": [
                "NotSpecified",
                "NetMessaging",
                "AMQP"
              ]
            },
            {
              "$ref": "https://schema.management.azure.com/schemas/common/definitions.json#/definitions/expression"
            }
          ],
          "description": "Gets or sets the transport type."
        }
      }
    },
    "Sku": {
      "type": "object",
      "properties": {
        "name": {
          "oneOf": [
            {
              "type": "string",
              "enum": [
                "Standard",
                "Free",
                "Premium"
              ]
            },
            {
              "$ref": "https://schema.management.azure.com/schemas/common/definitions.json#/definitions/expression"
            }
          ],
          "description": "Gets or set the SKU."
        }
      }
    },
    "StorageQueueMessage": {
      "type": "object",
      "properties": {
        "message": {
          "type": "string",
          "description": "Gets or sets the message."
        },
        "queueName": {
          "type": "string",
          "description": "Gets or sets the queue name."
        },
        "sasToken": {
          "type": "string",
          "description": "Gets or sets the SAS key."
        },
        "storageAccount": {
          "type": "string",
          "description": "Gets or sets the storage account name."
        }
      }
    }
  }
}