{
  "id": "https://schema.management.azure.com/schemas/2017-04-01/Microsoft.NotificationHubs.json#",
  "$schema": "http://json-schema.org/draft-04/schema#",
  "title": "Microsoft.NotificationHubs",
  "description": "Microsoft NotificationHubs Resource Types",
  "resourceDefinitions": {
    "namespaces": {
      "type": "object",
      "properties": {
        "apiVersion": {
          "type": "string",
          "enum": [
            "2017-04-01"
          ]
        },
        "location": {
          "type": "string",
          "description": "Resource location"
        },
        "name": {
          "type": "string",
          "description": "The namespace name."
        },
        "properties": {
          "oneOf": [
            {
              "$ref": "#/definitions/NamespaceProperties"
            },
            {
              "$ref": "https://schema.management.azure.com/schemas/common/definitions.json#/definitions/expression"
            }
          ],
          "description": "Namespace properties."
        },
        "resources": {
          "type": "array",
          "items": {
            "oneOf": [
              {
                "$ref": "#/definitions/namespaces_AuthorizationRules_childResource"
              },
              {
                "$ref": "#/definitions/namespaces_notificationHubs_childResource"
              }
            ]
          }
        },
        "sku": {
          "oneOf": [
            {
              "$ref": "#/definitions/Sku"
            },
            {
              "$ref": "https://schema.management.azure.com/schemas/common/definitions.json#/definitions/expression"
            }
          ],
          "description": "The Sku description for a namespace"
        },
        "tags": {
          "oneOf": [
            {
              "type": "object",
              "additionalProperties": {
                "type": "string"
              },
              "properties": {}
            },
            {
              "$ref": "https://schema.management.azure.com/schemas/common/definitions.json#/definitions/expression"
            }
          ],
          "description": "Resource tags"
        },
        "type": {
          "type": "string",
          "enum": [
            "Microsoft.NotificationHubs/namespaces"
          ]
        }
      },
      "required": [
        "apiVersion",
        "name",
        "properties",
        "type"
      ],
      "description": "Microsoft.NotificationHubs/namespaces"
    },
    "namespaces_AuthorizationRules": {
      "type": "object",
      "properties": {
        "apiVersion": {
          "type": "string",
          "enum": [
            "2017-04-01"
          ]
        },
        "name": {
          "type": "string",
          "description": "Authorization Rule Name."
        },
        "properties": {
          "oneOf": [
            {
              "$ref": "#/definitions/SharedAccessAuthorizationRuleProperties"
            },
            {
              "$ref": "https://schema.management.azure.com/schemas/common/definitions.json#/definitions/expression"
            }
          ],
          "description": "SharedAccessAuthorizationRule properties."
        },
        "type": {
          "type": "string",
          "enum": [
            "Microsoft.NotificationHubs/namespaces/AuthorizationRules"
          ]
        }
      },
      "required": [
        "apiVersion",
        "name",
        "properties",
        "type"
      ],
      "description": "Microsoft.NotificationHubs/namespaces/AuthorizationRules"
    },
    "namespaces_notificationHubs": {
      "type": "object",
      "properties": {
        "apiVersion": {
          "type": "string",
          "enum": [
            "2017-04-01"
          ]
        },
        "location": {
          "type": "string",
          "description": "Resource location"
        },
        "name": {
          "type": "string",
          "description": "The notification hub name."
        },
        "properties": {
          "oneOf": [
            {
              "$ref": "#/definitions/NotificationHubProperties"
            },
            {
              "$ref": "https://schema.management.azure.com/schemas/common/definitions.json#/definitions/expression"
            }
          ],
          "description": "NotificationHub properties."
        },
        "resources": {
          "type": "array",
          "items": {
            "oneOf": [
              {
                "$ref": "#/definitions/namespaces_notificationHubs_AuthorizationRules_childResource"
              }
            ]
          }
        },
        "sku": {
          "oneOf": [
            {
              "$ref": "#/definitions/Sku"
            },
            {
              "$ref": "https://schema.management.azure.com/schemas/common/definitions.json#/definitions/expression"
            }
          ],
          "description": "The Sku description for a namespace"
        },
        "tags": {
          "oneOf": [
            {
              "type": "object",
              "additionalProperties": {
                "type": "string"
              },
              "properties": {}
            },
            {
              "$ref": "https://schema.management.azure.com/schemas/common/definitions.json#/definitions/expression"
            }
          ],
          "description": "Resource tags"
        },
        "type": {
          "type": "string",
          "enum": [
            "Microsoft.NotificationHubs/namespaces/notificationHubs"
          ]
        }
      },
      "required": [
        "apiVersion",
        "name",
        "properties",
        "type"
      ],
      "description": "Microsoft.NotificationHubs/namespaces/notificationHubs"
    },
    "namespaces_notificationHubs_AuthorizationRules": {
      "type": "object",
      "properties": {
        "apiVersion": {
          "type": "string",
          "enum": [
            "2017-04-01"
          ]
        },
        "name": {
          "type": "string",
          "description": "Authorization Rule Name."
        },
        "properties": {
          "oneOf": [
            {
              "$ref": "#/definitions/SharedAccessAuthorizationRuleProperties"
            },
            {
              "$ref": "https://schema.management.azure.com/schemas/common/definitions.json#/definitions/expression"
            }
          ],
          "description": "SharedAccessAuthorizationRule properties."
        },
        "type": {
          "type": "string",
          "enum": [
            "Microsoft.NotificationHubs/namespaces/notificationHubs/AuthorizationRules"
          ]
        }
      },
      "required": [
        "apiVersion",
        "name",
        "properties",
        "type"
      ],
      "description": "Microsoft.NotificationHubs/namespaces/notificationHubs/AuthorizationRules"
    }
  },
  "definitions": {
    "AdmCredential": {
      "type": "object",
      "properties": {
        "properties": {
          "oneOf": [
            {
              "$ref": "#/definitions/AdmCredentialProperties"
            },
            {
              "$ref": "https://schema.management.azure.com/schemas/common/definitions.json#/definitions/expression"
            }
          ],
          "description": "Description of a NotificationHub AdmCredential."
        }
      },
      "description": "Description of a NotificationHub AdmCredential."
    },
    "AdmCredentialProperties": {
      "type": "object",
      "properties": {
        "authTokenUrl": {
          "type": "string",
          "description": "The URL of the authorization token."
        },
        "clientId": {
          "type": "string",
          "description": "The client identifier."
        },
        "clientSecret": {
          "type": "string",
          "description": "The credential secret access key."
        }
      },
      "description": "Description of a NotificationHub AdmCredential."
    },
    "ApnsCredential": {
      "type": "object",
      "properties": {
        "properties": {
          "oneOf": [
            {
              "$ref": "#/definitions/ApnsCredentialProperties"
            },
            {
              "$ref": "https://schema.management.azure.com/schemas/common/definitions.json#/definitions/expression"
            }
          ],
          "description": "Description of a NotificationHub ApnsCredential. Note that there is no explicit switch between Certificate and Token Authentication Modes. The mode is determined based on the properties passed in."
        }
      },
      "description": "Description of a NotificationHub ApnsCredential."
    },
    "ApnsCredentialProperties": {
      "type": "object",
      "properties": {
        "apnsCertificate": {
          "type": "string",
          "description": "The APNS certificate. Specify if using Certificate Authentication Mode."
        },
        "appId": {
          "type": "string",
          "description": "The issuer (iss) registered claim key. The value is a 10-character TeamId, obtained from your developer account. Specify if using Token Authentication Mode."
        },
        "appName": {
          "type": "string",
          "description": "The name of the application or BundleId. Specify if using Token Authentication Mode."
        },
        "certificateKey": {
          "type": "string",
          "description": "The APNS certificate password if it exists."
        },
        "endpoint": {
          "type": "string",
          "description": "The APNS endpoint of this credential. If using Certificate Authentication Mode and Sandbox specify 'gateway.sandbox.push.apple.com'. If using Certificate Authentication Mode and Production specify 'gateway.push.apple.com'. If using Token Authentication Mode and Sandbox specify 'https://api.development.push.apple.com:443/3/device'. If using Token Authentication Mode and Production specify 'https://api.push.apple.com:443/3/device'."
        },
        "keyId": {
          "type": "string",
          "description": "A 10-character key identifier (kid) key, obtained from your developer account. Specify if using Token Authentication Mode."
        },
        "thumbprint": {
          "type": "string",
          "description": "The APNS certificate thumbprint. Specify if using Certificate Authentication Mode."
        },
        "token": {
          "type": "string",
          "description": "Provider Authentication Token, obtained through your developer account. Specify if using Token Authentication Mode."
        }
      },
      "description": "Description of a NotificationHub ApnsCredential. Note that there is no explicit switch between Certificate and Token Authentication Modes. The mode is determined based on the properties passed in."
    },
    "BaiduCredential": {
      "type": "object",
      "properties": {
        "properties": {
          "oneOf": [
            {
              "$ref": "#/definitions/BaiduCredentialProperties"
            },
            {
              "$ref": "https://schema.management.azure.com/schemas/common/definitions.json#/definitions/expression"
            }
          ],
          "description": "Description of a NotificationHub BaiduCredential."
        }
      },
      "description": "Description of a NotificationHub BaiduCredential."
    },
    "BaiduCredentialProperties": {
      "type": "object",
      "properties": {
        "baiduApiKey": {
          "type": "string",
          "description": "Baidu Api Key."
        },
        "baiduEndPoint": {
          "type": "string",
          "description": "Baidu Endpoint."
        },
        "baiduSecretKey": {
          "type": "string",
          "description": "Baidu Secret Key"
        }
      },
      "description": "Description of a NotificationHub BaiduCredential."
    },
    "GcmCredential": {
      "type": "object",
      "properties": {
        "properties": {
          "oneOf": [
            {
              "$ref": "#/definitions/GcmCredentialProperties"
            },
            {
              "$ref": "https://schema.management.azure.com/schemas/common/definitions.json#/definitions/expression"
            }
          ],
          "description": "Description of a NotificationHub GcmCredential."
        }
      },
      "description": "Description of a NotificationHub GcmCredential."
    },
    "GcmCredentialProperties": {
      "type": "object",
      "properties": {
        "gcmEndpoint": {
          "type": "string",
          "description": "The FCM legacy endpoint. Default value is 'https://fcm.googleapis.com/fcm/send'"
        },
        "googleApiKey": {
          "type": "string",
          "description": "The Google API key."
        }
      },
      "description": "Description of a NotificationHub GcmCredential."
    },
    "MpnsCredential": {
      "type": "object",
      "properties": {
        "properties": {
          "oneOf": [
            {
              "$ref": "#/definitions/MpnsCredentialProperties"
            },
            {
              "$ref": "https://schema.management.azure.com/schemas/common/definitions.json#/definitions/expression"
            }
          ],
          "description": "Description of a NotificationHub MpnsCredential."
        }
      },
      "description": "Description of a NotificationHub MpnsCredential."
    },
    "MpnsCredentialProperties": {
      "type": "object",
      "properties": {
        "certificateKey": {
          "type": "string",
          "description": "The certificate key for this credential."
        },
        "mpnsCertificate": {
          "type": "string",
          "description": "The MPNS certificate."
        },
        "thumbprint": {
          "type": "string",
          "description": "The MPNS certificate Thumbprint"
        }
      },
      "description": "Description of a NotificationHub MpnsCredential."
    },
    "NamespaceProperties": {
      "type": "object",
      "properties": {
        "createdAt": {
          "type": "string",
          "format": "date-time",
          "description": "The time the namespace was created."
        },
        "critical": {
          "oneOf": [
            {
              "type": "boolean"
            },
            {
              "$ref": "https://schema.management.azure.com/schemas/common/definitions.json#/definitions/expression"
            }
          ],
          "description": "Whether or not the namespace is set as Critical."
        },
        "dataCenter": {
          "type": "string",
          "description": "Data center for the namespace"
        },
        "enabled": {
          "oneOf": [
            {
              "type": "boolean"
            },
            {
              "$ref": "https://schema.management.azure.com/schemas/common/definitions.json#/definitions/expression"
            }
          ],
          "description": "Whether or not the namespace is currently enabled."
        },
        "name": {
          "type": "string",
          "description": "The name of the namespace."
        },
        "namespaceType": {
          "oneOf": [
            {
              "type": "string",
              "enum": [
                "Messaging",
                "NotificationHub"
              ]
            },
            {
              "$ref": "https://schema.management.azure.com/schemas/common/definitions.json#/definitions/expression"
            }
          ],
          "description": "The namespace type."
        },
        "provisioningState": {
          "type": "string",
          "description": "Provisioning state of the Namespace."
        },
        "region": {
          "type": "string",
          "description": "Specifies the targeted region in which the namespace should be created. It can be any of the following values: Australia East, Australia Southeast, Central US, East US, East US 2, West US, North Central US, South Central US, East Asia, Southeast Asia, Brazil South, Japan East, Japan West, North Europe, West Europe"
        },
        "scaleUnit": {
          "type": "string",
          "description": "ScaleUnit where the namespace gets created"
        },
        "serviceBusEndpoint": {
          "type": "string",
          "description": "Endpoint you can use to perform NotificationHub operations."
        },
        "status": {
          "type": "string",
          "description": "Status of the namespace. It can be any of these values:1 = Created/Active2 = Creating3 = Suspended4 = Deleting"
        },
        "subscriptionId": {
          "type": "string",
          "description": "The Id of the Azure subscription associated with the namespace."
        },
        "updatedAt": {
          "type": "string",
          "format": "date-time",
          "description": "The time the namespace was updated."
        }
      },
      "description": "Namespace properties."
    },
    "namespaces_AuthorizationRules_childResource": {
      "type": "object",
      "properties": {
        "apiVersion": {
          "type": "string",
          "enum": [
            "2017-04-01"
          ]
        },
        "name": {
          "type": "string",
          "description": "Authorization Rule Name."
        },
        "properties": {
          "oneOf": [
            {
              "$ref": "#/definitions/SharedAccessAuthorizationRuleProperties"
            },
            {
              "$ref": "https://schema.management.azure.com/schemas/common/definitions.json#/definitions/expression"
            }
          ],
          "description": "SharedAccessAuthorizationRule properties."
        },
        "type": {
          "type": "string",
          "enum": [
            "AuthorizationRules"
          ]
        }
      },
      "required": [
        "apiVersion",
        "name",
        "properties",
        "type"
      ],
      "description": "Microsoft.NotificationHubs/namespaces/AuthorizationRules"
    },
    "namespaces_notificationHubs_AuthorizationRules_childResource": {
      "type": "object",
      "properties": {
        "apiVersion": {
          "type": "string",
          "enum": [
            "2017-04-01"
          ]
        },
        "name": {
          "type": "string",
          "description": "Authorization Rule Name."
        },
        "properties": {
          "oneOf": [
            {
              "$ref": "#/definitions/SharedAccessAuthorizationRuleProperties"
            },
            {
              "$ref": "https://schema.management.azure.com/schemas/common/definitions.json#/definitions/expression"
            }
          ],
          "description": "SharedAccessAuthorizationRule properties."
        },
        "type": {
          "type": "string",
          "enum": [
            "AuthorizationRules"
          ]
        }
      },
      "required": [
        "apiVersion",
        "name",
        "properties",
        "type"
      ],
      "description": "Microsoft.NotificationHubs/namespaces/notificationHubs/AuthorizationRules"
    },
    "namespaces_notificationHubs_childResource": {
      "type": "object",
      "properties": {
        "apiVersion": {
          "type": "string",
          "enum": [
            "2017-04-01"
          ]
        },
        "location": {
          "type": "string",
          "description": "Resource location"
        },
        "name": {
          "type": "string",
          "description": "The notification hub name."
        },
        "properties": {
          "oneOf": [
            {
              "$ref": "#/definitions/NotificationHubProperties"
            },
            {
              "$ref": "https://schema.management.azure.com/schemas/common/definitions.json#/definitions/expression"
            }
          ],
          "description": "NotificationHub properties."
        },
        "sku": {
          "oneOf": [
            {
              "$ref": "#/definitions/Sku"
            },
            {
              "$ref": "https://schema.management.azure.com/schemas/common/definitions.json#/definitions/expression"
            }
          ],
          "description": "The Sku description for a namespace"
        },
        "tags": {
          "oneOf": [
            {
              "type": "object",
              "additionalProperties": {
                "type": "string"
              },
              "properties": {}
            },
            {
              "$ref": "https://schema.management.azure.com/schemas/common/definitions.json#/definitions/expression"
            }
          ],
          "description": "Resource tags"
        },
        "type": {
          "type": "string",
          "enum": [
            "notificationHubs"
          ]
        }
      },
      "required": [
        "apiVersion",
        "name",
        "properties",
        "type"
      ],
      "description": "Microsoft.NotificationHubs/namespaces/notificationHubs"
    },
    "NotificationHubProperties": {
      "type": "object",
      "properties": {
        "admCredential": {
          "oneOf": [
            {
              "$ref": "#/definitions/AdmCredential"
            },
            {
              "$ref": "https://schema.management.azure.com/schemas/common/definitions.json#/definitions/expression"
            }
          ],
          "description": "Description of a NotificationHub AdmCredential."
        },
        "apnsCredential": {
          "oneOf": [
            {
              "$ref": "#/definitions/ApnsCredential"
            },
            {
              "$ref": "https://schema.management.azure.com/schemas/common/definitions.json#/definitions/expression"
            }
          ],
          "description": "Description of a NotificationHub ApnsCredential."
        },
        "authorizationRules": {
          "oneOf": [
            {
              "type": "array",
              "items": {
                "$ref": "#/definitions/SharedAccessAuthorizationRuleProperties"
              }
            },
            {
              "$ref": "https://schema.management.azure.com/schemas/common/definitions.json#/definitions/expression"
            }
          ],
          "description": "The AuthorizationRules of the created NotificationHub"
        },
        "baiduCredential": {
          "oneOf": [
            {
              "$ref": "#/definitions/BaiduCredential"
            },
            {
              "$ref": "https://schema.management.azure.com/schemas/common/definitions.json#/definitions/expression"
            }
          ],
          "description": "Description of a NotificationHub BaiduCredential."
        },
        "gcmCredential": {
          "oneOf": [
            {
              "$ref": "#/definitions/GcmCredential"
            },
            {
              "$ref": "https://schema.management.azure.com/schemas/common/definitions.json#/definitions/expression"
            }
          ],
          "description": "Description of a NotificationHub GcmCredential."
        },
        "mpnsCredential": {
          "oneOf": [
            {
              "$ref": "#/definitions/MpnsCredential"
            },
            {
              "$ref": "https://schema.management.azure.com/schemas/common/definitions.json#/definitions/expression"
            }
          ],
          "description": "Description of a NotificationHub MpnsCredential."
        },
        "name": {
          "type": "string",
          "description": "The NotificationHub name."
        },
        "registrationTtl": {
          "type": "string",
          "description": "The RegistrationTtl of the created NotificationHub"
        },
        "wnsCredential": {
          "oneOf": [
            {
              "$ref": "#/definitions/WnsCredential"
            },
            {
              "$ref": "https://schema.management.azure.com/schemas/common/definitions.json#/definitions/expression"
            }
          ],
          "description": "Description of a NotificationHub WnsCredential."
        }
      },
      "description": "NotificationHub properties."
    },
    "SharedAccessAuthorizationRuleProperties": {
      "type": "object",
      "properties": {
        "rights": {
          "oneOf": [
            {
              "type": "array",
              "items": {
                "type": "string",
                "enum": [
                  "Manage",
                  "Send",
                  "Listen"
                ]
              }
            },
            {
              "$ref": "https://schema.management.azure.com/schemas/common/definitions.json#/definitions/expression"
            }
          ],
          "description": "The rights associated with the rule."
        }
      },
      "description": "SharedAccessAuthorizationRule properties."
    },
    "Sku": {
      "type": "object",
      "properties": {
        "capacity": {
          "oneOf": [
            {
              "type": "integer"
            },
            {
              "$ref": "https://schema.management.azure.com/schemas/common/definitions.json#/definitions/expression"
            }
          ],
          "description": "The capacity of the resource"
        },
        "family": {
          "type": "string",
          "description": "The Sku Family"
        },
        "name": {
          "oneOf": [
            {
              "type": "string",
              "enum": [
                "Free",
                "Basic",
                "Standard"
              ]
            },
            {
              "$ref": "https://schema.management.azure.com/schemas/common/definitions.json#/definitions/expression"
            }
          ],
          "description": "Name of the notification hub sku."
        },
        "size": {
          "type": "string",
          "description": "The Sku size"
        },
        "tier": {
          "type": "string",
          "description": "The tier of particular sku"
        }
      },
      "required": [
        "name"
      ],
      "description": "The Sku description for a namespace"
    },
    "WnsCredential": {
      "type": "object",
      "properties": {
        "properties": {
          "oneOf": [
            {
              "$ref": "#/definitions/WnsCredentialProperties"
            },
            {
              "$ref": "https://schema.management.azure.com/schemas/common/definitions.json#/definitions/expression"
            }
          ],
          "description": "Description of a NotificationHub WnsCredential."
        }
      },
      "description": "Description of a NotificationHub WnsCredential."
    },
    "WnsCredentialProperties": {
      "type": "object",
      "properties": {
        "packageSid": {
          "type": "string",
          "description": "The package ID for this credential."
        },
        "secretKey": {
          "type": "string",
          "description": "The secret key."
        },
        "windowsLiveEndpoint": {
          "type": "string",
          "description": "The Windows Live endpoint."
        }
      },
      "description": "Description of a NotificationHub WnsCredential."
    }
  }
}