{
  "id": "https://schema.management.azure.com/schemas/2017-06-05-preview/Microsoft.StorageSync.json#",
  "$schema": "http://json-schema.org/draft-04/schema#",
  "title": "Microsoft.StorageSync",
  "description": "Microsoft StorageSync Resource Types",
  "resourceDefinitions": {
    "storageSyncServices": {
      "type": "object",
      "properties": {
        "apiVersion": {
          "type": "string",
          "enum": [
            "2017-06-05-preview"
          ]
        },
        "location": {
          "type": "string",
          "description": "The location of the resource."
        },
        "name": {
          "type": "string",
          "description": "Name of Storage Sync Service resource."
        },
        "properties": {
          "oneOf": [
            {
              "$ref": "#/definitions/StorageSyncServiceProperties"
            },
            {
              "$ref": "https://schema.management.azure.com/schemas/common/definitions.json#/definitions/expression"
            }
          ],
          "description": "Storage Sync Service Properties object."
        },
        "resources": {
          "type": "array",
          "items": {
            "oneOf": [
              {
                "$ref": "#/definitions/storageSyncServices_syncGroups_childResource"
              },
              {
                "$ref": "#/definitions/storageSyncServices_registeredServers_childResource"
              }
            ]
          }
        },
        "tags": {
          "type": "object",
          "properties": {},
          "description": "The tags of the resource."
        },
        "type": {
          "type": "string",
          "enum": [
            "Microsoft.StorageSync/storageSyncServices"
          ]
        }
      },
      "required": [
        "apiVersion",
        "name",
        "properties",
        "type"
      ],
      "description": "Microsoft.StorageSync/storageSyncServices"
    },
    "storageSyncServices_registeredServers": {
      "type": "object",
      "properties": {
        "apiVersion": {
          "type": "string",
          "enum": [
            "2017-06-05-preview"
          ]
        },
        "name": {
          "type": "string",
          "description": "GUID identifying the on-premises server."
        },
        "properties": {
          "oneOf": [
            {
              "$ref": "#/definitions/RegisteredServerProperties"
            },
            {
              "$ref": "https://schema.management.azure.com/schemas/common/definitions.json#/definitions/expression"
            }
          ],
          "description": "RegisteredServer Properties object."
        },
        "type": {
          "type": "string",
          "enum": [
            "Microsoft.StorageSync/storageSyncServices/registeredServers"
          ]
        }
      },
      "required": [
        "apiVersion",
        "name",
        "properties",
        "type"
      ],
      "description": "Microsoft.StorageSync/storageSyncServices/registeredServers"
    },
    "storageSyncServices_syncGroups": {
      "type": "object",
      "properties": {
        "apiVersion": {
          "type": "string",
          "enum": [
            "2017-06-05-preview"
          ]
        },
        "name": {
          "type": "string",
          "description": "Name of Sync Group resource."
        },
        "properties": {
          "oneOf": [
            {
              "$ref": "#/definitions/SyncGroupProperties"
            },
            {
              "$ref": "https://schema.management.azure.com/schemas/common/definitions.json#/definitions/expression"
            }
          ],
          "description": "SyncGroup Properties object."
        },
        "resources": {
          "type": "array",
          "items": {
            "oneOf": [
              {
                "$ref": "#/definitions/storageSyncServices_syncGroups_cloudEndpoints_childResource"
              },
              {
                "$ref": "#/definitions/storageSyncServices_syncGroups_serverEndpoints_childResource"
              }
            ]
          }
        },
        "type": {
          "type": "string",
          "enum": [
            "Microsoft.StorageSync/storageSyncServices/syncGroups"
          ]
        }
      },
      "required": [
        "apiVersion",
        "name",
        "properties",
        "type"
      ],
      "description": "Microsoft.StorageSync/storageSyncServices/syncGroups"
    },
    "storageSyncServices_syncGroups_cloudEndpoints": {
      "type": "object",
      "properties": {
        "apiVersion": {
          "type": "string",
          "enum": [
            "2017-06-05-preview"
          ]
        },
        "name": {
          "type": "string",
          "description": "Name of Cloud Endpoint object."
        },
        "properties": {
          "oneOf": [
            {
              "$ref": "#/definitions/CloudEndpointProperties"
            },
            {
              "$ref": "https://schema.management.azure.com/schemas/common/definitions.json#/definitions/expression"
            }
          ],
          "description": "CloudEndpoint Properties object."
        },
        "type": {
          "type": "string",
          "enum": [
            "Microsoft.StorageSync/storageSyncServices/syncGroups/cloudEndpoints"
          ]
        }
      },
      "required": [
        "apiVersion",
        "name",
        "properties",
        "type"
      ],
      "description": "Microsoft.StorageSync/storageSyncServices/syncGroups/cloudEndpoints"
    },
    "storageSyncServices_syncGroups_serverEndpoints": {
      "type": "object",
      "properties": {
        "apiVersion": {
          "type": "string",
          "enum": [
            "2017-06-05-preview"
          ]
        },
        "name": {
          "type": "string",
          "description": "Name of Server Endpoint object."
        },
        "properties": {
          "oneOf": [
            {
              "$ref": "#/definitions/ServerEndpointProperties"
            },
            {
              "$ref": "https://schema.management.azure.com/schemas/common/definitions.json#/definitions/expression"
            }
          ],
          "description": "ServerEndpoint Properties object."
        },
        "type": {
          "type": "string",
          "enum": [
            "Microsoft.StorageSync/storageSyncServices/syncGroups/serverEndpoints"
          ]
        }
      },
      "required": [
        "apiVersion",
        "name",
        "properties",
        "type"
      ],
      "description": "Microsoft.StorageSync/storageSyncServices/syncGroups/serverEndpoints"
    }
  },
  "definitions": {
    "CloudEndpointProperties": {
      "type": "object",
      "properties": {
        "friendlyName": {
          "type": "string",
          "description": "Friendly Name"
        },
        "lastWorkflowId": {
          "type": "string",
          "description": "CloudEndpoint lastWorkflowId"
        },
        "partnershipId": {
          "type": "string",
          "description": "Partnership Id"
        },
        "provisioningState": {
          "type": "string",
          "description": "CloudEndpoint Provisioning State"
        },
        "storageAccount": {
          "type": "string",
          "description": "Storage Account name."
        },
        "storageAccountKey": {
          "type": "string",
          "description": "Storage Account access key."
        },
        "storageAccountResourceId": {
          "type": "string",
          "description": "Storage Account Resource Id"
        },
        "storageAccountShareName": {
          "type": "string",
          "description": "Storage Account Share name"
        },
        "storageAccountTenantId": {
          "type": "string",
          "description": "Storage Account Tenant Id"
        }
      },
      "description": "CloudEndpoint Properties object."
    },
    "RegisteredServerProperties": {
      "type": "object",
      "properties": {
        "agentVersion": {
          "type": "string",
          "description": "Registered Server Agent Version"
        },
        "clusterId": {
          "type": "string",
          "description": "Registered Server clusterId"
        },
        "clusterName": {
          "type": "string",
          "description": "Registered Server clusterName"
        },
        "lastHeartBeat": {
          "type": "string",
          "description": "Registered Server last heart beat"
        },
        "lastWorkflowId": {
          "type": "string",
          "description": "Registered Server lastWorkflowId"
        },
        "provisioningState": {
          "type": "string",
          "description": "Registered Server Provisioning State"
        },
        "serverCertificate": {
          "type": "string",
          "description": "Registered Server Certificate"
        },
        "serverId": {
          "type": "string",
          "description": "Registered Server serverId"
        },
        "serverManagementtErrorCode": {
          "oneOf": [
            {
              "type": "integer"
            },
            {
              "$ref": "https://schema.management.azure.com/schemas/common/definitions.json#/definitions/expression"
            }
          ],
          "description": "Registered Server Management Error Code"
        },
        "serverOSVersion": {
          "type": "string",
          "description": "Registered Server OS Version"
        },
        "serverRole": {
          "type": "string",
          "description": "Registered Server serverRole"
        },
        "storageSyncServiceUid": {
          "type": "string",
          "description": "Registered Server storageSyncServiceUid"
        }
      },
      "description": "RegisteredServer Properties object."
    },
    "ServerEndpointProperties": {
      "type": "object",
      "properties": {
        "byteProgress": {
          "oneOf": [
            {
              "type": "integer"
            },
            {
              "$ref": "https://schema.management.azure.com/schemas/common/definitions.json#/definitions/expression"
            }
          ],
          "description": "Bytes in progress"
        },
        "byteTotal": {
          "oneOf": [
            {
              "type": "integer"
            },
            {
              "$ref": "https://schema.management.azure.com/schemas/common/definitions.json#/definitions/expression"
            }
          ],
          "description": "Bytes total"
        },
        "cloudTiering": {
          "oneOf": [
            {
              "type": "string",
              "enum": [
                "on",
                "off"
              ]
            },
            {
              "$ref": "https://schema.management.azure.com/schemas/common/definitions.json#/definitions/expression"
            }
          ],
          "description": "Cloud Tiering."
        },
        "currentProgressType": {
          "oneOf": [
            {
              "type": "string",
              "enum": [
                "none",
                "initialize",
                "download",
                "upload",
                "recall"
              ]
            },
            {
              "$ref": "https://schema.management.azure.com/schemas/common/definitions.json#/definitions/expression"
            }
          ],
          "description": "current progress type."
        },
        "friendlyName": {
          "type": "string",
          "description": "Friendly Name"
        },
        "itemDownloadErrorCount": {
          "oneOf": [
            {
              "type": "integer"
            },
            {
              "$ref": "https://schema.management.azure.com/schemas/common/definitions.json#/definitions/expression"
            }
          ],
          "description": "Item download error count."
        },
        "itemProgressCount": {
          "oneOf": [
            {
              "type": "integer"
            },
            {
              "$ref": "https://schema.management.azure.com/schemas/common/definitions.json#/definitions/expression"
            }
          ],
          "description": "Item Progress Count"
        },
        "itemTotalCount": {
          "oneOf": [
            {
              "type": "integer"
            },
            {
              "$ref": "https://schema.management.azure.com/schemas/common/definitions.json#/definitions/expression"
            }
          ],
          "description": "Item Total Count"
        },
        "itemUploadErrorCount": {
          "oneOf": [
            {
              "type": "integer"
            },
            {
              "$ref": "https://schema.management.azure.com/schemas/common/definitions.json#/definitions/expression"
            }
          ],
          "description": "Item Upload Error Count."
        },
        "lastSyncSuccess": {
          "type": "string",
          "format": "date-time",
          "description": "Last Sync Success"
        },
        "lastWorkflowId": {
          "type": "string",
          "description": "ServerEndpoint lastWorkflowId"
        },
        "provisioningState": {
          "type": "string",
          "description": "ServerEndpoint Provisioning State"
        },
        "serverLocalPath": {
          "type": "string",
          "description": "Server folder used for data synchronization"
        },
        "serverResourceId": {
          "type": "string",
          "description": "Arm resource identifier."
        },
        "syncErrorContext": {
          "type": "string",
          "description": "sync error context."
        },
        "syncErrorDirection": {
          "oneOf": [
            {
              "type": "string",
              "enum": [
                "none",
                "initialize",
                "download",
                "upload",
                "recall"
              ]
            },
            {
              "$ref": "https://schema.management.azure.com/schemas/common/definitions.json#/definitions/expression"
            }
          ],
          "description": "Sync Error Direction."
        },
        "syncErrorState": {
          "type": "string",
          "description": "Sync Error State"
        },
        "syncErrorStateTimestamp": {
          "type": "string",
          "format": "date-time",
          "description": "Sync Error State Timestamp"
        },
        "totalProgress": {
          "oneOf": [
            {
              "type": "integer"
            },
            {
              "$ref": "https://schema.management.azure.com/schemas/common/definitions.json#/definitions/expression"
            }
          ],
          "description": "Total progress"
        },
        "volumeFreeSpacePercent": {
          "oneOf": [
            {
              "type": "integer",
              "minimum": 0,
              "maximum": 100
            },
            {
              "$ref": "https://schema.management.azure.com/schemas/common/definitions.json#/definitions/expression"
            }
          ],
          "description": "Level of free space to be maintained by Cloud Tiering if it is enabled."
        }
      },
      "description": "ServerEndpoint Properties object."
    },
    "StorageSyncServiceProperties": {
      "type": "object",
      "properties": {},
      "description": "Storage Sync Service Properties object."
    },
    "storageSyncServices_registeredServers_childResource": {
      "type": "object",
      "properties": {
        "apiVersion": {
          "type": "string",
          "enum": [
            "2017-06-05-preview"
          ]
        },
        "name": {
          "type": "string",
          "description": "GUID identifying the on-premises server."
        },
        "properties": {
          "oneOf": [
            {
              "$ref": "#/definitions/RegisteredServerProperties"
            },
            {
              "$ref": "https://schema.management.azure.com/schemas/common/definitions.json#/definitions/expression"
            }
          ],
          "description": "RegisteredServer Properties object."
        },
        "type": {
          "type": "string",
          "enum": [
            "registeredServers"
          ]
        }
      },
      "required": [
        "apiVersion",
        "name",
        "properties",
        "type"
      ],
      "description": "Microsoft.StorageSync/storageSyncServices/registeredServers"
    },
    "storageSyncServices_syncGroups_childResource": {
      "type": "object",
      "properties": {
        "apiVersion": {
          "type": "string",
          "enum": [
            "2017-06-05-preview"
          ]
        },
        "name": {
          "type": "string",
          "description": "Name of Sync Group resource."
        },
        "properties": {
          "oneOf": [
            {
              "$ref": "#/definitions/SyncGroupProperties"
            },
            {
              "$ref": "https://schema.management.azure.com/schemas/common/definitions.json#/definitions/expression"
            }
          ],
          "description": "SyncGroup Properties object."
        },
        "type": {
          "type": "string",
          "enum": [
            "syncGroups"
          ]
        }
      },
      "required": [
        "apiVersion",
        "name",
        "properties",
        "type"
      ],
      "description": "Microsoft.StorageSync/storageSyncServices/syncGroups"
    },
    "storageSyncServices_syncGroups_cloudEndpoints_childResource": {
      "type": "object",
      "properties": {
        "apiVersion": {
          "type": "string",
          "enum": [
            "2017-06-05-preview"
          ]
        },
        "name": {
          "type": "string",
          "description": "Name of Cloud Endpoint object."
        },
        "properties": {
          "oneOf": [
            {
              "$ref": "#/definitions/CloudEndpointProperties"
            },
            {
              "$ref": "https://schema.management.azure.com/schemas/common/definitions.json#/definitions/expression"
            }
          ],
          "description": "CloudEndpoint Properties object."
        },
        "type": {
          "type": "string",
          "enum": [
            "cloudEndpoints"
          ]
        }
      },
      "required": [
        "apiVersion",
        "name",
        "properties",
        "type"
      ],
      "description": "Microsoft.StorageSync/storageSyncServices/syncGroups/cloudEndpoints"
    },
    "storageSyncServices_syncGroups_serverEndpoints_childResource": {
      "type": "object",
      "properties": {
        "apiVersion": {
          "type": "string",
          "enum": [
            "2017-06-05-preview"
          ]
        },
        "name": {
          "type": "string",
          "description": "Name of Server Endpoint object."
        },
        "properties": {
          "oneOf": [
            {
              "$ref": "#/definitions/ServerEndpointProperties"
            },
            {
              "$ref": "https://schema.management.azure.com/schemas/common/definitions.json#/definitions/expression"
            }
          ],
          "description": "ServerEndpoint Properties object."
        },
        "type": {
          "type": "string",
          "enum": [
            "serverEndpoints"
          ]
        }
      },
      "required": [
        "apiVersion",
        "name",
        "properties",
        "type"
      ],
      "description": "Microsoft.StorageSync/storageSyncServices/syncGroups/serverEndpoints"
    },
    "SyncGroupProperties": {
      "type": "object",
      "properties": {
        "uniqueId": {
          "type": "string",
          "description": "Unique Id"
        }
      },
      "description": "SyncGroup Properties object."
    }
  }
}