{
  "id": "https://schema.management.azure.com/schemas/2018-09-01-preview/Microsoft.CustomProviders.json#",
  "$schema": "http://json-schema.org/draft-04/schema#",
  "title": "Microsoft.CustomProviders",
  "description": "Microsoft CustomProviders Resource Types",
  "resourceDefinitions": {
    "resourceProviders": {
      "type": "object",
      "properties": {
        "apiVersion": {
          "type": "string",
          "enum": [
            "2018-09-01-preview"
          ]
        },
        "location": {
          "type": "string",
          "description": "Resource location"
        },
        "name": {
          "type": "string",
          "minLength": 3,
          "maxLength": 64,
          "description": "The name of the resource provider."
        },
        "properties": {
          "oneOf": [
            {
              "$ref": "#/definitions/CustomRPManifestProperties"
            },
            {
              "$ref": "https://schema.management.azure.com/schemas/common/definitions.json#/definitions/expression"
            }
          ],
          "description": "The manifest for the custom resource provider"
        },
        "tags": {
          "oneOf": [
            {
              "type": "object",
              "additionalProperties": {
                "type": "string"
              },
              "properties": {}
            },
            {
              "$ref": "https://schema.management.azure.com/schemas/common/definitions.json#/definitions/expression"
            }
          ],
          "description": "Resource tags"
        },
        "type": {
          "type": "string",
          "enum": [
            "Microsoft.CustomProviders/resourceProviders"
          ]
        }
      },
      "required": [
        "apiVersion",
        "location",
        "name",
        "properties",
        "type"
      ],
      "description": "Microsoft.CustomProviders/resourceProviders"
    }
  },
  "unknown_resourceDefinitions": {
    "associations": {
      "type": "object",
      "properties": {
        "apiVersion": {
          "type": "string",
          "enum": [
            "2018-09-01-preview"
          ]
        },
        "name": {
          "type": "string",
          "description": "The name of the association."
        },
        "properties": {
          "oneOf": [
            {
              "$ref": "#/definitions/AssociationProperties"
            },
            {
              "$ref": "https://schema.management.azure.com/schemas/common/definitions.json#/definitions/expression"
            }
          ],
          "description": "The properties of the association."
        },
        "type": {
          "type": "string",
          "enum": [
            "Microsoft.CustomProviders/associations"
          ]
        }
      },
      "required": [
        "apiVersion",
        "name",
        "properties",
        "type"
      ],
      "description": "Microsoft.CustomProviders/associations"
    }
  },
  "definitions": {
    "AssociationProperties": {
      "type": "object",
      "properties": {
        "targetResourceId": {
          "type": "string",
          "description": "The REST resource instance of the target resource for this association."
        }
      },
      "description": "The properties of the association."
    },
    "CustomRPActionRouteDefinition": {
      "type": "object",
      "properties": {
        "endpoint": {
          "oneOf": [
            {
              "type": "string",
              "pattern": "^https://.+"
            },
            {
              "$ref": "https://schema.management.azure.com/schemas/common/definitions.json#/definitions/expression"
            }
          ],
          "description": "The route definition endpoint URI that the custom resource provider will proxy requests to. This can be in the form of a flat URI (e.g. 'https://testendpoint/') or can specify to route via a path (e.g. 'https://testendpoint/{requestPath}')"
        },
        "name": {
          "type": "string",
          "description": "The name of the route definition. This becomes the name for the ARM extension (e.g. '/subscriptions/{subscriptionId}/resourceGroups/{resourceGroupName}/providers/Microsoft.CustomProviders/resourceProviders/{resourceProviderName}/{name}')"
        },
        "routingType": {
          "oneOf": [
            {
              "type": "string",
              "enum": [
                "Proxy"
              ]
            },
            {
              "$ref": "https://schema.management.azure.com/schemas/common/definitions.json#/definitions/expression"
            }
          ],
          "description": "The routing types that are supported for action requests."
        }
      },
      "required": [
        "endpoint",
        "name"
      ],
      "description": "The route definition for an action implemented by the custom resource provider."
    },
    "CustomRPManifestProperties": {
      "type": "object",
      "properties": {
        "actions": {
          "oneOf": [
            {
              "type": "array",
              "items": {
                "$ref": "#/definitions/CustomRPActionRouteDefinition"
              }
            },
            {
              "$ref": "https://schema.management.azure.com/schemas/common/definitions.json#/definitions/expression"
            }
          ],
          "description": "A list of actions that the custom resource provider implements."
        },
        "resourceTypes": {
          "oneOf": [
            {
              "type": "array",
              "items": {
                "$ref": "#/definitions/CustomRPResourceTypeRouteDefinition"
              }
            },
            {
              "$ref": "https://schema.management.azure.com/schemas/common/definitions.json#/definitions/expression"
            }
          ],
          "description": "A list of resource types that the custom resource provider implements."
        },
        "validations": {
          "oneOf": [
            {
              "type": "array",
              "items": {
                "$ref": "#/definitions/CustomRPValidations"
              }
            },
            {
              "$ref": "https://schema.management.azure.com/schemas/common/definitions.json#/definitions/expression"
            }
          ],
          "description": "A list of validations to run on the custom resource provider's requests."
        }
      },
      "description": "The manifest for the custom resource provider"
    },
    "CustomRPResourceTypeRouteDefinition": {
      "type": "object",
      "properties": {
        "endpoint": {
          "oneOf": [
            {
              "type": "string",
              "pattern": "^https://.+"
            },
            {
              "$ref": "https://schema.management.azure.com/schemas/common/definitions.json#/definitions/expression"
            }
          ],
          "description": "The route definition endpoint URI that the custom resource provider will proxy requests to. This can be in the form of a flat URI (e.g. 'https://testendpoint/') or can specify to route via a path (e.g. 'https://testendpoint/{requestPath}')"
        },
        "name": {
          "type": "string",
          "description": "The name of the route definition. This becomes the name for the ARM extension (e.g. '/subscriptions/{subscriptionId}/resourceGroups/{resourceGroupName}/providers/Microsoft.CustomProviders/resourceProviders/{resourceProviderName}/{name}')"
        },
        "routingType": {
          "oneOf": [
            {
              "type": "string",
              "enum": [
                "Proxy",
                "Proxy,Cache"
              ]
            },
            {
              "$ref": "https://schema.management.azure.com/schemas/common/definitions.json#/definitions/expression"
            }
          ],
          "description": "The routing types that are supported for resource requests."
        }
      },
      "required": [
        "endpoint",
        "name"
      ],
      "description": "The route definition for a resource implemented by the custom resource provider."
    },
    "CustomRPValidations": {
      "type": "object",
      "properties": {
        "specification": {
          "oneOf": [
            {
              "type": "string",
              "pattern": "^https://raw.githubusercontent.com/.+"
            },
            {
              "$ref": "https://schema.management.azure.com/schemas/common/definitions.json#/definitions/expression"
            }
          ],
          "description": "A link to the validation specification. The specification must be hosted on raw.githubusercontent.com."
        },
        "validationType": {
          "oneOf": [
            {
              "type": "string",
              "enum": [
                "Swagger"
              ]
            },
            {
              "$ref": "https://schema.management.azure.com/schemas/common/definitions.json#/definitions/expression"
            }
          ],
          "description": "The type of validation to run against a matching request."
        }
      },
      "required": [
        "specification"
      ],
      "description": "A validation to apply on custom resource provider requests."
    }
  }
}