{
  "id": "https://schema.management.azure.com/schemas/2018-09-01-preview/Microsoft.BareMetal.json#",
  "$schema": "http://json-schema.org/draft-04/schema#",
  "title": "Microsoft.BareMetal",
  "description": "BareMetal Resource Types",
  "resourceDefinitions": {
    "crayServers": {
      "type": "object",
      "properties": {
        "name": {
          "oneOf": [
            {
              "type": "string"
            },
            {
              "$ref": "https://schema.management.azure.com/schemas/common/definitions.json#/definitions/expression"
            }
          ],
          "description": "Resource name"
        },
        "type": {
          "type": "string",
          "description": "The resource type.",
          "enum": [
            "Microsoft.BareMetal/crayServers"
          ]
        },
        "apiVersion": {
          "type": "string",
          "enum": [
            "2018-09-01-preview"
          ]
        },
        "location": {
          "oneOf": [
            {
              "type": "string"
            },
            {
              "$ref": "https://schema.management.azure.com/schemas/common/definitions.json#/definitions/expression"
            }
          ],
          "description": "Resource location."
        },
        "tags": {
          "oneOf": [
            {
              "type": "object",
              "additionalProperties": {
                "type": "string"
              }
            },
            {
              "$ref": "https://schema.management.azure.com/schemas/common/definitions.json#/definitions/expression"
            }
          ],
          "description": "Resource tags."
        },
        "properties": {
          "oneOf": [
            {
              "$ref": "#/definitions/crayServersProperties"
            },
            {
              "$ref": "https://schema.management.azure.com/schemas/common/definitions.json#/definitions/expression"
            }
          ]
        }
      },
      "required": [
        "name",
        "type",
        "location",
        "apiVersion",
        "properties"
      ],
      "description": "Cray Servers resource."
    }
  },
  "definitions": {
    "crayServersProperties": {
      "type": "object",
      "properties": {
        "ipAddress": {
          "type": "string",
          "description": "Ip Address."
        },
        "subnetResourceId": {
          "type": "string",
          "description": "Subnet resource ID."
        }
      },
      "required": [
        "ipAddress",
        "subnetResourceId"
      ],
      "description": "Cray Servers properties."
    }
  }
}