{
  "id": "https://schema.management.azure.com/schemas/2018-10-15/Microsoft.LabServices.json#",
  "$schema": "http://json-schema.org/draft-04/schema#",
  "title": "Microsoft.LabServices",
  "description": "Microsoft LabServices Resource Types",
  "resourceDefinitions": {
    "labaccounts": {
      "type": "object",
      "properties": {
        "apiVersion": {
          "type": "string",
          "enum": [
            "2018-10-15"
          ]
        },
        "location": {
          "type": "string",
          "description": "The location of the resource."
        },
        "name": {
          "type": "string",
          "description": "The name of the lab Account."
        },
        "properties": {
          "oneOf": [
            {
              "$ref": "#/definitions/LabAccountProperties"
            },
            {
              "$ref": "https://schema.management.azure.com/schemas/common/definitions.json#/definitions/expression"
            }
          ],
          "description": "Properties of a Lab Account."
        },
        "resources": {
          "type": "array",
          "items": {
            "oneOf": [
              {
                "$ref": "#/definitions/labaccounts_galleryimages_childResource"
              },
              {
                "$ref": "#/definitions/labaccounts_labs_childResource"
              }
            ]
          }
        },
        "tags": {
          "oneOf": [
            {
              "type": "object",
              "additionalProperties": {
                "type": "string"
              },
              "properties": {}
            },
            {
              "$ref": "https://schema.management.azure.com/schemas/common/definitions.json#/definitions/expression"
            }
          ],
          "description": "The tags of the resource."
        },
        "type": {
          "type": "string",
          "enum": [
            "Microsoft.LabServices/labaccounts"
          ]
        }
      },
      "required": [
        "apiVersion",
        "name",
        "properties",
        "type"
      ],
      "description": "Microsoft.LabServices/labaccounts"
    },
    "labaccounts_galleryimages": {
      "type": "object",
      "properties": {
        "apiVersion": {
          "type": "string",
          "enum": [
            "2018-10-15"
          ]
        },
        "location": {
          "type": "string",
          "description": "The location of the resource."
        },
        "name": {
          "type": "string",
          "description": "The name of the gallery Image."
        },
        "properties": {
          "oneOf": [
            {
              "$ref": "#/definitions/GalleryImageProperties"
            },
            {
              "$ref": "https://schema.management.azure.com/schemas/common/definitions.json#/definitions/expression"
            }
          ],
          "description": "The gallery image properties"
        },
        "tags": {
          "oneOf": [
            {
              "type": "object",
              "additionalProperties": {
                "type": "string"
              },
              "properties": {}
            },
            {
              "$ref": "https://schema.management.azure.com/schemas/common/definitions.json#/definitions/expression"
            }
          ],
          "description": "The tags of the resource."
        },
        "type": {
          "type": "string",
          "enum": [
            "Microsoft.LabServices/labaccounts/galleryimages"
          ]
        }
      },
      "required": [
        "apiVersion",
        "name",
        "properties",
        "type"
      ],
      "description": "Microsoft.LabServices/labaccounts/galleryimages"
    },
    "labaccounts_labs": {
      "type": "object",
      "properties": {
        "apiVersion": {
          "type": "string",
          "enum": [
            "2018-10-15"
          ]
        },
        "location": {
          "type": "string",
          "description": "The location of the resource."
        },
        "name": {
          "type": "string",
          "description": "The name of the lab."
        },
        "properties": {
          "oneOf": [
            {
              "$ref": "#/definitions/LabProperties"
            },
            {
              "$ref": "https://schema.management.azure.com/schemas/common/definitions.json#/definitions/expression"
            }
          ],
          "description": "Properties of a Lab."
        },
        "resources": {
          "type": "array",
          "items": {
            "oneOf": [
              {
                "$ref": "#/definitions/labaccounts_labs_environmentsettings_childResource"
              },
              {
                "$ref": "#/definitions/labaccounts_labs_users_childResource"
              }
            ]
          }
        },
        "tags": {
          "oneOf": [
            {
              "type": "object",
              "additionalProperties": {
                "type": "string"
              },
              "properties": {}
            },
            {
              "$ref": "https://schema.management.azure.com/schemas/common/definitions.json#/definitions/expression"
            }
          ],
          "description": "The tags of the resource."
        },
        "type": {
          "type": "string",
          "enum": [
            "Microsoft.LabServices/labaccounts/labs"
          ]
        }
      },
      "required": [
        "apiVersion",
        "name",
        "properties",
        "type"
      ],
      "description": "Microsoft.LabServices/labaccounts/labs"
    },
    "labaccounts_labs_environmentsettings": {
      "type": "object",
      "properties": {
        "apiVersion": {
          "type": "string",
          "enum": [
            "2018-10-15"
          ]
        },
        "location": {
          "type": "string",
          "description": "The location of the resource."
        },
        "name": {
          "type": "string",
          "description": "The name of the environment Setting."
        },
        "properties": {
          "oneOf": [
            {
              "$ref": "#/definitions/EnvironmentSettingProperties"
            },
            {
              "$ref": "https://schema.management.azure.com/schemas/common/definitions.json#/definitions/expression"
            }
          ],
          "description": "Properties of an environment setting"
        },
        "resources": {
          "type": "array",
          "items": {
            "oneOf": [
              {
                "$ref": "#/definitions/labaccounts_labs_environmentsettings_environments_childResource"
              }
            ]
          }
        },
        "tags": {
          "oneOf": [
            {
              "type": "object",
              "additionalProperties": {
                "type": "string"
              },
              "properties": {}
            },
            {
              "$ref": "https://schema.management.azure.com/schemas/common/definitions.json#/definitions/expression"
            }
          ],
          "description": "The tags of the resource."
        },
        "type": {
          "type": "string",
          "enum": [
            "Microsoft.LabServices/labaccounts/labs/environmentsettings"
          ]
        }
      },
      "required": [
        "apiVersion",
        "name",
        "properties",
        "type"
      ],
      "description": "Microsoft.LabServices/labaccounts/labs/environmentsettings"
    },
    "labaccounts_labs_environmentsettings_environments": {
      "type": "object",
      "properties": {
        "apiVersion": {
          "type": "string",
          "enum": [
            "2018-10-15"
          ]
        },
        "location": {
          "type": "string",
          "description": "The location of the resource."
        },
        "name": {
          "type": "string",
          "description": "The name of the environment."
        },
        "properties": {
          "oneOf": [
            {
              "$ref": "#/definitions/EnvironmentProperties"
            },
            {
              "$ref": "https://schema.management.azure.com/schemas/common/definitions.json#/definitions/expression"
            }
          ],
          "description": "Properties of an environment"
        },
        "tags": {
          "oneOf": [
            {
              "type": "object",
              "additionalProperties": {
                "type": "string"
              },
              "properties": {}
            },
            {
              "$ref": "https://schema.management.azure.com/schemas/common/definitions.json#/definitions/expression"
            }
          ],
          "description": "The tags of the resource."
        },
        "type": {
          "type": "string",
          "enum": [
            "Microsoft.LabServices/labaccounts/labs/environmentsettings/environments"
          ]
        }
      },
      "required": [
        "apiVersion",
        "name",
        "properties",
        "type"
      ],
      "description": "Microsoft.LabServices/labaccounts/labs/environmentsettings/environments"
    },
    "labaccounts_labs_users": {
      "type": "object",
      "properties": {
        "apiVersion": {
          "type": "string",
          "enum": [
            "2018-10-15"
          ]
        },
        "location": {
          "type": "string",
          "description": "The location of the resource."
        },
        "name": {
          "type": "string",
          "description": "The name of the user."
        },
        "properties": {
          "oneOf": [
            {
              "$ref": "#/definitions/UserProperties"
            },
            {
              "$ref": "https://schema.management.azure.com/schemas/common/definitions.json#/definitions/expression"
            }
          ],
          "description": "Lab User properties"
        },
        "tags": {
          "oneOf": [
            {
              "type": "object",
              "additionalProperties": {
                "type": "string"
              },
              "properties": {}
            },
            {
              "$ref": "https://schema.management.azure.com/schemas/common/definitions.json#/definitions/expression"
            }
          ],
          "description": "The tags of the resource."
        },
        "type": {
          "type": "string",
          "enum": [
            "Microsoft.LabServices/labaccounts/labs/users"
          ]
        }
      },
      "required": [
        "apiVersion",
        "name",
        "properties",
        "type"
      ],
      "description": "Microsoft.LabServices/labaccounts/labs/users"
    }
  },
  "definitions": {
    "EnvironmentProperties": {
      "type": "object",
      "properties": {
        "provisioningState": {
          "type": "string",
          "description": "The provisioning status of the resource."
        },
        "resourceSets": {
          "oneOf": [
            {
              "$ref": "#/definitions/ResourceSet"
            },
            {
              "$ref": "https://schema.management.azure.com/schemas/common/definitions.json#/definitions/expression"
            }
          ],
          "description": "Represents a VM and the setting Id it was created for."
        },
        "uniqueIdentifier": {
          "type": "string",
          "description": "The unique immutable identifier of a resource (Guid)."
        }
      },
      "description": "Properties of an environment"
    },
    "EnvironmentSettingProperties": {
      "type": "object",
      "properties": {
        "configurationState": {
          "oneOf": [
            {
              "type": "string",
              "enum": [
                "NotApplicable",
                "Completed"
              ]
            },
            {
              "$ref": "https://schema.management.azure.com/schemas/common/definitions.json#/definitions/expression"
            }
          ],
          "description": "Describes the user's progress in configuring their environment setting."
        },
        "description": {
          "type": "string",
          "description": "Describes the environment and its resource settings"
        },
        "provisioningState": {
          "type": "string",
          "description": "The provisioning status of the resource."
        },
        "resourceSettings": {
          "oneOf": [
            {
              "$ref": "#/definitions/ResourceSettings"
            },
            {
              "$ref": "https://schema.management.azure.com/schemas/common/definitions.json#/definitions/expression"
            }
          ],
          "description": "Represents resource specific settings"
        },
        "title": {
          "type": "string",
          "description": "Brief title describing the environment and its resource settings"
        },
        "uniqueIdentifier": {
          "type": "string",
          "description": "The unique immutable identifier of a resource (Guid)."
        }
      },
      "required": [
        "resourceSettings"
      ],
      "description": "Properties of an environment setting"
    },
    "GalleryImageProperties": {
      "type": "object",
      "properties": {
        "isEnabled": {
          "oneOf": [
            {
              "type": "boolean"
            },
            {
              "$ref": "https://schema.management.azure.com/schemas/common/definitions.json#/definitions/expression"
            }
          ],
          "description": "Indicates whether this gallery image is enabled."
        },
        "isOverride": {
          "oneOf": [
            {
              "type": "boolean"
            },
            {
              "$ref": "https://schema.management.azure.com/schemas/common/definitions.json#/definitions/expression"
            }
          ],
          "description": "Indicates whether this gallery has been overridden for this lab account"
        },
        "isPlanAuthorized": {
          "oneOf": [
            {
              "type": "boolean"
            },
            {
              "$ref": "https://schema.management.azure.com/schemas/common/definitions.json#/definitions/expression"
            }
          ],
          "description": "Indicates if the plan has been authorized for programmatic deployment."
        },
        "provisioningState": {
          "type": "string",
          "description": "The provisioning status of the resource."
        },
        "uniqueIdentifier": {
          "type": "string",
          "description": "The unique immutable identifier of a resource (Guid)."
        }
      },
      "description": "The gallery image properties"
    },
    "LabAccountProperties": {
      "type": "object",
      "properties": {
        "enabledRegionSelection": {
          "oneOf": [
            {
              "type": "boolean"
            },
            {
              "$ref": "https://schema.management.azure.com/schemas/common/definitions.json#/definitions/expression"
            }
          ],
          "description": "Represents if region selection is enabled"
        },
        "provisioningState": {
          "type": "string",
          "description": "The provisioning status of the resource."
        },
        "uniqueIdentifier": {
          "type": "string",
          "description": "The unique immutable identifier of a resource (Guid)."
        }
      },
      "description": "Properties of a Lab Account."
    },
    "labaccounts_galleryimages_childResource": {
      "type": "object",
      "properties": {
        "apiVersion": {
          "type": "string",
          "enum": [
            "2018-10-15"
          ]
        },
        "location": {
          "type": "string",
          "description": "The location of the resource."
        },
        "name": {
          "type": "string",
          "description": "The name of the gallery Image."
        },
        "properties": {
          "oneOf": [
            {
              "$ref": "#/definitions/GalleryImageProperties"
            },
            {
              "$ref": "https://schema.management.azure.com/schemas/common/definitions.json#/definitions/expression"
            }
          ],
          "description": "The gallery image properties"
        },
        "tags": {
          "oneOf": [
            {
              "type": "object",
              "additionalProperties": {
                "type": "string"
              },
              "properties": {}
            },
            {
              "$ref": "https://schema.management.azure.com/schemas/common/definitions.json#/definitions/expression"
            }
          ],
          "description": "The tags of the resource."
        },
        "type": {
          "type": "string",
          "enum": [
            "galleryimages"
          ]
        }
      },
      "required": [
        "apiVersion",
        "name",
        "properties",
        "type"
      ],
      "description": "Microsoft.LabServices/labaccounts/galleryimages"
    },
    "labaccounts_labs_childResource": {
      "type": "object",
      "properties": {
        "apiVersion": {
          "type": "string",
          "enum": [
            "2018-10-15"
          ]
        },
        "location": {
          "type": "string",
          "description": "The location of the resource."
        },
        "name": {
          "type": "string",
          "description": "The name of the lab."
        },
        "properties": {
          "oneOf": [
            {
              "$ref": "#/definitions/LabProperties"
            },
            {
              "$ref": "https://schema.management.azure.com/schemas/common/definitions.json#/definitions/expression"
            }
          ],
          "description": "Properties of a Lab."
        },
        "tags": {
          "oneOf": [
            {
              "type": "object",
              "additionalProperties": {
                "type": "string"
              },
              "properties": {}
            },
            {
              "$ref": "https://schema.management.azure.com/schemas/common/definitions.json#/definitions/expression"
            }
          ],
          "description": "The tags of the resource."
        },
        "type": {
          "type": "string",
          "enum": [
            "labs"
          ]
        }
      },
      "required": [
        "apiVersion",
        "name",
        "properties",
        "type"
      ],
      "description": "Microsoft.LabServices/labaccounts/labs"
    },
    "labaccounts_labs_environmentsettings_childResource": {
      "type": "object",
      "properties": {
        "apiVersion": {
          "type": "string",
          "enum": [
            "2018-10-15"
          ]
        },
        "location": {
          "type": "string",
          "description": "The location of the resource."
        },
        "name": {
          "type": "string",
          "description": "The name of the environment Setting."
        },
        "properties": {
          "oneOf": [
            {
              "$ref": "#/definitions/EnvironmentSettingProperties"
            },
            {
              "$ref": "https://schema.management.azure.com/schemas/common/definitions.json#/definitions/expression"
            }
          ],
          "description": "Properties of an environment setting"
        },
        "tags": {
          "oneOf": [
            {
              "type": "object",
              "additionalProperties": {
                "type": "string"
              },
              "properties": {}
            },
            {
              "$ref": "https://schema.management.azure.com/schemas/common/definitions.json#/definitions/expression"
            }
          ],
          "description": "The tags of the resource."
        },
        "type": {
          "type": "string",
          "enum": [
            "environmentsettings"
          ]
        }
      },
      "required": [
        "apiVersion",
        "name",
        "properties",
        "type"
      ],
      "description": "Microsoft.LabServices/labaccounts/labs/environmentsettings"
    },
    "labaccounts_labs_environmentsettings_environments_childResource": {
      "type": "object",
      "properties": {
        "apiVersion": {
          "type": "string",
          "enum": [
            "2018-10-15"
          ]
        },
        "location": {
          "type": "string",
          "description": "The location of the resource."
        },
        "name": {
          "type": "string",
          "description": "The name of the environment."
        },
        "properties": {
          "oneOf": [
            {
              "$ref": "#/definitions/EnvironmentProperties"
            },
            {
              "$ref": "https://schema.management.azure.com/schemas/common/definitions.json#/definitions/expression"
            }
          ],
          "description": "Properties of an environment"
        },
        "tags": {
          "oneOf": [
            {
              "type": "object",
              "additionalProperties": {
                "type": "string"
              },
              "properties": {}
            },
            {
              "$ref": "https://schema.management.azure.com/schemas/common/definitions.json#/definitions/expression"
            }
          ],
          "description": "The tags of the resource."
        },
        "type": {
          "type": "string",
          "enum": [
            "environments"
          ]
        }
      },
      "required": [
        "apiVersion",
        "name",
        "properties",
        "type"
      ],
      "description": "Microsoft.LabServices/labaccounts/labs/environmentsettings/environments"
    },
    "labaccounts_labs_users_childResource": {
      "type": "object",
      "properties": {
        "apiVersion": {
          "type": "string",
          "enum": [
            "2018-10-15"
          ]
        },
        "location": {
          "type": "string",
          "description": "The location of the resource."
        },
        "name": {
          "type": "string",
          "description": "The name of the user."
        },
        "properties": {
          "oneOf": [
            {
              "$ref": "#/definitions/UserProperties"
            },
            {
              "$ref": "https://schema.management.azure.com/schemas/common/definitions.json#/definitions/expression"
            }
          ],
          "description": "Lab User properties"
        },
        "tags": {
          "oneOf": [
            {
              "type": "object",
              "additionalProperties": {
                "type": "string"
              },
              "properties": {}
            },
            {
              "$ref": "https://schema.management.azure.com/schemas/common/definitions.json#/definitions/expression"
            }
          ],
          "description": "The tags of the resource."
        },
        "type": {
          "type": "string",
          "enum": [
            "users"
          ]
        }
      },
      "required": [
        "apiVersion",
        "name",
        "properties",
        "type"
      ],
      "description": "Microsoft.LabServices/labaccounts/labs/users"
    },
    "LabProperties": {
      "type": "object",
      "properties": {
        "maxUsersInLab": {
          "oneOf": [
            {
              "type": "integer"
            },
            {
              "$ref": "https://schema.management.azure.com/schemas/common/definitions.json#/definitions/expression"
            }
          ],
          "description": "Maximum number of users allowed in the lab."
        },
        "provisioningState": {
          "type": "string",
          "description": "The provisioning status of the resource."
        },
        "uniqueIdentifier": {
          "type": "string",
          "description": "The unique immutable identifier of a resource (Guid)."
        },
        "usageQuota": {
          "type": "string",
          "format": "duration",
          "description": "Maximum duration a user can use an environment for in the lab."
        },
        "userAccessMode": {
          "oneOf": [
            {
              "type": "string",
              "enum": [
                "Restricted",
                "Open"
              ]
            },
            {
              "$ref": "https://schema.management.azure.com/schemas/common/definitions.json#/definitions/expression"
            }
          ],
          "description": "Lab user access mode (open to all vs. restricted to those listed on the lab)."
        }
      },
      "description": "Properties of a Lab."
    },
    "ReferenceVm": {
      "type": "object",
      "properties": {
        "password": {
          "type": "string",
          "description": "The password of the virtual machine. This will be set to null in GET resource API"
        },
        "userName": {
          "type": "string",
          "description": "The username of the virtual machine"
        }
      },
      "required": [
        "userName"
      ],
      "description": "Details of a Reference Vm"
    },
    "ResourceSet": {
      "type": "object",
      "properties": {
        "resourceSettingId": {
          "type": "string",
          "description": "resourceSettingId for the environment"
        },
        "vmResourceId": {
          "type": "string",
          "description": "VM resource Id for the environment"
        }
      },
      "description": "Represents a VM and the setting Id it was created for."
    },
    "ResourceSettings": {
      "type": "object",
      "properties": {
        "galleryImageResourceId": {
          "type": "string",
          "description": "The resource id of the gallery image used for creating the virtual machine"
        },
        "referenceVm": {
          "oneOf": [
            {
              "$ref": "#/definitions/ReferenceVm"
            },
            {
              "$ref": "https://schema.management.azure.com/schemas/common/definitions.json#/definitions/expression"
            }
          ],
          "description": "Details of a Reference Vm"
        },
        "size": {
          "oneOf": [
            {
              "type": "string",
              "enum": [
                "Basic",
                "Standard",
                "Performance"
              ]
            },
            {
              "$ref": "https://schema.management.azure.com/schemas/common/definitions.json#/definitions/expression"
            }
          ],
          "description": "The size of the virtual machine."
        }
      },
      "required": [
        "referenceVm"
      ],
      "description": "Represents resource specific settings"
    },
    "UserProperties": {
      "type": "object",
      "properties": {
        "provisioningState": {
          "type": "string",
          "description": "The provisioning status of the resource."
        },
        "uniqueIdentifier": {
          "type": "string",
          "description": "The unique immutable identifier of a resource (Guid)."
        }
      },
      "description": "Lab User properties"
    }
  }
}