{
  "id": "https://schema.management.azure.com/schemas/2016-10-01/Microsoft.KeyVault.json#",
  "$schema": "http://json-schema.org/draft-04/schema#",
  "title": "Microsoft.KeyVault",
  "description": "Microsoft KeyVault Resource Types",
  "resourceDefinitions": {
    "vaults": {
      "type": "object",
      "properties": {
        "apiVersion": {
          "type": "string",
          "enum": [
            "2016-10-01"
          ]
        },
        "location": {
          "type": "string",
          "description": "The supported Azure location where the key vault should be created."
        },
        "name": {
          "oneOf": [
            {
              "type": "string",
              "pattern": "^[a-zA-Z0-9-]{3,24}$"
            },
            {
              "$ref": "https://schema.management.azure.com/schemas/common/definitions.json#/definitions/expression"
            }
          ],
          "description": "Name of the vault"
        },
        "properties": {
          "oneOf": [
            {
              "$ref": "#/definitions/VaultProperties"
            },
            {
              "$ref": "https://schema.management.azure.com/schemas/common/definitions.json#/definitions/expression"
            }
          ],
          "description": "Properties of the vault"
        },
        "resources": {
          "type": "array",
          "items": {
            "oneOf": [
              {
                "$ref": "#/definitions/vaults_accessPolicies_childResource"
              },
              {
                "$ref": "#/definitions/vaults_secrets_childResource"
              }
            ]
          }
        },
        "tags": {
          "oneOf": [
            {
              "type": "object",
              "additionalProperties": {
                "type": "string"
              },
              "properties": {}
            },
            {
              "$ref": "https://schema.management.azure.com/schemas/common/definitions.json#/definitions/expression"
            }
          ],
          "description": "The tags that will be assigned to the key vault."
        },
        "type": {
          "type": "string",
          "enum": [
            "Microsoft.KeyVault/vaults"
          ]
        }
      },
      "required": [
        "apiVersion",
        "location",
        "name",
        "properties",
        "type"
      ],
      "description": "Microsoft.KeyVault/vaults"
    },
    "vaults_accessPolicies": {
      "type": "object",
      "properties": {
        "apiVersion": {
          "type": "string",
          "enum": [
            "2016-10-01"
          ]
        },
        "name": {
          "oneOf": [
            {
              "type": "string",
              "enum": [
                "add",
                "replace",
                "remove"
              ]
            },
            {
              "$ref": "https://schema.management.azure.com/schemas/common/definitions.json#/definitions/expression"
            }
          ],
          "description": "Name of the operation."
        },
        "properties": {
          "oneOf": [
            {
              "$ref": "#/definitions/VaultAccessPolicyProperties"
            },
            {
              "$ref": "https://schema.management.azure.com/schemas/common/definitions.json#/definitions/expression"
            }
          ],
          "description": "Properties of the vault access policy"
        },
        "type": {
          "type": "string",
          "enum": [
            "Microsoft.KeyVault/vaults/accessPolicies"
          ]
        }
      },
      "required": [
        "apiVersion",
        "name",
        "properties",
        "type"
      ],
      "description": "Microsoft.KeyVault/vaults/accessPolicies"
    },
    "vaults_secrets": {
      "type": "object",
      "properties": {
        "apiVersion": {
          "type": "string",
          "enum": [
            "2016-10-01"
          ]
        },
        "name": {
          "oneOf": [
            {
              "type": "string",
              "pattern": "^[a-zA-Z0-9-]{1,127}$"
            },
            {
              "$ref": "https://schema.management.azure.com/schemas/common/definitions.json#/definitions/expression"
            }
          ],
          "description": "Name of the secret"
        },
        "properties": {
          "oneOf": [
            {
              "$ref": "#/definitions/SecretProperties"
            },
            {
              "$ref": "https://schema.management.azure.com/schemas/common/definitions.json#/definitions/expression"
            }
          ],
          "description": "Properties of the secret"
        },
        "tags": {
          "oneOf": [
            {
              "type": "object",
              "additionalProperties": {
                "type": "string"
              },
              "properties": {}
            },
            {
              "$ref": "https://schema.management.azure.com/schemas/common/definitions.json#/definitions/expression"
            }
          ],
          "description": "The tags that will be assigned to the secret. "
        },
        "type": {
          "type": "string",
          "enum": [
            "Microsoft.KeyVault/vaults/secrets"
          ]
        }
      },
      "required": [
        "apiVersion",
        "name",
        "properties",
        "type"
      ],
      "description": "Microsoft.KeyVault/vaults/secrets"
    }
  },
  "definitions": {
    "AccessPolicyEntry": {
      "type": "object",
      "properties": {
        "applicationId": {
          "oneOf": [
            {
              "type": "string",
              "pattern": "^[0-9a-fA-F]{8}(-[0-9a-fA-F]{4}){3}-[0-9a-fA-F]{12}$"
            },
            {
              "$ref": "https://schema.management.azure.com/schemas/common/definitions.json#/definitions/expression"
            }
          ],
          "description": " Application ID of the client making request on behalf of a principal"
        },
        "objectId": {
          "type": "string",
          "description": "The object ID of a user, service principal or security group in the Azure Active Directory tenant for the vault. The object ID must be unique for the list of access policies."
        },
        "permissions": {
          "oneOf": [
            {
              "$ref": "#/definitions/Permissions"
            },
            {
              "$ref": "https://schema.management.azure.com/schemas/common/definitions.json#/definitions/expression"
            }
          ],
          "description": "Permissions the identity has for keys, secrets, certificates and storage."
        },
        "tenantId": {
          "oneOf": [
            {
              "type": "string",
              "pattern": "^[0-9a-fA-F]{8}(-[0-9a-fA-F]{4}){3}-[0-9a-fA-F]{12}$"
            },
            {
              "$ref": "https://schema.management.azure.com/schemas/common/definitions.json#/definitions/expression"
            }
          ],
          "description": "The Azure Active Directory tenant ID that should be used for authenticating requests to the key vault."
        }
      },
      "required": [
        "objectId",
        "permissions",
        "tenantId"
      ],
      "description": "An identity that have access to the key vault. All identities in the array must use the same tenant ID as the key vault's tenant ID."
    },
    "Permissions": {
      "type": "object",
      "properties": {
        "certificates": {
          "oneOf": [
            {
              "type": "array",
              "items": {
                "type": "string",
                "enum": [
                  "get",
                  "list",
                  "delete",
                  "create",
                  "import",
                  "update",
                  "managecontacts",
                  "getissuers",
                  "listissuers",
                  "setissuers",
                  "deleteissuers",
                  "manageissuers",
                  "recover",
                  "purge"
                ]
              }
            },
            {
              "$ref": "https://schema.management.azure.com/schemas/common/definitions.json#/definitions/expression"
            }
          ],
          "description": "Permissions to certificates"
        },
        "keys": {
          "oneOf": [
            {
              "type": "array",
              "items": {
                "type": "string",
                "enum": [
                  "encrypt",
                  "decrypt",
                  "wrapKey",
                  "unwrapKey",
                  "sign",
                  "verify",
                  "get",
                  "list",
                  "create",
                  "update",
                  "import",
                  "delete",
                  "backup",
                  "restore",
                  "recover",
                  "purge"
                ]
              }
            },
            {
              "$ref": "https://schema.management.azure.com/schemas/common/definitions.json#/definitions/expression"
            }
          ],
          "description": "Permissions to keys"
        },
        "secrets": {
          "oneOf": [
            {
              "type": "array",
              "items": {
                "type": "string",
                "enum": [
                  "get",
                  "list",
                  "set",
                  "delete",
                  "backup",
                  "restore",
                  "recover",
                  "purge"
                ]
              }
            },
            {
              "$ref": "https://schema.management.azure.com/schemas/common/definitions.json#/definitions/expression"
            }
          ],
          "description": "Permissions to secrets"
        },
        "storage": {
          "oneOf": [
            {
              "type": "array",
              "items": {
                "type": "string",
                "enum": [
                  "get",
                  "list",
                  "delete",
                  "set",
                  "update",
                  "regeneratekey",
                  "recover",
                  "purge",
                  "backup",
                  "restore",
                  "setsas",
                  "listsas",
                  "getsas",
                  "deletesas"
                ]
              }
            },
            {
              "$ref": "https://schema.management.azure.com/schemas/common/definitions.json#/definitions/expression"
            }
          ],
          "description": "Permissions to storage accounts"
        }
      },
      "description": "Permissions the identity has for keys, secrets, certificates and storage."
    },
    "SecretAttributes": {
      "type": "object",
      "properties": {
        "enabled": {
          "oneOf": [
            {
              "type": "boolean"
            },
            {
              "$ref": "https://schema.management.azure.com/schemas/common/definitions.json#/definitions/expression"
            }
          ],
          "description": "Determines whether the object is enabled."
        },
        "exp": {
          "oneOf": [
            {
              "type": "integer"
            },
            {
              "$ref": "https://schema.management.azure.com/schemas/common/definitions.json#/definitions/expression"
            }
          ],
          "description": "Expiry date in seconds since 1970-01-01T00:00:00Z."
        },
        "nbf": {
          "oneOf": [
            {
              "type": "integer"
            },
            {
              "$ref": "https://schema.management.azure.com/schemas/common/definitions.json#/definitions/expression"
            }
          ],
          "description": "Not before date in seconds since 1970-01-01T00:00:00Z."
        }
      },
      "description": "The secret management attributes."
    },
    "SecretProperties": {
      "type": "object",
      "properties": {
        "attributes": {
          "oneOf": [
            {
              "$ref": "#/definitions/SecretAttributes"
            },
            {
              "$ref": "https://schema.management.azure.com/schemas/common/definitions.json#/definitions/expression"
            }
          ],
          "description": "The secret management attributes."
        },
        "contentType": {
          "type": "string",
          "description": "The content type of the secret."
        },
        "value": {
          "type": "string",
          "description": "The value of the secret. NOTE: 'value' will never be returned from the service, as APIs using this model are is intended for internal use in ARM deployments. Users should use the data-plane REST service for interaction with vault secrets."
        }
      },
      "description": "Properties of the secret"
    },
    "Sku": {
      "type": "object",
      "properties": {
        "family": {
          "oneOf": [
            {
              "type": "string",
              "enum": [
                "A"
              ]
            },
            {
              "$ref": "https://schema.management.azure.com/schemas/common/definitions.json#/definitions/expression"
            }
          ],
          "description": "SKU family name"
        },
        "name": {
          "oneOf": [
            {
              "type": "string",
              "enum": [
                "standard",
                "premium"
              ]
            },
            {
              "$ref": "https://schema.management.azure.com/schemas/common/definitions.json#/definitions/expression"
            }
          ],
          "description": "SKU name to specify whether the key vault is a standard vault or a premium vault."
        }
      },
      "required": [
        "family",
        "name"
      ],
      "description": "SKU details"
    },
    "VaultAccessPolicyProperties": {
      "type": "object",
      "properties": {
        "accessPolicies": {
          "oneOf": [
            {
              "type": "array",
              "items": {
                "$ref": "#/definitions/AccessPolicyEntry"
              }
            },
            {
              "$ref": "https://schema.management.azure.com/schemas/common/definitions.json#/definitions/expression"
            }
          ],
          "description": "An array of 0 to 16 identities that have access to the key vault. All identities in the array must use the same tenant ID as the key vault's tenant ID."
        }
      },
      "required": [
        "accessPolicies"
      ],
      "description": "Properties of the vault access policy"
    },
    "VaultProperties": {
      "type": "object",
      "properties": {
        "accessPolicies": {
          "oneOf": [
            {
              "type": "array",
              "items": {
                "$ref": "#/definitions/AccessPolicyEntry"
              }
            },
            {
              "$ref": "https://schema.management.azure.com/schemas/common/definitions.json#/definitions/expression"
            }
          ],
          "description": "An array of 0 to 16 identities that have access to the key vault. All identities in the array must use the same tenant ID as the key vault's tenant ID. When `createMode` is set to `recover`, access policies are not required. Otherwise, access policies are required."
        },
        "createMode": {
          "oneOf": [
            {
              "type": "string",
              "enum": [
                "recover",
                "default"
              ]
            },
            {
              "$ref": "https://schema.management.azure.com/schemas/common/definitions.json#/definitions/expression"
            }
          ],
          "description": "The vault's create mode to indicate whether the vault need to be recovered or not."
        },
        "enabledForDeployment": {
          "oneOf": [
            {
              "type": "boolean"
            },
            {
              "$ref": "https://schema.management.azure.com/schemas/common/definitions.json#/definitions/expression"
            }
          ],
          "description": "Property to specify whether Azure Virtual Machines are permitted to retrieve certificates stored as secrets from the key vault."
        },
        "enabledForDiskEncryption": {
          "oneOf": [
            {
              "type": "boolean"
            },
            {
              "$ref": "https://schema.management.azure.com/schemas/common/definitions.json#/definitions/expression"
            }
          ],
          "description": "Property to specify whether Azure Disk Encryption is permitted to retrieve secrets from the vault and unwrap keys."
        },
        "enabledForTemplateDeployment": {
          "oneOf": [
            {
              "type": "boolean"
            },
            {
              "$ref": "https://schema.management.azure.com/schemas/common/definitions.json#/definitions/expression"
            }
          ],
          "description": "Property to specify whether Azure Resource Manager is permitted to retrieve secrets from the key vault."
        },
        "enablePurgeProtection": {
          "oneOf": [
            {
              "type": "boolean"
            },
            {
              "$ref": "https://schema.management.azure.com/schemas/common/definitions.json#/definitions/expression"
            }
          ],
          "description": "Property specifying whether protection against purge is enabled for this vault. Setting this property to true activates protection against purge for this vault and its content - only the Key Vault service may initiate a hard, irrecoverable deletion. The setting is effective only if soft delete is also enabled. Enabling this functionality is irreversible - that is, the property does not accept false as its value."
        },
        "enableSoftDelete": {
          "oneOf": [
            {
              "type": "boolean"
            },
            {
              "$ref": "https://schema.management.azure.com/schemas/common/definitions.json#/definitions/expression"
            }
          ],
          "description": "Property specifying whether recoverable deletion is enabled for this key vault. Setting this property to true activates the soft delete feature, whereby vaults or vault entities can be recovered after deletion. Enabling this functionality is irreversible - that is, the property does not accept false as its value."
        },
        "sku": {
          "oneOf": [
            {
              "$ref": "#/definitions/Sku"
            },
            {
              "$ref": "https://schema.management.azure.com/schemas/common/definitions.json#/definitions/expression"
            }
          ],
          "description": "SKU details"
        },
        "tenantId": {
          "oneOf": [
            {
              "type": "string",
              "pattern": "^[0-9a-fA-F]{8}(-[0-9a-fA-F]{4}){3}-[0-9a-fA-F]{12}$"
            },
            {
              "$ref": "https://schema.management.azure.com/schemas/common/definitions.json#/definitions/expression"
            }
          ],
          "description": "The Azure Active Directory tenant ID that should be used for authenticating requests to the key vault."
        },
        "vaultUri": {
          "type": "string",
          "description": "The URI of the vault for performing operations on keys and secrets."
        }
      },
      "required": [
        "sku",
        "tenantId"
      ],
      "description": "Properties of the vault"
    },
    "vaults_accessPolicies_childResource": {
      "type": "object",
      "properties": {
        "apiVersion": {
          "type": "string",
          "enum": [
            "2016-10-01"
          ]
        },
        "name": {
          "oneOf": [
            {
              "type": "string",
              "enum": [
                "add",
                "replace",
                "remove"
              ]
            },
            {
              "$ref": "https://schema.management.azure.com/schemas/common/definitions.json#/definitions/expression"
            }
          ],
          "description": "Name of the operation."
        },
        "properties": {
          "oneOf": [
            {
              "$ref": "#/definitions/VaultAccessPolicyProperties"
            },
            {
              "$ref": "https://schema.management.azure.com/schemas/common/definitions.json#/definitions/expression"
            }
          ],
          "description": "Properties of the vault access policy"
        },
        "type": {
          "type": "string",
          "enum": [
            "accessPolicies"
          ]
        }
      },
      "required": [
        "apiVersion",
        "name",
        "properties",
        "type"
      ],
      "description": "Microsoft.KeyVault/vaults/accessPolicies"
    },
    "vaults_secrets_childResource": {
      "type": "object",
      "properties": {
        "apiVersion": {
          "type": "string",
          "enum": [
            "2016-10-01"
          ]
        },
        "name": {
          "oneOf": [
            {
              "type": "string",
              "pattern": "^[a-zA-Z0-9-]{1,127}$"
            },
            {
              "$ref": "https://schema.management.azure.com/schemas/common/definitions.json#/definitions/expression"
            }
          ],
          "description": "Name of the secret"
        },
        "properties": {
          "oneOf": [
            {
              "$ref": "#/definitions/SecretProperties"
            },
            {
              "$ref": "https://schema.management.azure.com/schemas/common/definitions.json#/definitions/expression"
            }
          ],
          "description": "Properties of the secret"
        },
        "tags": {
          "oneOf": [
            {
              "type": "object",
              "additionalProperties": {
                "type": "string"
              },
              "properties": {}
            },
            {
              "$ref": "https://schema.management.azure.com/schemas/common/definitions.json#/definitions/expression"
            }
          ],
          "description": "The tags that will be assigned to the secret. "
        },
        "type": {
          "type": "string",
          "enum": [
            "secrets"
          ]
        }
      },
      "required": [
        "apiVersion",
        "name",
        "properties",
        "type"
      ],
      "description": "Microsoft.KeyVault/vaults/secrets"
    }
  }
}