{
  "id": "https://schema.management.azure.com/schemas/2015-11-01-preview/Microsoft.OperationsManagement.json#",
  "$schema": "http://json-schema.org/draft-04/schema#",
  "title": "Microsoft.OperationsManagement",
  "description": "Microsoft OperationsManagement Resource Types",
  "resourceDefinitions": {
    "ManagementConfigurations": {
      "type": "object",
      "properties": {
        "name": {
          "type": "string",
          "description": "User Management Configuration Name."
        },
        "type": {
          "type": "string",
          "enum": [
            "Microsoft.OperationsManagement/ManagementConfigurations"
          ]
        },
        "apiVersion": {
          "type": "string",
          "enum": [
            "2015-11-01-preview"
          ]
        },
        "location": {
          "type": "string",
          "description": "Resource location"
        },
        "properties": {
          "oneOf": [
            {
              "$ref": "#/definitions/ManagementConfigurationProperties"
            },
            {
              "$ref": "https://schema.management.azure.com/schemas/common/definitions.json#/definitions/expression"
            }
          ],
          "description": "Properties for ManagementConfiguration object supported by the OperationsManagement resource provider."
        }
      },
      "required": [
        "name",
        "type",
        "apiVersion",
        "properties"
      ],
      "description": "Microsoft.OperationsManagement/ManagementConfigurations"
    },
    "solutions": {
      "type": "object",
      "properties": {
        "name": {
          "type": "string",
          "description": "User Solution Name."
        },
        "type": {
          "type": "string",
          "enum": [
            "Microsoft.OperationsManagement/solutions"
          ]
        },
        "apiVersion": {
          "type": "string",
          "enum": [
            "2015-11-01-preview"
          ]
        },
        "location": {
          "type": "string",
          "description": "Resource location"
        },
        "plan": {
          "oneOf": [
            {
              "$ref": "#/definitions/SolutionPlan"
            },
            {
              "$ref": "https://schema.management.azure.com/schemas/common/definitions.json#/definitions/expression"
            }
          ],
          "description": "Plan for solution object supported by the OperationsManagement resource provider."
        },
        "properties": {
          "oneOf": [
            {
              "$ref": "#/definitions/SolutionProperties"
            },
            {
              "$ref": "https://schema.management.azure.com/schemas/common/definitions.json#/definitions/expression"
            }
          ],
          "description": "Properties for solution object supported by the OperationsManagement resource provider."
        }
      },
      "required": [
        "name",
        "type",
        "apiVersion",
        "properties"
      ],
      "description": "Microsoft.OperationsManagement/solutions"
    }
  },
  "definitions": {
    "ArmTemplateParameter": {
      "type": "object",
      "properties": {
        "name": {
          "type": "string",
          "description": "name of the parameter."
        },
        "value": {
          "type": "string",
          "description": "value for the parameter. In Jtoken "
        }
      },
      "description": "Parameter to pass to ARM template"
    },
    "ManagementConfigurationProperties": {
      "type": "object",
      "properties": {
        "applicationId": {
          "type": "string",
          "description": "The applicationId of the appliance for this Management."
        },
        "parentResourceType": {
          "type": "string",
          "description": "The type of the parent resource."
        },
        "parameters": {
          "oneOf": [
            {
              "type": "array",
              "items": {
                "$ref": "#/definitions/ArmTemplateParameter"
              }
            },
            {
              "$ref": "https://schema.management.azure.com/schemas/common/definitions.json#/definitions/expression"
            }
          ],
          "description": "Parameters to run the ARM template"
        },
        "template": {
          "description": "The Json object containing the ARM template to deploy"
        }
      },
      "required": [
        "parentResourceType",
        "parameters",
        "template"
      ],
      "description": "ManagementConfiguration properties supported by the OperationsManagement resource provider."
    },
    "SolutionPlan": {
      "type": "object",
      "properties": {
        "name": {
          "type": "string",
          "description": "name of the solution to be created. For Microsoft published solution it should be in the format of solutionType(workspaceName). SolutionType part is case sensitive. For third party solution, it can be anything."
        },
        "publisher": {
          "type": "string",
          "description": "Publisher name. For gallery solution, it is Microsoft."
        },
        "promotionCode": {
          "type": "string",
          "description": "promotionCode, Not really used now, can you left as empty"
        },
        "product": {
          "type": "string",
          "description": "name of the solution to enabled/add. For Microsoft published gallery solution it should be in the format of OMSGallery/<solutionType>. This is case sensitive"
        }
      },
      "description": "Plan for solution object supported by the OperationsManagement resource provider."
    },
    "SolutionProperties": {
      "type": "object",
      "properties": {
        "workspaceResourceId": {
          "type": "string",
          "description": "The azure resourceId for the workspace where the solution will be deployed/enabled."
        },
        "containedResources": {
          "oneOf": [
            {
              "type": "array",
              "items": {
                "type": "string"
              }
            },
            {
              "$ref": "https://schema.management.azure.com/schemas/common/definitions.json#/definitions/expression"
            }
          ],
          "description": "The azure resources that will be contained within the solutions. They will be locked and gets deleted automatically when the solution is deleted."
        },
        "referencedResources": {
          "oneOf": [
            {
              "type": "array",
              "items": {
                "type": "string"
              }
            },
            {
              "$ref": "https://schema.management.azure.com/schemas/common/definitions.json#/definitions/expression"
            }
          ],
          "description": "The resources that will be referenced from this solution. Deleting any of those solution out of band will break the solution."
        }
      },
      "required": [
        "workspaceResourceId"
      ],
      "description": "Solution properties supported by the OperationsManagement resource provider."
    }
  }
}
