{
  "id": "https://schema.management.azure.com/schemas/2016-07-01/Microsoft.Relay.json#",
  "$schema": "http://json-schema.org/draft-04/schema#",
  "title": "Microsoft.Relay",
  "description": "Microsoft Relay Resource Types",
  "resourceDefinitions": {
    "namespaces": {
      "type": "object",
      "properties": {
        "apiVersion": {
          "type": "string",
          "enum": [
            "2016-07-01"
          ]
        },
        "location": {
          "type": "string",
          "description": "Resource location"
        },
        "name": {
          "type": "string",
          "minLength": 6,
          "maxLength": 50,
          "description": "The Namespace Name"
        },
        "properties": {
          "oneOf": [
            {
              "$ref": "#/definitions/RelayNamespaceProperties"
            },
            {
              "$ref": "https://schema.management.azure.com/schemas/common/definitions.json#/definitions/expression"
            }
          ],
          "description": "Properties of the Namespace."
        },
        "resources": {
          "type": "array",
          "items": {
            "oneOf": [
              {
                "$ref": "#/definitions/namespaces_AuthorizationRules_childResource"
              },
              {
                "$ref": "#/definitions/namespaces_HybridConnections_childResource"
              },
              {
                "$ref": "#/definitions/namespaces_WcfRelays_childResource"
              }
            ]
          }
        },
        "sku": {
          "oneOf": [
            {
              "$ref": "#/definitions/Sku"
            },
            {
              "$ref": "https://schema.management.azure.com/schemas/common/definitions.json#/definitions/expression"
            }
          ],
          "description": "Sku of the Namespace."
        },
        "tags": {
          "oneOf": [
            {
              "type": "object",
              "additionalProperties": {
                "type": "string"
              },
              "properties": {}
            },
            {
              "$ref": "https://schema.management.azure.com/schemas/common/definitions.json#/definitions/expression"
            }
          ],
          "description": "Resource tags"
        },
        "type": {
          "type": "string",
          "enum": [
            "Microsoft.Relay/namespaces"
          ]
        }
      },
      "required": [
        "apiVersion",
        "location",
        "name",
        "properties",
        "type"
      ],
      "description": "Microsoft.Relay/namespaces"
    },
    "namespaces_AuthorizationRules": {
      "type": "object",
      "properties": {
        "apiVersion": {
          "type": "string",
          "enum": [
            "2016-07-01"
          ]
        },
        "name": {
          "type": "string",
          "minLength": 1,
          "maxLength": 50,
          "description": "The authorizationRule name."
        },
        "properties": {
          "oneOf": [
            {
              "$ref": "#/definitions/AuthorizationRuleProperties"
            },
            {
              "$ref": "https://schema.management.azure.com/schemas/common/definitions.json#/definitions/expression"
            }
          ],
          "description": "AuthorizationRule properties."
        },
        "type": {
          "type": "string",
          "enum": [
            "Microsoft.Relay/namespaces/AuthorizationRules"
          ]
        }
      },
      "required": [
        "apiVersion",
        "name",
        "properties",
        "type"
      ],
      "description": "Microsoft.Relay/namespaces/AuthorizationRules"
    },
    "namespaces_HybridConnections": {
      "type": "object",
      "properties": {
        "apiVersion": {
          "type": "string",
          "enum": [
            "2016-07-01"
          ]
        },
        "name": {
          "type": "string",
          "minLength": 1,
          "maxLength": 50,
          "description": "The hybrid connection name."
        },
        "properties": {
          "oneOf": [
            {
              "$ref": "#/definitions/HybridConnectionProperties"
            },
            {
              "$ref": "https://schema.management.azure.com/schemas/common/definitions.json#/definitions/expression"
            }
          ],
          "description": "Properties of the HybridConnection."
        },
        "resources": {
          "type": "array",
          "items": {
            "oneOf": [
              {
                "$ref": "#/definitions/namespaces_HybridConnections_authorizationRules_childResource"
              }
            ]
          }
        },
        "type": {
          "type": "string",
          "enum": [
            "Microsoft.Relay/namespaces/HybridConnections"
          ]
        }
      },
      "required": [
        "apiVersion",
        "name",
        "properties",
        "type"
      ],
      "description": "Microsoft.Relay/namespaces/HybridConnections"
    },
    "namespaces_HybridConnections_authorizationRules": {
      "type": "object",
      "properties": {
        "apiVersion": {
          "type": "string",
          "enum": [
            "2016-07-01"
          ]
        },
        "name": {
          "type": "string",
          "minLength": 1,
          "maxLength": 50,
          "description": "The authorizationRule name."
        },
        "properties": {
          "oneOf": [
            {
              "$ref": "#/definitions/AuthorizationRuleProperties"
            },
            {
              "$ref": "https://schema.management.azure.com/schemas/common/definitions.json#/definitions/expression"
            }
          ],
          "description": "AuthorizationRule properties."
        },
        "type": {
          "type": "string",
          "enum": [
            "Microsoft.Relay/namespaces/HybridConnections/authorizationRules"
          ]
        }
      },
      "required": [
        "apiVersion",
        "name",
        "properties",
        "type"
      ],
      "description": "Microsoft.Relay/namespaces/HybridConnections/authorizationRules"
    },
    "namespaces_WcfRelays": {
      "type": "object",
      "properties": {
        "apiVersion": {
          "type": "string",
          "enum": [
            "2016-07-01"
          ]
        },
        "name": {
          "type": "string",
          "minLength": 1,
          "maxLength": 50,
          "description": "The relay name"
        },
        "properties": {
          "oneOf": [
            {
              "$ref": "#/definitions/WcfRelayProperties"
            },
            {
              "$ref": "https://schema.management.azure.com/schemas/common/definitions.json#/definitions/expression"
            }
          ],
          "description": "Properties of the WcfRelay Properties."
        },
        "resources": {
          "type": "array",
          "items": {
            "oneOf": [
              {
                "$ref": "#/definitions/namespaces_WcfRelays_authorizationRules_childResource"
              }
            ]
          }
        },
        "type": {
          "type": "string",
          "enum": [
            "Microsoft.Relay/namespaces/WcfRelays"
          ]
        }
      },
      "required": [
        "apiVersion",
        "name",
        "properties",
        "type"
      ],
      "description": "Microsoft.Relay/namespaces/WcfRelays"
    },
    "namespaces_WcfRelays_authorizationRules": {
      "type": "object",
      "properties": {
        "apiVersion": {
          "type": "string",
          "enum": [
            "2016-07-01"
          ]
        },
        "name": {
          "type": "string",
          "minLength": 1,
          "maxLength": 50,
          "description": "The authorizationRule name."
        },
        "properties": {
          "oneOf": [
            {
              "$ref": "#/definitions/AuthorizationRuleProperties"
            },
            {
              "$ref": "https://schema.management.azure.com/schemas/common/definitions.json#/definitions/expression"
            }
          ],
          "description": "AuthorizationRule properties."
        },
        "type": {
          "type": "string",
          "enum": [
            "Microsoft.Relay/namespaces/WcfRelays/authorizationRules"
          ]
        }
      },
      "required": [
        "apiVersion",
        "name",
        "properties",
        "type"
      ],
      "description": "Microsoft.Relay/namespaces/WcfRelays/authorizationRules"
    }
  },
  "definitions": {
    "AuthorizationRuleProperties": {
      "type": "object",
      "properties": {
        "rights": {
          "oneOf": [
            {
              "type": "array",
              "items": {
                "type": "string",
                "enum": [
                  "Manage",
                  "Send",
                  "Listen"
                ]
              }
            },
            {
              "$ref": "https://schema.management.azure.com/schemas/common/definitions.json#/definitions/expression"
            }
          ],
          "description": "The rights associated with the rule."
        }
      },
      "required": [
        "rights"
      ],
      "description": "AuthorizationRule properties."
    },
    "HybridConnectionProperties": {
      "type": "object",
      "properties": {
        "requiresClientAuthorization": {
          "oneOf": [
            {
              "type": "boolean"
            },
            {
              "$ref": "https://schema.management.azure.com/schemas/common/definitions.json#/definitions/expression"
            }
          ],
          "description": "true if client authorization is needed for this HybridConnection; otherwise, false."
        },
        "userMetadata": {
          "type": "string",
          "description": "usermetadata is a placeholder to store user-defined string data for the HybridConnection endpoint.e.g. it can be used to store  descriptive data, such as list of teams and their contact information also user-defined configuration settings can be stored."
        }
      },
      "description": "Properties of the HybridConnection."
    },
    "namespaces_AuthorizationRules_childResource": {
      "type": "object",
      "properties": {
        "apiVersion": {
          "type": "string",
          "enum": [
            "2016-07-01"
          ]
        },
        "name": {
          "type": "string",
          "minLength": 1,
          "maxLength": 50,
          "description": "The authorizationRule name."
        },
        "properties": {
          "oneOf": [
            {
              "$ref": "#/definitions/AuthorizationRuleProperties"
            },
            {
              "$ref": "https://schema.management.azure.com/schemas/common/definitions.json#/definitions/expression"
            }
          ],
          "description": "AuthorizationRule properties."
        },
        "type": {
          "type": "string",
          "enum": [
            "AuthorizationRules"
          ]
        }
      },
      "required": [
        "apiVersion",
        "name",
        "properties",
        "type"
      ],
      "description": "Microsoft.Relay/namespaces/AuthorizationRules"
    },
    "namespaces_HybridConnections_authorizationRules_childResource": {
      "type": "object",
      "properties": {
        "apiVersion": {
          "type": "string",
          "enum": [
            "2016-07-01"
          ]
        },
        "name": {
          "type": "string",
          "minLength": 1,
          "maxLength": 50,
          "description": "The authorizationRule name."
        },
        "properties": {
          "oneOf": [
            {
              "$ref": "#/definitions/AuthorizationRuleProperties"
            },
            {
              "$ref": "https://schema.management.azure.com/schemas/common/definitions.json#/definitions/expression"
            }
          ],
          "description": "AuthorizationRule properties."
        },
        "type": {
          "type": "string",
          "enum": [
            "authorizationRules"
          ]
        }
      },
      "required": [
        "apiVersion",
        "name",
        "properties",
        "type"
      ],
      "description": "Microsoft.Relay/namespaces/HybridConnections/authorizationRules"
    },
    "namespaces_HybridConnections_childResource": {
      "type": "object",
      "properties": {
        "apiVersion": {
          "type": "string",
          "enum": [
            "2016-07-01"
          ]
        },
        "name": {
          "type": "string",
          "minLength": 1,
          "maxLength": 50,
          "description": "The hybrid connection name."
        },
        "properties": {
          "oneOf": [
            {
              "$ref": "#/definitions/HybridConnectionProperties"
            },
            {
              "$ref": "https://schema.management.azure.com/schemas/common/definitions.json#/definitions/expression"
            }
          ],
          "description": "Properties of the HybridConnection."
        },
        "type": {
          "type": "string",
          "enum": [
            "HybridConnections"
          ]
        }
      },
      "required": [
        "apiVersion",
        "name",
        "properties",
        "type"
      ],
      "description": "Microsoft.Relay/namespaces/HybridConnections"
    },
    "namespaces_WcfRelays_authorizationRules_childResource": {
      "type": "object",
      "properties": {
        "apiVersion": {
          "type": "string",
          "enum": [
            "2016-07-01"
          ]
        },
        "name": {
          "type": "string",
          "minLength": 1,
          "maxLength": 50,
          "description": "The authorizationRule name."
        },
        "properties": {
          "oneOf": [
            {
              "$ref": "#/definitions/AuthorizationRuleProperties"
            },
            {
              "$ref": "https://schema.management.azure.com/schemas/common/definitions.json#/definitions/expression"
            }
          ],
          "description": "AuthorizationRule properties."
        },
        "type": {
          "type": "string",
          "enum": [
            "authorizationRules"
          ]
        }
      },
      "required": [
        "apiVersion",
        "name",
        "properties",
        "type"
      ],
      "description": "Microsoft.Relay/namespaces/WcfRelays/authorizationRules"
    },
    "namespaces_WcfRelays_childResource": {
      "type": "object",
      "properties": {
        "apiVersion": {
          "type": "string",
          "enum": [
            "2016-07-01"
          ]
        },
        "name": {
          "type": "string",
          "minLength": 1,
          "maxLength": 50,
          "description": "The relay name"
        },
        "properties": {
          "oneOf": [
            {
              "$ref": "#/definitions/WcfRelayProperties"
            },
            {
              "$ref": "https://schema.management.azure.com/schemas/common/definitions.json#/definitions/expression"
            }
          ],
          "description": "Properties of the WcfRelay Properties."
        },
        "type": {
          "type": "string",
          "enum": [
            "WcfRelays"
          ]
        }
      },
      "required": [
        "apiVersion",
        "name",
        "properties",
        "type"
      ],
      "description": "Microsoft.Relay/namespaces/WcfRelays"
    },
    "RelayNamespaceProperties": {
      "type": "object",
      "properties": {},
      "description": "Properties of the Namespace."
    },
    "Sku": {
      "type": "object",
      "properties": {
        "name": {
          "oneOf": [
            {
              "type": "string",
              "enum": [
                "Standard"
              ]
            },
            {
              "$ref": "https://schema.management.azure.com/schemas/common/definitions.json#/definitions/expression"
            }
          ],
          "description": "Name of this Sku"
        },
        "tier": {
          "oneOf": [
            {
              "type": "string",
              "enum": [
                "Standard"
              ]
            },
            {
              "$ref": "https://schema.management.azure.com/schemas/common/definitions.json#/definitions/expression"
            }
          ],
          "description": "The tier of this particular SKU"
        }
      },
      "required": [
        "name",
        "tier"
      ],
      "description": "Sku of the Namespace."
    },
    "WcfRelayProperties": {
      "type": "object",
      "properties": {
        "relayType": {
          "oneOf": [
            {
              "type": "string",
              "enum": [
                "NetTcp",
                "Http"
              ]
            },
            {
              "$ref": "https://schema.management.azure.com/schemas/common/definitions.json#/definitions/expression"
            }
          ],
          "description": "WCFRelay Type."
        },
        "requiresClientAuthorization": {
          "oneOf": [
            {
              "type": "boolean"
            },
            {
              "$ref": "https://schema.management.azure.com/schemas/common/definitions.json#/definitions/expression"
            }
          ],
          "description": "true if client authorization is needed for this relay; otherwise, false."
        },
        "requiresTransportSecurity": {
          "oneOf": [
            {
              "type": "boolean"
            },
            {
              "$ref": "https://schema.management.azure.com/schemas/common/definitions.json#/definitions/expression"
            }
          ],
          "description": "true if transport security is needed for this relay; otherwise, false."
        },
        "userMetadata": {
          "type": "string",
          "description": "usermetadata is a placeholder to store user-defined string data for the HybridConnection endpoint.e.g. it can be used to store  descriptive data, such as list of teams and their contact information also user-defined configuration settings can be stored."
        }
      },
      "description": "Properties of the WcfRelay Properties."
    }
  }
}