{
  "id": "https://schema.management.azure.com/schemas/2017-09-07-privatepreview/Microsoft.Kusto.json#",
  "$schema": "http://json-schema.org/draft-04/schema#",
  "title": "Microsoft.Kusto",
  "description": "Microsoft Kusto Resource Types",
  "resourceDefinitions": {
    "clusters": {
      "type": "object",
      "properties": {
        "name": {
          "type": "string",
          "description": "The Cluster name"
        },
        "type": {
          "enum": [
            "Microsoft.Kusto/clusters"
          ]
        },
        "apiVersion": {
          "enum": [
            "2017-09-07-privatepreview"
          ]
        },
        "location": {
          "type": "string",
          "description": "Cluster's location"
        },
        "tags": {
          "oneOf": [
            {
              "type": "object",
              "additionalProperties": {
                "type": "string"
              }
            },
            {
              "$ref": "https://schema.management.azure.com/schemas/common/definitions.json#/definitions/expression"
            }
          ],
          "description": "Cluster tags"
        },
        "sku": {
          "oneOf": [
            {
              "$ref": "#/definitions/Sku"
            },
            {
              "$ref": "https://schema.management.azure.com/schemas/common/definitions.json#/definitions/expression"
            }
          ],
          "description": "The SKU (pricing tier) of the Kusto cluster."
        },
        "resources": {
          "type": "array",
          "items": {
            "oneOf": [
              {
                "$ref": "#/resourceDefinitions/clusters_databases"
              }
            ]
          }
        }
      },
      "required": [
        "name",
        "type",
        "apiVersion",
        "location",
        "sku"
      ],
      "description": "Microsoft.Kusto/clusters"
    },
    "clusters_databases": {
      "type": "object",
      "properties": {
        "name": {
          "type": "string",
          "description": "The Database name"
        },
        "type": {
          "enum": [
            "Microsoft.Kusto/clusters/databases"
          ]
        },
        "apiVersion": {
          "type": "string",
          "enum": [
            "2017-09-07-privatepreview"
          ]
        },
        "properties": {
          "oneOf": [
            {
              "$ref": "#/definitions/DatabaseProperties"
            },
            {
              "$ref": "https://schema.management.azure.com/schemas/common/definitions.json#/definitions/expression"
            }
          ],
          "description": "Properties supplied to the Database Create Or Update Kusto operation."
        }
      },
      "required": [
        "name",
        "type",
        "apiVersion",
        "properties"
      ],
      "description": "Microsoft.Kusto/clusters/databases"
    }
  },
  "definitions": {
    "Sku": {
      "oneOf": [
        {
          "$ref": "#/definitions/AzureSku"
        },
        {
          "$ref": "https://schema.management.azure.com/schemas/common/definitions.json#/definitions/expression"
        }
      ]
    },
    "AzureSku": {
      "type": "object",
      "required": [
        "name",
        "tier"
      ],
      "properties": {
        "name": {
          "description": "SKU name. Possible values include: 'KC8', 'KC16', 'KS8', 'KS16'",
          "type": "string",
          "enum": [
            "KC8",
            "KC16",
            "KS8",
            "KS16"
          ],
          "x-ms-enum": {
            "name": "AzureSkuName",
            "modelAsString": true
          }
        },
        "tier": {
          "description": "SKU tier",
          "type": "string",
          "enum": [
            "Standard"
          ],
          "x-ms-enum": {
            "name": "AzureSkuTier",
            "modelAsString": true
          }
        }
      }
    },
    "DatabaseProperties": {
      "properties": {
        "softDeletePeriodInDays": {
          "type": "integer",
          "description": "The number of days data should be kept before it stops being accessible to queries."
        }
      },
      "required": [
        "softDeletePeriodInDays"
      ],
      "description": "Class representing the Kusto database properties."
    }
  }
}