{
  "id": "https://schema.management.azure.com/schemas/2016-06-27-preview/Microsoft.ContainerRegistry.json#",
  "$schema": "http://json-schema.org/draft-04/schema#",
  "title": "Microsoft.ContainerRegistry",
  "description": "Microsoft ContainerRegistry Resource Types",
  "resourceDefinitions": {
    "registries": {
      "type": "object",
      "properties": {
        "apiVersion": {
          "type": "string",
          "enum": [
            "2016-06-27-preview"
          ]
        },
        "location": {
          "type": "string",
          "description": "The location of the resource. This cannot be changed after the resource is created."
        },
        "name": {
          "type": "string",
          "description": "The name of the container registry."
        },
        "properties": {
          "oneOf": [
            {
              "$ref": "#/definitions/RegistryProperties"
            },
            {
              "$ref": "https://schema.management.azure.com/schemas/common/definitions.json#/definitions/expression"
            }
          ],
          "description": "The properties of a container registry."
        },
        "tags": {
          "oneOf": [
            {
              "type": "object",
              "additionalProperties": {
                "type": "string"
              },
              "properties": {}
            },
            {
              "$ref": "https://schema.management.azure.com/schemas/common/definitions.json#/definitions/expression"
            }
          ],
          "description": "The tags of the resource."
        },
        "type": {
          "type": "string",
          "enum": [
            "Microsoft.ContainerRegistry/registries"
          ]
        }
      },
      "required": [
        "apiVersion",
        "location",
        "name",
        "properties",
        "type"
      ],
      "description": "Microsoft.ContainerRegistry/registries"
    }
  },
  "definitions": {
    "RegistryProperties": {
      "type": "object",
      "properties": {
        "adminUserEnabled": {
          "oneOf": [
            {
              "type": "boolean",
              "default": false
            },
            {
              "$ref": "https://schema.management.azure.com/schemas/common/definitions.json#/definitions/expression"
            }
          ],
          "description": "The value that indicates whether the admin user is enabled. This value is false by default."
        },
        "storageAccount": {
          "oneOf": [
            {
              "$ref": "#/definitions/StorageAccountProperties"
            },
            {
              "$ref": "https://schema.management.azure.com/schemas/common/definitions.json#/definitions/expression"
            }
          ],
          "description": "The properties of a storage account for a container registry."
        }
      },
      "required": [
        "storageAccount"
      ],
      "description": "The properties of a container registry."
    },
    "StorageAccountProperties": {
      "type": "object",
      "properties": {
        "accessKey": {
          "type": "string",
          "description": "The access key to the storage account."
        },
        "name": {
          "type": "string",
          "description": "The name of the storage account."
        }
      },
      "required": [
        "accessKey",
        "name"
      ],
      "description": "The properties of a storage account for a container registry."
    }
  }
}