{
  "id": "https://schema.management.azure.com/schemas/2018-08-01/Microsoft.Network.FrontDoor.json#",
  "$schema": "http://json-schema.org/draft-04/schema#",
  "title": "Microsoft.Network",
  "description": "Microsoft Network Resource Types",
  "resourceDefinitions": {
    "frontDoors": {
      "type": "object",
      "properties": {
        "apiVersion": {
          "type": "string",
          "enum": [
            "2018-08-01"
          ]
        },
        "location": {
          "type": "string",
          "description": "Resource location."
        },
        "name": {
          "oneOf": [
            {
              "type": "string",
              "pattern": "^[a-zA-Z0-9]+([-a-zA-Z0-9]?[a-zA-Z0-9])*$",
              "minLength": 5,
              "maxLength": 64
            },
            {
              "$ref": "https://schema.management.azure.com/schemas/common/definitions.json#/definitions/expression"
            }
          ],
          "description": "Name of the Front Door which is globally unique."
        },
        "properties": {
          "oneOf": [
            {
              "$ref": "#/definitions/FrontDoorProperties"
            },
            {
              "$ref": "https://schema.management.azure.com/schemas/common/definitions.json#/definitions/expression"
            }
          ],
          "description": "The JSON object that contains the properties required to create an endpoint."
        },
        "tags": {
          "oneOf": [
            {
              "type": "object",
              "additionalProperties": {
                "type": "string"
              },
              "properties": {}
            },
            {
              "$ref": "https://schema.management.azure.com/schemas/common/definitions.json#/definitions/expression"
            }
          ],
          "description": "Resource tags."
        },
        "type": {
          "type": "string",
          "enum": [
            "Microsoft.Network/frontDoors"
          ]
        }
      },
      "required": [
        "apiVersion",
        "name",
        "properties",
        "type"
      ],
      "description": "Microsoft.Network/frontDoors"
    },
    "FrontDoorWebApplicationFirewallPolicies": {
      "type": "object",
      "properties": {
        "apiVersion": {
          "type": "string",
          "enum": [
            "2018-08-01"
          ]
        },
        "etag": {
          "type": "string",
          "description": "Gets a unique read-only string that changes whenever the resource is updated."
        },
        "location": {
          "type": "string",
          "description": "Resource location."
        },
        "name": {
          "type": "string",
          "maxLength": 128,
          "description": "The name of the resource group."
        },
        "properties": {
          "oneOf": [
            {
              "$ref": "#/definitions/WebApplicationFirewallPolicyPropertiesFormat"
            },
            {
              "$ref": "https://schema.management.azure.com/schemas/common/definitions.json#/definitions/expression"
            }
          ],
          "description": "Defines web application firewall policy properties"
        },
        "tags": {
          "oneOf": [
            {
              "type": "object",
              "additionalProperties": {
                "type": "string"
              },
              "properties": {}
            },
            {
              "$ref": "https://schema.management.azure.com/schemas/common/definitions.json#/definitions/expression"
            }
          ],
          "description": "Resource tags."
        },
        "type": {
          "type": "string",
          "enum": [
            "Microsoft.Network/FrontDoorWebApplicationFirewallPolicies"
          ]
        }
      },
      "required": [
        "apiVersion",
        "name",
        "properties",
        "type"
      ],
      "description": "Microsoft.Network/FrontDoorWebApplicationFirewallPolicies"
    }
  },
  "definitions": {
    "AzureManagedOverrideRuleGroup": {
      "type": "object",
      "properties": {
        "action": {
          "oneOf": [
            {
              "type": "string",
              "enum": [
                "Allow",
                "Block",
                "Log"
              ]
            },
            {
              "$ref": "https://schema.management.azure.com/schemas/common/definitions.json#/definitions/expression"
            }
          ],
          "description": "Type of Actions."
        },
        "ruleGroupOverride": {
          "oneOf": [
            {
              "type": "string",
              "enum": [
                "SqlInjection",
                "XSS"
              ]
            },
            {
              "$ref": "https://schema.management.azure.com/schemas/common/definitions.json#/definitions/expression"
            }
          ],
          "description": "Describes override rule group."
        }
      },
      "required": [
        "action",
        "ruleGroupOverride"
      ],
      "description": "Defines contents of a web application rule"
    },
    "AzureManagedRuleSet": {
      "type": "object",
      "properties": {
        "ruleGroupOverrides": {
          "oneOf": [
            {
              "type": "array",
              "items": {
                "$ref": "#/definitions/AzureManagedOverrideRuleGroup"
              }
            },
            {
              "$ref": "https://schema.management.azure.com/schemas/common/definitions.json#/definitions/expression"
            }
          ],
          "description": "List of azure managed provider override configuration (optional)"
        },
        "ruleSetType": {
          "type": "string",
          "enum": [
            "AzureManagedRuleSet"
          ]
        }
      },
      "required": [
        "ruleSetType"
      ],
      "description": "Describes azure managed provider."
    },
    "Backend": {
      "type": "object",
      "properties": {
        "address": {
          "type": "string",
          "description": "Location of the backend (IP address or FQDN)"
        },
        "backendHostHeader": {
          "type": "string",
          "description": "The value to use as the host header sent to the backend. If blank or unspecified, this defaults to the incoming host."
        },
        "enabledState": {
          "oneOf": [
            {
              "type": "string",
              "enum": [
                "Enabled",
                "Disabled"
              ]
            },
            {
              "$ref": "https://schema.management.azure.com/schemas/common/definitions.json#/definitions/expression"
            }
          ],
          "description": "Whether to enable use of this backend. Permitted values are 'Enabled' or 'Disabled'."
        },
        "httpPort": {
          "oneOf": [
            {
              "type": "integer",
              "minimum": 1,
              "maximum": 65535
            },
            {
              "$ref": "https://schema.management.azure.com/schemas/common/definitions.json#/definitions/expression"
            }
          ],
          "description": "The HTTP TCP port number. Must be between 1 and 65535."
        },
        "httpsPort": {
          "oneOf": [
            {
              "type": "integer",
              "minimum": 1,
              "maximum": 65535
            },
            {
              "$ref": "https://schema.management.azure.com/schemas/common/definitions.json#/definitions/expression"
            }
          ],
          "description": "The HTTPS TCP port number. Must be between 1 and 65535."
        },
        "priority": {
          "oneOf": [
            {
              "type": "integer",
              "minimum": 1,
              "maximum": 5
            },
            {
              "$ref": "https://schema.management.azure.com/schemas/common/definitions.json#/definitions/expression"
            }
          ],
          "description": "Priority to use for load balancing. Higher priorities will not be used for load balancing if any lower priority backend is healthy."
        },
        "weight": {
          "oneOf": [
            {
              "type": "integer",
              "minimum": 1,
              "maximum": 1000
            },
            {
              "$ref": "https://schema.management.azure.com/schemas/common/definitions.json#/definitions/expression"
            }
          ],
          "description": "Weight of this endpoint for load balancing purposes."
        }
      },
      "description": "Backend address of a frontDoor load balancer."
    },
    "BackendPool": {
      "type": "object",
      "properties": {
        "id": {
          "type": "string",
          "description": "Resource ID."
        },
        "name": {
          "type": "string",
          "description": "Resource name."
        },
        "properties": {
          "oneOf": [
            {
              "$ref": "#/definitions/BackendPoolProperties"
            },
            {
              "$ref": "https://schema.management.azure.com/schemas/common/definitions.json#/definitions/expression"
            }
          ],
          "description": "The JSON object that contains the properties required to create a routing rule."
        }
      },
      "description": "A backend pool is a collection of backends that can be routed to."
    },
    "BackendPoolProperties": {
      "type": "object",
      "properties": {
        "backends": {
          "oneOf": [
            {
              "type": "array",
              "items": {
                "$ref": "#/definitions/Backend"
              }
            },
            {
              "$ref": "https://schema.management.azure.com/schemas/common/definitions.json#/definitions/expression"
            }
          ],
          "description": "The set of backends for this pool"
        },
        "healthProbeSettings": {
          "oneOf": [
            {
              "$ref": "#/definitions/SubResource"
            },
            {
              "$ref": "https://schema.management.azure.com/schemas/common/definitions.json#/definitions/expression"
            }
          ],
          "description": "Reference to another subresource."
        },
        "loadBalancingSettings": {
          "oneOf": [
            {
              "$ref": "#/definitions/SubResource"
            },
            {
              "$ref": "https://schema.management.azure.com/schemas/common/definitions.json#/definitions/expression"
            }
          ],
          "description": "Reference to another subresource."
        },
        "resourceState": {
          "oneOf": [
            {
              "type": "string",
              "enum": [
                "Creating",
                "Enabling",
                "Enabled",
                "Disabling",
                "Disabled",
                "Deleting"
              ]
            },
            {
              "$ref": "https://schema.management.azure.com/schemas/common/definitions.json#/definitions/expression"
            }
          ],
          "description": "Resource status."
        }
      },
      "description": "The JSON object that contains the properties required to create a routing rule."
    },
    "CacheConfiguration": {
      "type": "object",
      "properties": {
        "dynamicCompression": {
          "oneOf": [
            {
              "type": "string",
              "enum": [
                "Enabled",
                "Disabled"
              ]
            },
            {
              "$ref": "https://schema.management.azure.com/schemas/common/definitions.json#/definitions/expression"
            }
          ],
          "description": "Whether to use dynamic compression for cached content."
        },
        "queryParameterStripDirective": {
          "oneOf": [
            {
              "type": "string",
              "enum": [
                "StripNone",
                "StripAll"
              ]
            },
            {
              "$ref": "https://schema.management.azure.com/schemas/common/definitions.json#/definitions/expression"
            }
          ],
          "description": "Treatment of URL query terms when forming the cache key."
        }
      },
      "description": "Caching settings for a caching-type route. To disable caching, do not provide a cacheConfiguration object."
    },
    "CustomRule": {
      "type": "object",
      "properties": {
        "action": {
          "oneOf": [
            {
              "type": "string",
              "enum": [
                "Allow",
                "Block",
                "Log"
              ]
            },
            {
              "$ref": "https://schema.management.azure.com/schemas/common/definitions.json#/definitions/expression"
            }
          ],
          "description": "Type of Actions."
        },
        "matchConditions": {
          "oneOf": [
            {
              "type": "array",
              "items": {
                "$ref": "#/definitions/MatchCondition1"
              }
            },
            {
              "$ref": "https://schema.management.azure.com/schemas/common/definitions.json#/definitions/expression"
            }
          ],
          "description": "List of match conditions"
        },
        "name": {
          "type": "string",
          "maxLength": 128,
          "description": "Gets name of the resource that is unique within a policy. This name can be used to access the resource."
        },
        "priority": {
          "oneOf": [
            {
              "type": "integer"
            },
            {
              "$ref": "https://schema.management.azure.com/schemas/common/definitions.json#/definitions/expression"
            }
          ],
          "description": "Describes priority of the rule. Rules with a lower value will be evaluated before rules with a higher value"
        },
        "rateLimitDurationInMinutes": {
          "oneOf": [
            {
              "type": "integer"
            },
            {
              "$ref": "https://schema.management.azure.com/schemas/common/definitions.json#/definitions/expression"
            }
          ],
          "description": "Defines rate limit duration. Default - 1 minute"
        },
        "rateLimitThreshold": {
          "oneOf": [
            {
              "type": "integer"
            },
            {
              "$ref": "https://schema.management.azure.com/schemas/common/definitions.json#/definitions/expression"
            }
          ],
          "description": "Defines rate limit threshold"
        },
        "ruleType": {
          "oneOf": [
            {
              "type": "string",
              "enum": [
                "MatchRule",
                "RateLimitRule"
              ]
            },
            {
              "$ref": "https://schema.management.azure.com/schemas/common/definitions.json#/definitions/expression"
            }
          ],
          "description": "Describes type of rule."
        },
        "transforms": {
          "oneOf": [
            {
              "type": "array",
              "items": {
                "type": "string",
                "enum": [
                  "Lowercase",
                  "Uppercase",
                  "Trim",
                  "UrlDecode",
                  "UrlEncode",
                  "RemoveNulls",
                  "HtmlEntityDecode"
                ]
              }
            },
            {
              "$ref": "https://schema.management.azure.com/schemas/common/definitions.json#/definitions/expression"
            }
          ],
          "description": "List of transforms"
        }
      },
      "required": [
        "action",
        "matchConditions",
        "priority",
        "ruleType"
      ],
      "description": "Defines contents of a web application rule"
    },
    "CustomRules": {
      "type": "object",
      "properties": {
        "rules": {
          "oneOf": [
            {
              "type": "array",
              "items": {
                "$ref": "#/definitions/CustomRule"
              }
            },
            {
              "$ref": "https://schema.management.azure.com/schemas/common/definitions.json#/definitions/expression"
            }
          ],
          "description": "List of rules"
        }
      },
      "description": "Defines contents of custom rules"
    },
    "FrontDoorProperties": {
      "type": "object",
      "properties": {
        "backendPools": {
          "oneOf": [
            {
              "type": "array",
              "items": {
                "$ref": "#/definitions/BackendPool"
              }
            },
            {
              "$ref": "https://schema.management.azure.com/schemas/common/definitions.json#/definitions/expression"
            }
          ],
          "description": "Backend pools available to routing rules."
        },
        "enabledState": {
          "oneOf": [
            {
              "type": "string",
              "enum": [
                "Enabled",
                "Disabled"
              ]
            },
            {
              "$ref": "https://schema.management.azure.com/schemas/common/definitions.json#/definitions/expression"
            }
          ],
          "description": "Operational status of the Front Door load balancer. Permitted values are 'Enabled' or 'Disabled'."
        },
        "friendlyName": {
          "type": "string",
          "description": "A friendly name for the frontDoor"
        },
        "frontendEndpoints": {
          "oneOf": [
            {
              "type": "array",
              "items": {
                "$ref": "#/definitions/FrontendEndpoint"
              }
            },
            {
              "$ref": "https://schema.management.azure.com/schemas/common/definitions.json#/definitions/expression"
            }
          ],
          "description": "Frontend endpoints available to routing rules."
        },
        "healthProbeSettings": {
          "oneOf": [
            {
              "type": "array",
              "items": {
                "$ref": "#/definitions/HealthProbeSettingsModel"
              }
            },
            {
              "$ref": "https://schema.management.azure.com/schemas/common/definitions.json#/definitions/expression"
            }
          ],
          "description": "Health probe settings associated with this Front Door instance."
        },
        "loadBalancingSettings": {
          "oneOf": [
            {
              "type": "array",
              "items": {
                "$ref": "#/definitions/LoadBalancingSettingsModel"
              }
            },
            {
              "$ref": "https://schema.management.azure.com/schemas/common/definitions.json#/definitions/expression"
            }
          ],
          "description": "Load balancing settings associated with this Front Door instance."
        },
        "resourceState": {
          "oneOf": [
            {
              "type": "string",
              "enum": [
                "Creating",
                "Enabling",
                "Enabled",
                "Disabling",
                "Disabled",
                "Deleting"
              ]
            },
            {
              "$ref": "https://schema.management.azure.com/schemas/common/definitions.json#/definitions/expression"
            }
          ],
          "description": "Resource status of the Front Door."
        },
        "routingRules": {
          "oneOf": [
            {
              "type": "array",
              "items": {
                "$ref": "#/definitions/RoutingRule"
              }
            },
            {
              "$ref": "https://schema.management.azure.com/schemas/common/definitions.json#/definitions/expression"
            }
          ],
          "description": "Routing rules associated with this Front Door."
        }
      },
      "description": "The JSON object that contains the properties required to create an endpoint."
    },
    "FrontendEndpoint": {
      "type": "object",
      "properties": {
        "id": {
          "type": "string",
          "description": "Resource ID."
        },
        "name": {
          "type": "string",
          "description": "Resource name."
        },
        "properties": {
          "oneOf": [
            {
              "$ref": "#/definitions/FrontendEndpointProperties"
            },
            {
              "$ref": "https://schema.management.azure.com/schemas/common/definitions.json#/definitions/expression"
            }
          ],
          "description": "The JSON object that contains the properties required to create a frontend endpoint."
        }
      },
      "description": "A frontend endpoint used for routing."
    },
    "FrontendEndpointProperties": {
      "type": "object",
      "properties": {
        "hostName": {
          "type": "string",
          "description": "The host name of the frontendEndpoint. Must be a domain name."
        },
        "resourceState": {
          "oneOf": [
            {
              "type": "string",
              "enum": [
                "Creating",
                "Enabling",
                "Enabled",
                "Disabling",
                "Disabled",
                "Deleting"
              ]
            },
            {
              "$ref": "https://schema.management.azure.com/schemas/common/definitions.json#/definitions/expression"
            }
          ],
          "description": "Resource status."
        },
        "sessionAffinityEnabledState": {
          "oneOf": [
            {
              "type": "string",
              "enum": [
                "Enabled",
                "Disabled"
              ]
            },
            {
              "$ref": "https://schema.management.azure.com/schemas/common/definitions.json#/definitions/expression"
            }
          ],
          "description": "Whether to allow session affinity on this host. Valid options are 'Enabled' or 'Disabled'."
        },
        "sessionAffinityTtlSeconds": {
          "oneOf": [
            {
              "type": "integer"
            },
            {
              "$ref": "https://schema.management.azure.com/schemas/common/definitions.json#/definitions/expression"
            }
          ],
          "description": "UNUSED. This field will be ignored. The TTL to use in seconds for session affinity, if applicable."
        },
        "webApplicationFirewallPolicyLink": {
          "oneOf": [
            {
              "$ref": "#/definitions/FrontendEndpointUpdateParametersWebApplicationFirewallPolicyLink"
            },
            {
              "$ref": "https://schema.management.azure.com/schemas/common/definitions.json#/definitions/expression"
            }
          ],
          "description": "Defines the Web Application Firewall policy for each host (if applicable)"
        }
      },
      "description": "The JSON object that contains the properties required to create a frontend endpoint."
    },
    "FrontendEndpointUpdateParametersWebApplicationFirewallPolicyLink": {
      "type": "object",
      "properties": {
        "id": {
          "type": "string",
          "description": "Resource ID."
        }
      },
      "description": "Defines the Web Application Firewall policy for each host (if applicable)"
    },
    "HealthProbeSettingsModel": {
      "type": "object",
      "properties": {
        "id": {
          "type": "string",
          "description": "Resource ID."
        },
        "name": {
          "type": "string",
          "description": "Resource name."
        },
        "properties": {
          "oneOf": [
            {
              "$ref": "#/definitions/HealthProbeSettingsProperties"
            },
            {
              "$ref": "https://schema.management.azure.com/schemas/common/definitions.json#/definitions/expression"
            }
          ],
          "description": "The JSON object that contains the properties required to create a health probe settings."
        }
      },
      "description": "Load balancing settings for a backend pool"
    },
    "HealthProbeSettingsProperties": {
      "type": "object",
      "properties": {
        "intervalInSeconds": {
          "oneOf": [
            {
              "type": "integer"
            },
            {
              "$ref": "https://schema.management.azure.com/schemas/common/definitions.json#/definitions/expression"
            }
          ],
          "description": "The number of seconds between health probes."
        },
        "path": {
          "type": "string",
          "description": "The path to use for the health probe. Default is /"
        },
        "protocol": {
          "oneOf": [
            {
              "type": "string",
              "enum": [
                "Http",
                "Https"
              ]
            },
            {
              "$ref": "https://schema.management.azure.com/schemas/common/definitions.json#/definitions/expression"
            }
          ],
          "description": "Protocol scheme to use for this probe."
        },
        "resourceState": {
          "oneOf": [
            {
              "type": "string",
              "enum": [
                "Creating",
                "Enabling",
                "Enabled",
                "Disabling",
                "Disabled",
                "Deleting"
              ]
            },
            {
              "$ref": "https://schema.management.azure.com/schemas/common/definitions.json#/definitions/expression"
            }
          ],
          "description": "Resource status."
        }
      },
      "description": "The JSON object that contains the properties required to create a health probe settings."
    },
    "LoadBalancingSettingsModel": {
      "type": "object",
      "properties": {
        "id": {
          "type": "string",
          "description": "Resource ID."
        },
        "name": {
          "type": "string",
          "description": "Resource name."
        },
        "properties": {
          "oneOf": [
            {
              "$ref": "#/definitions/LoadBalancingSettingsProperties"
            },
            {
              "$ref": "https://schema.management.azure.com/schemas/common/definitions.json#/definitions/expression"
            }
          ],
          "description": "The JSON object that contains the properties required to create load balancing settings"
        }
      },
      "description": "Load balancing settings for a backend pool"
    },
    "LoadBalancingSettingsProperties": {
      "type": "object",
      "properties": {
        "additionalLatencyMilliseconds": {
          "oneOf": [
            {
              "type": "integer"
            },
            {
              "$ref": "https://schema.management.azure.com/schemas/common/definitions.json#/definitions/expression"
            }
          ],
          "description": "The additional latency in milliseconds for probes to fall into the lowest latency bucket"
        },
        "resourceState": {
          "oneOf": [
            {
              "type": "string",
              "enum": [
                "Creating",
                "Enabling",
                "Enabled",
                "Disabling",
                "Disabled",
                "Deleting"
              ]
            },
            {
              "$ref": "https://schema.management.azure.com/schemas/common/definitions.json#/definitions/expression"
            }
          ],
          "description": "Resource status."
        },
        "sampleSize": {
          "oneOf": [
            {
              "type": "integer"
            },
            {
              "$ref": "https://schema.management.azure.com/schemas/common/definitions.json#/definitions/expression"
            }
          ],
          "description": "The number of samples to consider for load balancing decisions"
        },
        "successfulSamplesRequired": {
          "oneOf": [
            {
              "type": "integer"
            },
            {
              "$ref": "https://schema.management.azure.com/schemas/common/definitions.json#/definitions/expression"
            }
          ],
          "description": "The number of samples within the sample period that must succeed"
        }
      },
      "description": "The JSON object that contains the properties required to create load balancing settings"
    },
    "ManagedRuleSet": {
      "type": "object",
      "oneOf": [
        {
          "$ref": "#/definitions/AzureManagedRuleSet"
        }
      ],
      "properties": {
        "priority": {
          "oneOf": [
            {
              "type": "integer"
            },
            {
              "$ref": "https://schema.management.azure.com/schemas/common/definitions.json#/definitions/expression"
            }
          ],
          "description": "Describes priority of the rule"
        },
        "version": {
          "oneOf": [
            {
              "type": "integer"
            },
            {
              "$ref": "https://schema.management.azure.com/schemas/common/definitions.json#/definitions/expression"
            }
          ],
          "description": "defines version of the rule set"
        }
      },
      "description": "Base class for all types of ManagedRuleSet."
    },
    "ManagedRuleSets": {
      "type": "object",
      "properties": {
        "ruleSets": {
          "oneOf": [
            {
              "type": "array",
              "items": {
                "$ref": "#/definitions/ManagedRuleSet"
              }
            },
            {
              "$ref": "https://schema.management.azure.com/schemas/common/definitions.json#/definitions/expression"
            }
          ],
          "description": "List of rules"
        }
      },
      "description": "Defines ManagedRuleSets - array of managedRuleSet"
    },
    "MatchCondition1": {
      "type": "object",
      "properties": {
        "matchValue": {
          "oneOf": [
            {
              "type": "array",
              "items": {
                "type": "string"
              }
            },
            {
              "$ref": "https://schema.management.azure.com/schemas/common/definitions.json#/definitions/expression"
            }
          ],
          "description": "Match value"
        },
        "matchVariable": {
          "oneOf": [
            {
              "type": "string",
              "enum": [
                "RemoteAddr",
                "RequestMethod",
                "QueryString",
                "PostArgs",
                "RequestUri",
                "RequestHeader",
                "RequestBody"
              ]
            },
            {
              "$ref": "https://schema.management.azure.com/schemas/common/definitions.json#/definitions/expression"
            }
          ],
          "description": "Match Variable."
        },
        "negateCondition": {
          "oneOf": [
            {
              "type": "boolean"
            },
            {
              "$ref": "https://schema.management.azure.com/schemas/common/definitions.json#/definitions/expression"
            }
          ],
          "description": "Describes if this is negate condition or not"
        },
        "operator": {
          "oneOf": [
            {
              "type": "string",
              "enum": [
                "Any",
                "IPMatch",
                "GeoMatch",
                "Equal",
                "Contains",
                "LessThan",
                "GreaterThan",
                "LessThanOrEqual",
                "GreaterThanOrEqual",
                "BeginsWith",
                "EndsWith"
              ]
            },
            {
              "$ref": "https://schema.management.azure.com/schemas/common/definitions.json#/definitions/expression"
            }
          ],
          "description": "Describes operator to be matched."
        },
        "selector": {
          "type": "string",
          "description": "Name of selector in RequestHeader or RequestBody to be matched"
        }
      },
      "required": [
        "matchValue",
        "matchVariable",
        "operator"
      ],
      "description": "Define match conditions"
    },
    "PolicySettings": {
      "type": "object",
      "properties": {
        "enabledState": {
          "oneOf": [
            {
              "type": "string",
              "enum": [
                "Disabled",
                "Enabled"
              ]
            },
            {
              "$ref": "https://schema.management.azure.com/schemas/common/definitions.json#/definitions/expression"
            }
          ],
          "description": "describes if the policy is in enabled state or disabled state."
        },
        "mode": {
          "oneOf": [
            {
              "type": "string",
              "enum": [
                "Prevention",
                "Detection"
              ]
            },
            {
              "$ref": "https://schema.management.azure.com/schemas/common/definitions.json#/definitions/expression"
            }
          ],
          "description": "Describes if it is in detection mode  or prevention mode at policy level."
        }
      },
      "description": "Defines contents of a web application firewall global configuration"
    },
    "RoutingRule": {
      "type": "object",
      "properties": {
        "id": {
          "type": "string",
          "description": "Resource ID."
        },
        "name": {
          "type": "string",
          "description": "Resource name."
        },
        "properties": {
          "oneOf": [
            {
              "$ref": "#/definitions/RoutingRuleProperties"
            },
            {
              "$ref": "https://schema.management.azure.com/schemas/common/definitions.json#/definitions/expression"
            }
          ],
          "description": "The JSON object that contains the properties required to create a routing rule."
        }
      },
      "description": "A routing rule represents a specification for traffic to treat and where to send it, along with health probe information."
    },
    "RoutingRuleProperties": {
      "type": "object",
      "properties": {
        "acceptedProtocols": {
          "oneOf": [
            {
              "type": "array",
              "items": {
                "type": "string",
                "enum": [
                  "Http",
                  "Https"
                ]
              }
            },
            {
              "$ref": "https://schema.management.azure.com/schemas/common/definitions.json#/definitions/expression"
            }
          ],
          "description": "Protocol schemes to match for this rule"
        },
        "backendPool": {
          "oneOf": [
            {
              "$ref": "#/definitions/SubResource"
            },
            {
              "$ref": "https://schema.management.azure.com/schemas/common/definitions.json#/definitions/expression"
            }
          ],
          "description": "Reference to another subresource."
        },
        "cacheConfiguration": {
          "oneOf": [
            {
              "$ref": "#/definitions/CacheConfiguration"
            },
            {
              "$ref": "https://schema.management.azure.com/schemas/common/definitions.json#/definitions/expression"
            }
          ],
          "description": "Caching settings for a caching-type route. To disable caching, do not provide a cacheConfiguration object."
        },
        "customForwardingPath": {
          "type": "string",
          "description": "A custom path used to rewrite resource paths matched by this rule. Leave empty to use incoming path."
        },
        "enabledState": {
          "oneOf": [
            {
              "type": "string",
              "enum": [
                "Enabled",
                "Disabled"
              ]
            },
            {
              "$ref": "https://schema.management.azure.com/schemas/common/definitions.json#/definitions/expression"
            }
          ],
          "description": "Whether to enable use of this rule. Permitted values are 'Enabled' or 'Disabled'."
        },
        "forwardingProtocol": {
          "oneOf": [
            {
              "type": "string",
              "enum": [
                "HttpOnly",
                "HttpsOnly",
                "MatchRequest"
              ]
            },
            {
              "$ref": "https://schema.management.azure.com/schemas/common/definitions.json#/definitions/expression"
            }
          ],
          "description": "Protocol this rule will use when forwarding traffic to backends."
        },
        "frontendEndpoints": {
          "oneOf": [
            {
              "type": "array",
              "items": {
                "$ref": "#/definitions/SubResource"
              }
            },
            {
              "$ref": "https://schema.management.azure.com/schemas/common/definitions.json#/definitions/expression"
            }
          ],
          "description": "Frontend endpoints associated with this rule"
        },
        "patternsToMatch": {
          "oneOf": [
            {
              "type": "array",
              "items": {
                "type": "string"
              }
            },
            {
              "$ref": "https://schema.management.azure.com/schemas/common/definitions.json#/definitions/expression"
            }
          ],
          "description": "The route patterns of the rule."
        },
        "resourceState": {
          "oneOf": [
            {
              "type": "string",
              "enum": [
                "Creating",
                "Enabling",
                "Enabled",
                "Disabling",
                "Disabled",
                "Deleting"
              ]
            },
            {
              "$ref": "https://schema.management.azure.com/schemas/common/definitions.json#/definitions/expression"
            }
          ],
          "description": "Resource status."
        }
      },
      "description": "The JSON object that contains the properties required to create a routing rule."
    },
    "SubResource": {
      "type": "object",
      "properties": {
        "id": {
          "type": "string",
          "description": "Resource ID."
        }
      },
      "description": "Reference to another subresource."
    },
    "WebApplicationFirewallPolicyPropertiesFormat": {
      "type": "object",
      "properties": {
        "customRules": {
          "oneOf": [
            {
              "$ref": "#/definitions/CustomRules"
            },
            {
              "$ref": "https://schema.management.azure.com/schemas/common/definitions.json#/definitions/expression"
            }
          ],
          "description": "Defines contents of custom rules"
        },
        "managedRules": {
          "oneOf": [
            {
              "$ref": "#/definitions/ManagedRuleSets"
            },
            {
              "$ref": "https://schema.management.azure.com/schemas/common/definitions.json#/definitions/expression"
            }
          ],
          "description": "Defines ManagedRuleSets - array of managedRuleSet"
        },
        "policySettings": {
          "oneOf": [
            {
              "$ref": "#/definitions/PolicySettings"
            },
            {
              "$ref": "https://schema.management.azure.com/schemas/common/definitions.json#/definitions/expression"
            }
          ],
          "description": "Defines contents of a web application firewall global configuration"
        }
      },
      "description": "Defines web application firewall policy properties"
    }
  }
}