{
  "id": "https://schema.management.azure.com/schemas/2018-11-20/Microsoft.GuestConfiguration.json#",
  "$schema": "http://json-schema.org/draft-04/schema#",
  "title": "Microsoft.GuestConfiguration",
  "description": "Microsoft GuestConfiguration Resource Types",
  "resourceDefinitions": {},
  "extension_resourceDefinitions": {
    "guestConfigurationAssignments": {
      "type": "object",
      "properties": {
        "apiVersion": {
          "type": "string",
          "enum": [
            "2018-11-20"
          ]
        },
        "location": {
          "type": "string",
          "description": "Region where the VM is located."
        },
        "name": {
          "type": "string",
          "description": "Name of the guest configuration assignment."
        },
        "properties": {
          "oneOf": [
            {
              "$ref": "#/definitions/GuestConfigurationAssignmentProperties"
            },
            {
              "$ref": "https://schema.management.azure.com/schemas/common/definitions.json#/definitions/expression"
            }
          ],
          "description": "Guest configuration assignment properties."
        },
        "type": {
          "type": "string",
          "enum": [
            "Microsoft.GuestConfiguration/guestConfigurationAssignments"
          ]
        }
      },
      "required": [
        "apiVersion",
        "name",
        "properties",
        "type"
      ],
      "description": "Microsoft.GuestConfiguration/guestConfigurationAssignments"
    }
  },
  "definitions": {
    "ConfigurationParameter": {
      "type": "object",
      "properties": {
        "name": {
          "type": "string",
          "description": "Name of the configuration parameter."
        },
        "value": {
          "type": "string",
          "description": "Value of the configuration parameter."
        }
      },
      "description": "Represents a configuration parameter."
    },
    "ConfigurationSetting": {
      "type": "object",
      "properties": {
        "actionAfterReboot": {
          "oneOf": [
            {
              "type": "string",
              "enum": [
                "ContinueConfiguration",
                "StopConfiguration"
              ]
            },
            {
              "$ref": "https://schema.management.azure.com/schemas/common/definitions.json#/definitions/expression"
            }
          ],
          "description": "Specifies what happens after a reboot during the application of a configuration. The possible values are ContinueConfiguration and StopConfiguration."
        },
        "allowModuleOverwrite": {
          "oneOf": [
            {
              "type": "boolean"
            },
            {
              "$ref": "https://schema.management.azure.com/schemas/common/definitions.json#/definitions/expression"
            }
          ],
          "description": "If true - new configurations downloaded from the pull service are allowed to overwrite the old ones on the target node. Otherwise, false"
        },
        "configurationMode": {
          "oneOf": [
            {
              "type": "string",
              "enum": [
                "ApplyOnly",
                "ApplyAndMonitor",
                "ApplyAndAutoCorrect"
              ]
            },
            {
              "$ref": "https://schema.management.azure.com/schemas/common/definitions.json#/definitions/expression"
            }
          ],
          "description": "Specifies how the LCM(Local Configuration Manager) actually applies the configuration to the target nodes. Possible values are ApplyOnly, ApplyAndMonitor, and ApplyAndAutoCorrect."
        },
        "configurationModeFrequencyMins": {
          "oneOf": [
            {
              "type": "number",
              "default": 15
            },
            {
              "$ref": "https://schema.management.azure.com/schemas/common/definitions.json#/definitions/expression"
            }
          ],
          "description": "How often, in minutes, the current configuration is checked and applied. This property is ignored if the ConfigurationMode property is set to ApplyOnly. The default value is 15."
        },
        "rebootIfNeeded": {
          "oneOf": [
            {
              "type": "boolean"
            },
            {
              "$ref": "https://schema.management.azure.com/schemas/common/definitions.json#/definitions/expression"
            }
          ],
          "description": "Set this to true to automatically reboot the node after a configuration that requires reboot is applied. Otherwise, you will have to manually reboot the node for any configuration that requires it. The default value is false. To use this setting when a reboot condition is enacted by something other than DSC (such as Windows Installer), combine this setting with the xPendingReboot module."
        },
        "refreshFrequencyMins": {
          "oneOf": [
            {
              "type": "number",
              "default": 30
            },
            {
              "$ref": "https://schema.management.azure.com/schemas/common/definitions.json#/definitions/expression"
            }
          ],
          "description": "The time interval, in minutes, at which the LCM checks a pull service to get updated configurations. This value is ignored if the LCM is not configured in pull mode. The default value is 30."
        }
      },
      "description": "Configuration setting of LCM (Local Configuration Manager)."
    },
    "GuestConfigurationAssignmentProperties": {
      "type": "object",
      "properties": {
        "context": {
          "type": "string",
          "description": "The source which initiated the guest configuration assignment. Ex: Azure Policy"
        },
        "guestConfiguration": {
          "oneOf": [
            {
              "$ref": "#/definitions/GuestConfigurationNavigation"
            },
            {
              "$ref": "https://schema.management.azure.com/schemas/common/definitions.json#/definitions/expression"
            }
          ],
          "description": "Guest configuration is an artifact that encapsulates DSC configuration and its dependencies. The artifact is a zip file containing DSC configuration (as MOF) and dependent resources and other dependencies like modules."
        },
        "vmssVMList": {
          "oneOf": [
            {
              "type": "array",
              "items": {
                "$ref": "#/definitions/VMSSVMInfo"
              }
            },
            {
              "$ref": "https://schema.management.azure.com/schemas/common/definitions.json#/definitions/expression"
            }
          ],
          "description": "The list of VM Compliance data for VMSS"
        }
      },
      "description": "Guest configuration assignment properties."
    },
    "GuestConfigurationNavigation": {
      "type": "object",
      "properties": {
        "assignmentType": {
          "oneOf": [
            {
              "type": "string",
              "enum": [
                "Audit",
                "DeployAndAutoCorrect",
                "ApplyAndAutoCorrect",
                "ApplyAndMonitor"
              ]
            },
            {
              "$ref": "https://schema.management.azure.com/schemas/common/definitions.json#/definitions/expression"
            }
          ],
          "description": "Specifies the assignment type and execution of the configuration. Possible values are Audit, DeployAndAutoCorrect, ApplyAndAutoCorrect and ApplyAndMonitor."
        },
        "configurationParameter": {
          "oneOf": [
            {
              "type": "array",
              "items": {
                "$ref": "#/definitions/ConfigurationParameter"
              }
            },
            {
              "$ref": "https://schema.management.azure.com/schemas/common/definitions.json#/definitions/expression"
            }
          ],
          "description": "The configuration parameters for the guest configuration."
        },
        "configurationProtectedParameter": {
          "oneOf": [
            {
              "type": "array",
              "items": {
                "$ref": "#/definitions/ConfigurationParameter"
              }
            },
            {
              "$ref": "https://schema.management.azure.com/schemas/common/definitions.json#/definitions/expression"
            }
          ],
          "description": "The protected configuration parameters for the guest configuration."
        },
        "configurationSetting": {
          "oneOf": [
            {
              "$ref": "#/definitions/ConfigurationSetting"
            },
            {
              "$ref": "https://schema.management.azure.com/schemas/common/definitions.json#/definitions/expression"
            }
          ],
          "description": "Configuration setting of LCM (Local Configuration Manager)."
        },
        "contentHash": {
          "type": "string",
          "description": "Combined hash of the guest configuration package and configuration parameters."
        },
        "contentUri": {
          "type": "string",
          "description": "Uri of the storage where guest configuration package is uploaded."
        },
        "kind": {
          "oneOf": [
            {
              "type": "string",
              "enum": [
                "DSC"
              ]
            },
            {
              "$ref": "https://schema.management.azure.com/schemas/common/definitions.json#/definitions/expression"
            }
          ],
          "description": "Kind of the guest configuration. For example:DSC."
        },
        "name": {
          "type": "string",
          "description": "Name of the guest configuration."
        },
        "version": {
          "type": "string",
          "description": "Version of the guest configuration."
        }
      },
      "description": "Guest configuration is an artifact that encapsulates DSC configuration and its dependencies. The artifact is a zip file containing DSC configuration (as MOF) and dependent resources and other dependencies like modules."
    },
    "VMSSVMInfo": {
      "type": "object",
      "properties": {},
      "description": "Information about VMSS VM"
    }
  }
}