{
  "id": "https://schema.management.azure.com/schemas/2017-05-15/Microsoft.Addons.json#",
  "$schema": "http://json-schema.org/draft-04/schema#",
  "title": "Microsoft.Addons",
  "description": "Microsoft Addons Resource Types",
  "resourceDefinitions": {},
  "subscription_resourceDefinitions": {
    "supportProviders_supportPlanTypes": {
      "type": "object",
      "properties": {
        "apiVersion": {
          "type": "string",
          "enum": [
            "2017-05-15"
          ]
        },
        "name": {
          "oneOf": [
            {
              "type": "string",
              "enum": [
                "Essential",
                "Standard",
                "Advanced"
              ]
            },
            {
              "$ref": "https://schema.management.azure.com/schemas/common/definitions.json#/definitions/expression"
            }
          ],
          "description": "The Canonical support plan type."
        },
        "type": {
          "type": "string",
          "enum": [
            "Microsoft.Addons/supportProviders/supportPlanTypes"
          ]
        }
      },
      "required": [
        "apiVersion",
        "name",
        "type"
      ],
      "description": "Microsoft.Addons/supportProviders/supportPlanTypes"
    }
  },
  "definitions": {}
}