{
  "id": "https://schema.management.azure.com/schemas/2015-07-01/Microsoft.Authorization.Authz.json#",
  "$schema": "http://json-schema.org/draft-04/schema#",
  "title": "Microsoft.Authorization",
  "description": "Microsoft Authorization Resource Types",
  "resourceDefinitions": {},
  "unknown_resourceDefinitions": {
    "roleAssignments": {
      "type": "object",
      "properties": {
        "apiVersion": {
          "type": "string",
          "enum": [
            "2015-07-01"
          ]
        },
        "name": {
          "type": "string",
          "description": "The name of the role assignment to create. It can be any valid GUID."
        },
        "properties": {
          "oneOf": [
            {
              "$ref": "#/definitions/RoleAssignmentProperties"
            },
            {
              "$ref": "https://schema.management.azure.com/schemas/common/definitions.json#/definitions/expression"
            }
          ],
          "description": "Role assignment properties."
        },
        "type": {
          "type": "string",
          "enum": [
            "Microsoft.Authorization/roleAssignments"
          ]
        }
      },
      "required": [
        "apiVersion",
        "name",
        "properties",
        "type"
      ],
      "description": "Microsoft.Authorization/roleAssignments"
    },
    "roleDefinitions": {
      "type": "object",
      "properties": {
        "apiVersion": {
          "type": "string",
          "enum": [
            "2015-07-01"
          ]
        },
        "name": {
          "type": "string",
          "description": "The ID of the role definition."
        },
        "properties": {
          "oneOf": [
            {
              "$ref": "#/definitions/RoleDefinitionProperties"
            },
            {
              "$ref": "https://schema.management.azure.com/schemas/common/definitions.json#/definitions/expression"
            }
          ],
          "description": "Role definition properties."
        },
        "type": {
          "type": "string",
          "enum": [
            "Microsoft.Authorization/roleDefinitions"
          ]
        }
      },
      "required": [
        "apiVersion",
        "name",
        "properties",
        "type"
      ],
      "description": "Microsoft.Authorization/roleDefinitions"
    }
  },
  "definitions": {
    "Permission": {
      "type": "object",
      "properties": {
        "actions": {
          "oneOf": [
            {
              "type": "array",
              "items": {
                "type": "string"
              }
            },
            {
              "$ref": "https://schema.management.azure.com/schemas/common/definitions.json#/definitions/expression"
            }
          ],
          "description": "Allowed actions."
        },
        "notActions": {
          "oneOf": [
            {
              "type": "array",
              "items": {
                "type": "string"
              }
            },
            {
              "$ref": "https://schema.management.azure.com/schemas/common/definitions.json#/definitions/expression"
            }
          ],
          "description": "Denied actions."
        }
      },
      "description": "Role definition permissions."
    },
    "RoleAssignmentProperties": {
      "type": "object",
      "properties": {
        "principalId": {
          "type": "string",
          "description": "The principal ID assigned to the role. This maps to the ID inside the Active Directory. It can point to a user, service principal, or security group."
        },
        "roleDefinitionId": {
          "type": "string",
          "description": "The role definition ID used in the role assignment."
        }
      },
      "required": [
        "principalId",
        "roleDefinitionId"
      ],
      "description": "Role assignment properties."
    },
    "RoleDefinitionProperties": {
      "type": "object",
      "properties": {
        "assignableScopes": {
          "oneOf": [
            {
              "type": "array",
              "items": {
                "type": "string"
              }
            },
            {
              "$ref": "https://schema.management.azure.com/schemas/common/definitions.json#/definitions/expression"
            }
          ],
          "description": "Role definition assignable scopes."
        },
        "description": {
          "type": "string",
          "description": "The role definition description."
        },
        "permissions": {
          "oneOf": [
            {
              "type": "array",
              "items": {
                "$ref": "#/definitions/Permission"
              }
            },
            {
              "$ref": "https://schema.management.azure.com/schemas/common/definitions.json#/definitions/expression"
            }
          ],
          "description": "Role definition permissions."
        },
        "roleName": {
          "type": "string",
          "description": "The role name."
        },
        "type": {
          "type": "string",
          "description": "The role type."
        }
      },
      "description": "Role definition properties."
    }
  }
}