{
  "id": "https://schema.management.azure.com/schemas/2019-06-01-preview/Microsoft.SoftwarePlan.json#",
  "$schema": "http://json-schema.org/draft-04/schema#",
  "title": "Microsoft.SoftwarePlan",
  "description": "Microsoft SoftwarePlan Resource Types",
  "resourceDefinitions": {},
  "unknown_resourceDefinitions": {
    "hybridUseBenefits": {
      "type": "object",
      "properties": {
        "apiVersion": {
          "type": "string",
          "enum": [
            "2019-06-01-preview"
          ]
        },
        "name": {
          "type": "string",
          "description": "This is a unique identifier for a plan. Should be a guid."
        },
        "properties": {
          "oneOf": [
            {
              "$ref": "#/definitions/HybridUseBenefitProperties"
            },
            {
              "$ref": "https://schema.management.azure.com/schemas/common/definitions.json#/definitions/expression"
            }
          ],
          "description": "Hybrid use benefit properties"
        },
        "sku": {
          "oneOf": [
            {
              "$ref": "#/definitions/Sku"
            },
            {
              "$ref": "https://schema.management.azure.com/schemas/common/definitions.json#/definitions/expression"
            }
          ],
          "description": "The SKU to be applied for this resource"
        },
        "type": {
          "type": "string",
          "enum": [
            "Microsoft.SoftwarePlan/hybridUseBenefits"
          ]
        }
      },
      "required": [
        "apiVersion",
        "name",
        "properties",
        "sku",
        "type"
      ],
      "description": "Microsoft.SoftwarePlan/hybridUseBenefits"
    }
  },
  "definitions": {
    "HybridUseBenefitProperties": {
      "type": "object",
      "properties": {},
      "description": "Hybrid use benefit properties"
    },
    "Sku": {
      "type": "object",
      "properties": {
        "name": {
          "type": "string",
          "description": "Name of the SKU to be applied"
        }
      },
      "description": "The SKU to be applied for this resource"
    }
  }
}