{
  "id": "https://schema.management.azure.com/schemas/2018-01-01-preview/Microsoft.ServiceBus.json#",
  "$schema": "http://json-schema.org/draft-04/schema#",
  "title": "Microsoft.ServiceBus",
  "description": "Microsoft ServiceBus Resource Types",
  "resourceDefinitions": {
    "namespaces": {
      "type": "object",
      "properties": {
        "apiVersion": {
          "type": "string",
          "enum": [
            "2018-01-01-preview"
          ]
        },
        "identity": {
          "oneOf": [
            {
              "$ref": "#/definitions/Identity"
            },
            {
              "$ref": "https://schema.management.azure.com/schemas/common/definitions.json#/definitions/expression"
            }
          ],
          "description": "Properties to configure Identity for Bring your Own Keys"
        },
        "location": {
          "type": "string",
          "description": "The Geo-location where the resource lives"
        },
        "name": {
          "type": "string",
          "description": "The namespace name."
        },
        "properties": {
          "oneOf": [
            {
              "$ref": "#/definitions/SBNamespaceProperties"
            },
            {
              "$ref": "https://schema.management.azure.com/schemas/common/definitions.json#/definitions/expression"
            }
          ],
          "description": "Properties of the namespace."
        },
        "resources": {
          "type": "array",
          "items": {
            "oneOf": [
              {
                "$ref": "#/definitions/namespaces_ipfilterrules_childResource"
              },
              {
                "$ref": "#/definitions/namespaces_virtualnetworkrules_childResource"
              },
              {
                "$ref": "#/definitions/namespaces_AuthorizationRules_childResource"
              },
              {
                "$ref": "#/definitions/namespaces_networkRuleSets_childResource"
              },
              {
                "$ref": "#/definitions/namespaces_privateEndpointConnections_childResource"
              },
              {
                "$ref": "#/definitions/namespaces_disasterRecoveryConfigs_childResource"
              },
              {
                "$ref": "#/definitions/namespaces_queues_childResource"
              },
              {
                "$ref": "#/definitions/namespaces_topics_childResource"
              },
              {
                "$ref": "#/definitions/namespaces_migrationConfigurations_childResource"
              }
            ]
          }
        },
        "sku": {
          "oneOf": [
            {
              "$ref": "#/definitions/SBSku"
            },
            {
              "$ref": "https://schema.management.azure.com/schemas/common/definitions.json#/definitions/expression"
            }
          ],
          "description": "SKU of the namespace."
        },
        "tags": {
          "oneOf": [
            {
              "type": "object",
              "additionalProperties": {
                "type": "string"
              },
              "properties": {}
            },
            {
              "$ref": "https://schema.management.azure.com/schemas/common/definitions.json#/definitions/expression"
            }
          ],
          "description": "Resource tags"
        },
        "type": {
          "type": "string",
          "enum": [
            "Microsoft.ServiceBus/namespaces"
          ]
        }
      },
      "required": [
        "apiVersion",
        "location",
        "name",
        "properties",
        "type"
      ],
      "description": "Microsoft.ServiceBus/namespaces"
    },
    "namespaces_AuthorizationRules": {
      "type": "object",
      "properties": {
        "apiVersion": {
          "type": "string",
          "enum": [
            "2018-01-01-preview"
          ]
        },
        "name": {
          "type": "string",
          "minLength": 1,
          "maxLength": 50,
          "description": "The authorization rule name."
        },
        "properties": {
          "oneOf": [
            {
              "$ref": "#/definitions/SBAuthorizationRuleProperties"
            },
            {
              "$ref": "https://schema.management.azure.com/schemas/common/definitions.json#/definitions/expression"
            }
          ],
          "description": "AuthorizationRule properties."
        },
        "type": {
          "type": "string",
          "enum": [
            "Microsoft.ServiceBus/namespaces/AuthorizationRules"
          ]
        }
      },
      "required": [
        "apiVersion",
        "name",
        "properties",
        "type"
      ],
      "description": "Microsoft.ServiceBus/namespaces/AuthorizationRules"
    },
    "namespaces_disasterRecoveryConfigs": {
      "type": "object",
      "properties": {
        "apiVersion": {
          "type": "string",
          "enum": [
            "2018-01-01-preview"
          ]
        },
        "name": {
          "type": "string",
          "minLength": 1,
          "maxLength": 50,
          "description": "The Disaster Recovery configuration name"
        },
        "properties": {
          "oneOf": [
            {
              "$ref": "#/definitions/ArmDisasterRecoveryProperties"
            },
            {
              "$ref": "https://schema.management.azure.com/schemas/common/definitions.json#/definitions/expression"
            }
          ],
          "description": "Properties required to the Create Or Update Alias(Disaster Recovery configurations)"
        },
        "type": {
          "type": "string",
          "enum": [
            "Microsoft.ServiceBus/namespaces/disasterRecoveryConfigs"
          ]
        }
      },
      "required": [
        "apiVersion",
        "name",
        "properties",
        "type"
      ],
      "description": "Microsoft.ServiceBus/namespaces/disasterRecoveryConfigs"
    },
    "namespaces_ipfilterrules": {
      "type": "object",
      "properties": {
        "apiVersion": {
          "type": "string",
          "enum": [
            "2018-01-01-preview"
          ]
        },
        "name": {
          "type": "string",
          "minLength": 1,
          "description": "The IP Filter Rule name."
        },
        "properties": {
          "oneOf": [
            {
              "$ref": "#/definitions/IpFilterRuleProperties"
            },
            {
              "$ref": "https://schema.management.azure.com/schemas/common/definitions.json#/definitions/expression"
            }
          ],
          "description": "Properties supplied to create or update IpFilterRules"
        },
        "type": {
          "type": "string",
          "enum": [
            "Microsoft.ServiceBus/namespaces/ipfilterrules"
          ]
        }
      },
      "required": [
        "apiVersion",
        "name",
        "properties",
        "type"
      ],
      "description": "Microsoft.ServiceBus/namespaces/ipfilterrules"
    },
    "namespaces_migrationConfigurations": {
      "type": "object",
      "properties": {
        "apiVersion": {
          "type": "string",
          "enum": [
            "2018-01-01-preview"
          ]
        },
        "name": {
          "oneOf": [
            {
              "type": "string",
              "pattern": "^.*/\\$default$"
            },
            {
              "$ref": "https://schema.management.azure.com/schemas/common/definitions.json#/definitions/expression"
            }
          ],
          "description": "The configuration name. Should always be \"$default\"."
        },
        "properties": {
          "oneOf": [
            {
              "$ref": "#/definitions/MigrationConfigPropertiesProperties"
            },
            {
              "$ref": "https://schema.management.azure.com/schemas/common/definitions.json#/definitions/expression"
            }
          ],
          "description": "Properties required to the Create Migration Configuration"
        },
        "type": {
          "type": "string",
          "enum": [
            "Microsoft.ServiceBus/namespaces/migrationConfigurations"
          ]
        }
      },
      "required": [
        "apiVersion",
        "name",
        "properties",
        "type"
      ],
      "description": "Microsoft.ServiceBus/namespaces/migrationConfigurations"
    },
    "namespaces_networkRuleSets": {
      "type": "object",
      "properties": {
        "apiVersion": {
          "type": "string",
          "enum": [
            "2018-01-01-preview"
          ]
        },
        "name": {
          "oneOf": [
            {
              "type": "string",
              "pattern": "^.*/default$"
            },
            {
              "$ref": "https://schema.management.azure.com/schemas/common/definitions.json#/definitions/expression"
            }
          ]
        },
        "properties": {
          "oneOf": [
            {
              "$ref": "#/definitions/NetworkRuleSetProperties"
            },
            {
              "$ref": "https://schema.management.azure.com/schemas/common/definitions.json#/definitions/expression"
            }
          ],
          "description": "NetworkRuleSet properties"
        },
        "type": {
          "type": "string",
          "enum": [
            "Microsoft.ServiceBus/namespaces/networkRuleSets"
          ]
        }
      },
      "required": [
        "apiVersion",
        "name",
        "properties",
        "type"
      ],
      "description": "Microsoft.ServiceBus/namespaces/networkRuleSets"
    },
    "namespaces_privateEndpointConnections": {
      "type": "object",
      "properties": {
        "apiVersion": {
          "type": "string",
          "enum": [
            "2018-01-01-preview"
          ]
        },
        "name": {
          "type": "string",
          "description": "The PrivateEndpointConnection name"
        },
        "properties": {
          "oneOf": [
            {
              "$ref": "#/definitions/PrivateEndpointConnectionProperties"
            },
            {
              "$ref": "https://schema.management.azure.com/schemas/common/definitions.json#/definitions/expression"
            }
          ],
          "description": "Properties of the private endpoint connection resource."
        },
        "type": {
          "type": "string",
          "enum": [
            "Microsoft.ServiceBus/namespaces/privateEndpointConnections"
          ]
        }
      },
      "required": [
        "apiVersion",
        "name",
        "properties",
        "type"
      ],
      "description": "Microsoft.ServiceBus/namespaces/privateEndpointConnections"
    },
    "namespaces_queues": {
      "type": "object",
      "properties": {
        "apiVersion": {
          "type": "string",
          "enum": [
            "2018-01-01-preview"
          ]
        },
        "name": {
          "type": "string",
          "minLength": 1,
          "description": "The queue name."
        },
        "properties": {
          "oneOf": [
            {
              "$ref": "#/definitions/SBQueueProperties"
            },
            {
              "$ref": "https://schema.management.azure.com/schemas/common/definitions.json#/definitions/expression"
            }
          ],
          "description": "The Queue Properties definition."
        },
        "resources": {
          "type": "array",
          "items": {
            "oneOf": [
              {
                "$ref": "#/definitions/namespaces_queues_authorizationRules_childResource"
              }
            ]
          }
        },
        "type": {
          "type": "string",
          "enum": [
            "Microsoft.ServiceBus/namespaces/queues"
          ]
        }
      },
      "required": [
        "apiVersion",
        "name",
        "properties",
        "type"
      ],
      "description": "Microsoft.ServiceBus/namespaces/queues"
    },
    "namespaces_queues_authorizationRules": {
      "type": "object",
      "properties": {
        "apiVersion": {
          "type": "string",
          "enum": [
            "2018-01-01-preview"
          ]
        },
        "name": {
          "type": "string",
          "minLength": 1,
          "maxLength": 50,
          "description": "The authorization rule name."
        },
        "properties": {
          "oneOf": [
            {
              "$ref": "#/definitions/SBAuthorizationRuleProperties"
            },
            {
              "$ref": "https://schema.management.azure.com/schemas/common/definitions.json#/definitions/expression"
            }
          ],
          "description": "AuthorizationRule properties."
        },
        "type": {
          "type": "string",
          "enum": [
            "Microsoft.ServiceBus/namespaces/queues/authorizationRules"
          ]
        }
      },
      "required": [
        "apiVersion",
        "name",
        "properties",
        "type"
      ],
      "description": "Microsoft.ServiceBus/namespaces/queues/authorizationRules"
    },
    "namespaces_topics": {
      "type": "object",
      "properties": {
        "apiVersion": {
          "type": "string",
          "enum": [
            "2018-01-01-preview"
          ]
        },
        "name": {
          "type": "string",
          "minLength": 1,
          "description": "The topic name."
        },
        "properties": {
          "oneOf": [
            {
              "$ref": "#/definitions/SBTopicProperties"
            },
            {
              "$ref": "https://schema.management.azure.com/schemas/common/definitions.json#/definitions/expression"
            }
          ],
          "description": "The Topic Properties definition."
        },
        "resources": {
          "type": "array",
          "items": {
            "oneOf": [
              {
                "$ref": "#/definitions/namespaces_topics_authorizationRules_childResource"
              },
              {
                "$ref": "#/definitions/namespaces_topics_subscriptions_childResource"
              }
            ]
          }
        },
        "type": {
          "type": "string",
          "enum": [
            "Microsoft.ServiceBus/namespaces/topics"
          ]
        }
      },
      "required": [
        "apiVersion",
        "name",
        "properties",
        "type"
      ],
      "description": "Microsoft.ServiceBus/namespaces/topics"
    },
    "namespaces_topics_authorizationRules": {
      "type": "object",
      "properties": {
        "apiVersion": {
          "type": "string",
          "enum": [
            "2018-01-01-preview"
          ]
        },
        "name": {
          "type": "string",
          "minLength": 1,
          "maxLength": 50,
          "description": "The authorization rule name."
        },
        "properties": {
          "oneOf": [
            {
              "$ref": "#/definitions/SBAuthorizationRuleProperties"
            },
            {
              "$ref": "https://schema.management.azure.com/schemas/common/definitions.json#/definitions/expression"
            }
          ],
          "description": "AuthorizationRule properties."
        },
        "type": {
          "type": "string",
          "enum": [
            "Microsoft.ServiceBus/namespaces/topics/authorizationRules"
          ]
        }
      },
      "required": [
        "apiVersion",
        "name",
        "properties",
        "type"
      ],
      "description": "Microsoft.ServiceBus/namespaces/topics/authorizationRules"
    },
    "namespaces_topics_subscriptions": {
      "type": "object",
      "properties": {
        "apiVersion": {
          "type": "string",
          "enum": [
            "2018-01-01-preview"
          ]
        },
        "name": {
          "type": "string",
          "minLength": 1,
          "maxLength": 50,
          "description": "The subscription name."
        },
        "properties": {
          "oneOf": [
            {
              "$ref": "#/definitions/SBSubscriptionProperties"
            },
            {
              "$ref": "https://schema.management.azure.com/schemas/common/definitions.json#/definitions/expression"
            }
          ],
          "description": "Description of Subscription Resource."
        },
        "resources": {
          "type": "array",
          "items": {
            "oneOf": [
              {
                "$ref": "#/definitions/namespaces_topics_subscriptions_rules_childResource"
              }
            ]
          }
        },
        "type": {
          "type": "string",
          "enum": [
            "Microsoft.ServiceBus/namespaces/topics/subscriptions"
          ]
        }
      },
      "required": [
        "apiVersion",
        "name",
        "properties",
        "type"
      ],
      "description": "Microsoft.ServiceBus/namespaces/topics/subscriptions"
    },
    "namespaces_topics_subscriptions_rules": {
      "type": "object",
      "properties": {
        "apiVersion": {
          "type": "string",
          "enum": [
            "2018-01-01-preview"
          ]
        },
        "name": {
          "type": "string",
          "minLength": 1,
          "maxLength": 50,
          "description": "The rule name."
        },
        "properties": {
          "oneOf": [
            {
              "$ref": "#/definitions/Ruleproperties"
            },
            {
              "$ref": "https://schema.management.azure.com/schemas/common/definitions.json#/definitions/expression"
            }
          ],
          "description": "Description of Rule Resource."
        },
        "type": {
          "type": "string",
          "enum": [
            "Microsoft.ServiceBus/namespaces/topics/subscriptions/rules"
          ]
        }
      },
      "required": [
        "apiVersion",
        "name",
        "properties",
        "type"
      ],
      "description": "Microsoft.ServiceBus/namespaces/topics/subscriptions/rules"
    },
    "namespaces_virtualnetworkrules": {
      "type": "object",
      "properties": {
        "apiVersion": {
          "type": "string",
          "enum": [
            "2018-01-01-preview"
          ]
        },
        "name": {
          "type": "string",
          "minLength": 1,
          "description": "The Virtual Network Rule name."
        },
        "properties": {
          "oneOf": [
            {
              "$ref": "#/definitions/VirtualNetworkRuleProperties"
            },
            {
              "$ref": "https://schema.management.azure.com/schemas/common/definitions.json#/definitions/expression"
            }
          ],
          "description": "Properties supplied to create or update VirtualNetworkRules"
        },
        "type": {
          "type": "string",
          "enum": [
            "Microsoft.ServiceBus/namespaces/virtualnetworkrules"
          ]
        }
      },
      "required": [
        "apiVersion",
        "name",
        "properties",
        "type"
      ],
      "description": "Microsoft.ServiceBus/namespaces/virtualnetworkrules"
    }
  },
  "definitions": {
    "Action": {
      "type": "object",
      "properties": {
        "compatibilityLevel": {
          "oneOf": [
            {
              "type": "integer"
            },
            {
              "$ref": "https://schema.management.azure.com/schemas/common/definitions.json#/definitions/expression"
            }
          ],
          "description": "This property is reserved for future use. An integer value showing the compatibility level, currently hard-coded to 20."
        },
        "requiresPreprocessing": {
          "oneOf": [
            {
              "type": "boolean",
              "default": true
            },
            {
              "$ref": "https://schema.management.azure.com/schemas/common/definitions.json#/definitions/expression"
            }
          ],
          "description": "Value that indicates whether the rule action requires preprocessing."
        },
        "sqlExpression": {
          "type": "string",
          "description": "SQL expression. e.g. MyProperty='ABC'"
        }
      },
      "description": "Represents the filter actions which are allowed for the transformation of a message that have been matched by a filter expression."
    },
    "ArmDisasterRecoveryProperties": {
      "type": "object",
      "properties": {
        "alternateName": {
          "type": "string",
          "description": "Primary/Secondary eventhub namespace name, which is part of GEO DR pairing"
        },
        "partnerNamespace": {
          "type": "string",
          "description": "ARM Id of the Primary/Secondary eventhub namespace name, which is part of GEO DR pairing"
        }
      },
      "description": "Properties required to the Create Or Update Alias(Disaster Recovery configurations)"
    },
    "ConnectionState": {
      "type": "object",
      "properties": {
        "description": {
          "type": "string",
          "description": "Description of the connection state."
        },
        "status": {
          "oneOf": [
            {
              "type": "string",
              "enum": [
                "Pending",
                "Approved",
                "Rejected",
                "Disconnected"
              ]
            },
            {
              "$ref": "https://schema.management.azure.com/schemas/common/definitions.json#/definitions/expression"
            }
          ],
          "description": "Status of the connection."
        }
      },
      "description": "ConnectionState information."
    },
    "CorrelationFilter": {
      "type": "object",
      "properties": {
        "contentType": {
          "type": "string",
          "description": "Content type of the message."
        },
        "correlationId": {
          "type": "string",
          "description": "Identifier of the correlation."
        },
        "label": {
          "type": "string",
          "description": "Application specific label."
        },
        "messageId": {
          "type": "string",
          "description": "Identifier of the message."
        },
        "properties": {
          "oneOf": [
            {
              "type": "object",
              "additionalProperties": {
                "type": "string"
              },
              "properties": {}
            },
            {
              "$ref": "https://schema.management.azure.com/schemas/common/definitions.json#/definitions/expression"
            }
          ],
          "description": "dictionary object for custom filters"
        },
        "replyTo": {
          "type": "string",
          "description": "Address of the queue to reply to."
        },
        "replyToSessionId": {
          "type": "string",
          "description": "Session identifier to reply to."
        },
        "requiresPreprocessing": {
          "oneOf": [
            {
              "type": "boolean",
              "default": true
            },
            {
              "$ref": "https://schema.management.azure.com/schemas/common/definitions.json#/definitions/expression"
            }
          ],
          "description": "Value that indicates whether the rule action requires preprocessing."
        },
        "sessionId": {
          "type": "string",
          "description": "Session identifier."
        },
        "to": {
          "type": "string",
          "description": "Address to send to."
        }
      },
      "description": "Represents the correlation filter expression."
    },
    "Encryption": {
      "type": "object",
      "properties": {
        "keySource": {
          "oneOf": [
            {
              "type": "string",
              "enum": [
                "Microsoft.KeyVault"
              ]
            },
            {
              "$ref": "https://schema.management.azure.com/schemas/common/definitions.json#/definitions/expression"
            }
          ],
          "description": "Enumerates the possible value of keySource for Encryption."
        },
        "keyVaultProperties": {
          "oneOf": [
            {
              "$ref": "#/definitions/KeyVaultProperties"
            },
            {
              "$ref": "https://schema.management.azure.com/schemas/common/definitions.json#/definitions/expression"
            }
          ],
          "description": "Properties to configure keyVault Properties"
        }
      },
      "description": "Properties to configure Encryption"
    },
    "Identity": {
      "type": "object",
      "properties": {
        "principalId": {
          "type": "string",
          "description": "ObjectId from the KeyVault"
        },
        "tenantId": {
          "type": "string",
          "description": "TenantId from the KeyVault"
        },
        "type": {
          "oneOf": [
            {
              "type": "string",
              "enum": [
                "SystemAssigned"
              ]
            },
            {
              "$ref": "https://schema.management.azure.com/schemas/common/definitions.json#/definitions/expression"
            }
          ],
          "description": "Enumerates the possible value Identity type, which currently supports only 'SystemAssigned'."
        }
      },
      "description": "Properties to configure Identity for Bring your Own Keys"
    },
    "IpFilterRuleProperties": {
      "type": "object",
      "properties": {
        "action": {
          "oneOf": [
            {
              "type": "string",
              "enum": [
                "Accept",
                "Reject"
              ]
            },
            {
              "$ref": "https://schema.management.azure.com/schemas/common/definitions.json#/definitions/expression"
            }
          ],
          "description": "The IP Filter Action."
        },
        "filterName": {
          "type": "string",
          "description": "IP Filter name"
        },
        "ipMask": {
          "type": "string",
          "description": "IP Mask"
        }
      },
      "description": "Properties supplied to create or update IpFilterRules"
    },
    "KeyVaultProperties": {
      "type": "object",
      "properties": {
        "keyName": {
          "type": "string",
          "description": "Name of the Key from KeyVault"
        },
        "keyVaultUri": {
          "type": "string",
          "description": "Uri of KeyVault"
        }
      },
      "description": "Properties to configure keyVault Properties"
    },
    "MigrationConfigPropertiesProperties": {
      "type": "object",
      "properties": {
        "postMigrationName": {
          "type": "string",
          "description": "Name to access Standard Namespace after migration"
        },
        "targetNamespace": {
          "type": "string",
          "description": "Existing premium Namespace ARM Id name which has no entities, will be used for migration"
        }
      },
      "required": [
        "postMigrationName",
        "targetNamespace"
      ],
      "description": "Properties required to the Create Migration Configuration"
    },
    "namespaces_AuthorizationRules_childResource": {
      "type": "object",
      "properties": {
        "apiVersion": {
          "type": "string",
          "enum": [
            "2018-01-01-preview"
          ]
        },
        "name": {
          "type": "string",
          "minLength": 1,
          "maxLength": 50,
          "description": "The authorization rule name."
        },
        "properties": {
          "oneOf": [
            {
              "$ref": "#/definitions/SBAuthorizationRuleProperties"
            },
            {
              "$ref": "https://schema.management.azure.com/schemas/common/definitions.json#/definitions/expression"
            }
          ],
          "description": "AuthorizationRule properties."
        },
        "type": {
          "type": "string",
          "enum": [
            "AuthorizationRules"
          ]
        }
      },
      "required": [
        "apiVersion",
        "name",
        "properties",
        "type"
      ],
      "description": "Microsoft.ServiceBus/namespaces/AuthorizationRules"
    },
    "namespaces_disasterRecoveryConfigs_childResource": {
      "type": "object",
      "properties": {
        "apiVersion": {
          "type": "string",
          "enum": [
            "2018-01-01-preview"
          ]
        },
        "name": {
          "type": "string",
          "minLength": 1,
          "maxLength": 50,
          "description": "The Disaster Recovery configuration name"
        },
        "properties": {
          "oneOf": [
            {
              "$ref": "#/definitions/ArmDisasterRecoveryProperties"
            },
            {
              "$ref": "https://schema.management.azure.com/schemas/common/definitions.json#/definitions/expression"
            }
          ],
          "description": "Properties required to the Create Or Update Alias(Disaster Recovery configurations)"
        },
        "type": {
          "type": "string",
          "enum": [
            "disasterRecoveryConfigs"
          ]
        }
      },
      "required": [
        "apiVersion",
        "name",
        "properties",
        "type"
      ],
      "description": "Microsoft.ServiceBus/namespaces/disasterRecoveryConfigs"
    },
    "namespaces_ipfilterrules_childResource": {
      "type": "object",
      "properties": {
        "apiVersion": {
          "type": "string",
          "enum": [
            "2018-01-01-preview"
          ]
        },
        "name": {
          "type": "string",
          "minLength": 1,
          "description": "The IP Filter Rule name."
        },
        "properties": {
          "oneOf": [
            {
              "$ref": "#/definitions/IpFilterRuleProperties"
            },
            {
              "$ref": "https://schema.management.azure.com/schemas/common/definitions.json#/definitions/expression"
            }
          ],
          "description": "Properties supplied to create or update IpFilterRules"
        },
        "type": {
          "type": "string",
          "enum": [
            "ipfilterrules"
          ]
        }
      },
      "required": [
        "apiVersion",
        "name",
        "properties",
        "type"
      ],
      "description": "Microsoft.ServiceBus/namespaces/ipfilterrules"
    },
    "namespaces_migrationConfigurations_childResource": {
      "type": "object",
      "properties": {
        "apiVersion": {
          "type": "string",
          "enum": [
            "2018-01-01-preview"
          ]
        },
        "name": {
          "type": "string",
          "enum": [
            "$default"
          ],
          "description": "The configuration name. Should always be \"$default\"."
        },
        "properties": {
          "oneOf": [
            {
              "$ref": "#/definitions/MigrationConfigPropertiesProperties"
            },
            {
              "$ref": "https://schema.management.azure.com/schemas/common/definitions.json#/definitions/expression"
            }
          ],
          "description": "Properties required to the Create Migration Configuration"
        },
        "type": {
          "type": "string",
          "enum": [
            "migrationConfigurations"
          ]
        }
      },
      "required": [
        "apiVersion",
        "name",
        "properties",
        "type"
      ],
      "description": "Microsoft.ServiceBus/namespaces/migrationConfigurations"
    },
    "namespaces_networkRuleSets_childResource": {
      "type": "object",
      "properties": {
        "apiVersion": {
          "type": "string",
          "enum": [
            "2018-01-01-preview"
          ]
        },
        "name": {
          "type": "string",
          "enum": [
            "default"
          ]
        },
        "properties": {
          "oneOf": [
            {
              "$ref": "#/definitions/NetworkRuleSetProperties"
            },
            {
              "$ref": "https://schema.management.azure.com/schemas/common/definitions.json#/definitions/expression"
            }
          ],
          "description": "NetworkRuleSet properties"
        },
        "type": {
          "type": "string",
          "enum": [
            "networkRuleSets"
          ]
        }
      },
      "required": [
        "apiVersion",
        "name",
        "properties",
        "type"
      ],
      "description": "Microsoft.ServiceBus/namespaces/networkRuleSets"
    },
    "namespaces_privateEndpointConnections_childResource": {
      "type": "object",
      "properties": {
        "apiVersion": {
          "type": "string",
          "enum": [
            "2018-01-01-preview"
          ]
        },
        "name": {
          "type": "string",
          "description": "The PrivateEndpointConnection name"
        },
        "properties": {
          "oneOf": [
            {
              "$ref": "#/definitions/PrivateEndpointConnectionProperties"
            },
            {
              "$ref": "https://schema.management.azure.com/schemas/common/definitions.json#/definitions/expression"
            }
          ],
          "description": "Properties of the private endpoint connection resource."
        },
        "type": {
          "type": "string",
          "enum": [
            "privateEndpointConnections"
          ]
        }
      },
      "required": [
        "apiVersion",
        "name",
        "properties",
        "type"
      ],
      "description": "Microsoft.ServiceBus/namespaces/privateEndpointConnections"
    },
    "namespaces_queues_authorizationRules_childResource": {
      "type": "object",
      "properties": {
        "apiVersion": {
          "type": "string",
          "enum": [
            "2018-01-01-preview"
          ]
        },
        "name": {
          "type": "string",
          "minLength": 1,
          "maxLength": 50,
          "description": "The authorization rule name."
        },
        "properties": {
          "oneOf": [
            {
              "$ref": "#/definitions/SBAuthorizationRuleProperties"
            },
            {
              "$ref": "https://schema.management.azure.com/schemas/common/definitions.json#/definitions/expression"
            }
          ],
          "description": "AuthorizationRule properties."
        },
        "type": {
          "type": "string",
          "enum": [
            "authorizationRules"
          ]
        }
      },
      "required": [
        "apiVersion",
        "name",
        "properties",
        "type"
      ],
      "description": "Microsoft.ServiceBus/namespaces/queues/authorizationRules"
    },
    "namespaces_queues_childResource": {
      "type": "object",
      "properties": {
        "apiVersion": {
          "type": "string",
          "enum": [
            "2018-01-01-preview"
          ]
        },
        "name": {
          "type": "string",
          "minLength": 1,
          "description": "The queue name."
        },
        "properties": {
          "oneOf": [
            {
              "$ref": "#/definitions/SBQueueProperties"
            },
            {
              "$ref": "https://schema.management.azure.com/schemas/common/definitions.json#/definitions/expression"
            }
          ],
          "description": "The Queue Properties definition."
        },
        "type": {
          "type": "string",
          "enum": [
            "queues"
          ]
        }
      },
      "required": [
        "apiVersion",
        "name",
        "properties",
        "type"
      ],
      "description": "Microsoft.ServiceBus/namespaces/queues"
    },
    "namespaces_topics_authorizationRules_childResource": {
      "type": "object",
      "properties": {
        "apiVersion": {
          "type": "string",
          "enum": [
            "2018-01-01-preview"
          ]
        },
        "name": {
          "type": "string",
          "minLength": 1,
          "maxLength": 50,
          "description": "The authorization rule name."
        },
        "properties": {
          "oneOf": [
            {
              "$ref": "#/definitions/SBAuthorizationRuleProperties"
            },
            {
              "$ref": "https://schema.management.azure.com/schemas/common/definitions.json#/definitions/expression"
            }
          ],
          "description": "AuthorizationRule properties."
        },
        "type": {
          "type": "string",
          "enum": [
            "authorizationRules"
          ]
        }
      },
      "required": [
        "apiVersion",
        "name",
        "properties",
        "type"
      ],
      "description": "Microsoft.ServiceBus/namespaces/topics/authorizationRules"
    },
    "namespaces_topics_childResource": {
      "type": "object",
      "properties": {
        "apiVersion": {
          "type": "string",
          "enum": [
            "2018-01-01-preview"
          ]
        },
        "name": {
          "type": "string",
          "minLength": 1,
          "description": "The topic name."
        },
        "properties": {
          "oneOf": [
            {
              "$ref": "#/definitions/SBTopicProperties"
            },
            {
              "$ref": "https://schema.management.azure.com/schemas/common/definitions.json#/definitions/expression"
            }
          ],
          "description": "The Topic Properties definition."
        },
        "type": {
          "type": "string",
          "enum": [
            "topics"
          ]
        }
      },
      "required": [
        "apiVersion",
        "name",
        "properties",
        "type"
      ],
      "description": "Microsoft.ServiceBus/namespaces/topics"
    },
    "namespaces_topics_subscriptions_childResource": {
      "type": "object",
      "properties": {
        "apiVersion": {
          "type": "string",
          "enum": [
            "2018-01-01-preview"
          ]
        },
        "name": {
          "type": "string",
          "minLength": 1,
          "maxLength": 50,
          "description": "The subscription name."
        },
        "properties": {
          "oneOf": [
            {
              "$ref": "#/definitions/SBSubscriptionProperties"
            },
            {
              "$ref": "https://schema.management.azure.com/schemas/common/definitions.json#/definitions/expression"
            }
          ],
          "description": "Description of Subscription Resource."
        },
        "type": {
          "type": "string",
          "enum": [
            "subscriptions"
          ]
        }
      },
      "required": [
        "apiVersion",
        "name",
        "properties",
        "type"
      ],
      "description": "Microsoft.ServiceBus/namespaces/topics/subscriptions"
    },
    "namespaces_topics_subscriptions_rules_childResource": {
      "type": "object",
      "properties": {
        "apiVersion": {
          "type": "string",
          "enum": [
            "2018-01-01-preview"
          ]
        },
        "name": {
          "type": "string",
          "minLength": 1,
          "maxLength": 50,
          "description": "The rule name."
        },
        "properties": {
          "oneOf": [
            {
              "$ref": "#/definitions/Ruleproperties"
            },
            {
              "$ref": "https://schema.management.azure.com/schemas/common/definitions.json#/definitions/expression"
            }
          ],
          "description": "Description of Rule Resource."
        },
        "type": {
          "type": "string",
          "enum": [
            "rules"
          ]
        }
      },
      "required": [
        "apiVersion",
        "name",
        "properties",
        "type"
      ],
      "description": "Microsoft.ServiceBus/namespaces/topics/subscriptions/rules"
    },
    "namespaces_virtualnetworkrules_childResource": {
      "type": "object",
      "properties": {
        "apiVersion": {
          "type": "string",
          "enum": [
            "2018-01-01-preview"
          ]
        },
        "name": {
          "type": "string",
          "minLength": 1,
          "description": "The Virtual Network Rule name."
        },
        "properties": {
          "oneOf": [
            {
              "$ref": "#/definitions/VirtualNetworkRuleProperties"
            },
            {
              "$ref": "https://schema.management.azure.com/schemas/common/definitions.json#/definitions/expression"
            }
          ],
          "description": "Properties supplied to create or update VirtualNetworkRules"
        },
        "type": {
          "type": "string",
          "enum": [
            "virtualnetworkrules"
          ]
        }
      },
      "required": [
        "apiVersion",
        "name",
        "properties",
        "type"
      ],
      "description": "Microsoft.ServiceBus/namespaces/virtualnetworkrules"
    },
    "NetworkRuleSetProperties": {
      "type": "object",
      "properties": {
        "defaultAction": {
          "oneOf": [
            {
              "type": "string",
              "enum": [
                "Allow",
                "Deny"
              ]
            },
            {
              "$ref": "https://schema.management.azure.com/schemas/common/definitions.json#/definitions/expression"
            }
          ],
          "description": "Default Action for Network Rule Set."
        },
        "ipRules": {
          "oneOf": [
            {
              "type": "array",
              "items": {
                "$ref": "#/definitions/NWRuleSetIpRules"
              }
            },
            {
              "$ref": "https://schema.management.azure.com/schemas/common/definitions.json#/definitions/expression"
            }
          ],
          "description": "List of IpRules"
        },
        "virtualNetworkRules": {
          "oneOf": [
            {
              "type": "array",
              "items": {
                "$ref": "#/definitions/NWRuleSetVirtualNetworkRules"
              }
            },
            {
              "$ref": "https://schema.management.azure.com/schemas/common/definitions.json#/definitions/expression"
            }
          ],
          "description": "List VirtualNetwork Rules"
        }
      },
      "description": "NetworkRuleSet properties"
    },
    "NWRuleSetIpRules": {
      "type": "object",
      "properties": {
        "action": {
          "oneOf": [
            {
              "type": "string",
              "enum": [
                "Allow"
              ]
            },
            {
              "$ref": "https://schema.management.azure.com/schemas/common/definitions.json#/definitions/expression"
            }
          ],
          "description": "The IP Filter Action."
        },
        "ipMask": {
          "type": "string",
          "description": "IP Mask"
        }
      },
      "description": "Description of NetWorkRuleSet - IpRules resource."
    },
    "NWRuleSetVirtualNetworkRules": {
      "type": "object",
      "properties": {
        "ignoreMissingVnetServiceEndpoint": {
          "oneOf": [
            {
              "type": "boolean"
            },
            {
              "$ref": "https://schema.management.azure.com/schemas/common/definitions.json#/definitions/expression"
            }
          ],
          "description": "Value that indicates whether to ignore missing VNet Service Endpoint"
        },
        "subnet": {
          "oneOf": [
            {
              "$ref": "#/definitions/Subnet"
            },
            {
              "$ref": "https://schema.management.azure.com/schemas/common/definitions.json#/definitions/expression"
            }
          ],
          "description": "Properties supplied for Subnet"
        }
      },
      "description": "Description of VirtualNetworkRules - NetworkRules resource."
    },
    "PrivateEndpoint": {
      "type": "object",
      "properties": {
        "id": {
          "type": "string",
          "description": "The ARM identifier for Private Endpoint."
        }
      },
      "description": "PrivateEndpoint information."
    },
    "PrivateEndpointConnectionProperties": {
      "type": "object",
      "properties": {
        "privateEndpoint": {
          "oneOf": [
            {
              "$ref": "#/definitions/PrivateEndpoint"
            },
            {
              "$ref": "https://schema.management.azure.com/schemas/common/definitions.json#/definitions/expression"
            }
          ],
          "description": "PrivateEndpoint information."
        },
        "privateLinkServiceConnectionState": {
          "oneOf": [
            {
              "$ref": "#/definitions/ConnectionState"
            },
            {
              "$ref": "https://schema.management.azure.com/schemas/common/definitions.json#/definitions/expression"
            }
          ],
          "description": "ConnectionState information."
        },
        "provisioningState": {
          "oneOf": [
            {
              "type": "string",
              "enum": [
                "Creating",
                "Updating",
                "Deleting",
                "Succeeded",
                "Canceled",
                "Failed"
              ]
            },
            {
              "$ref": "https://schema.management.azure.com/schemas/common/definitions.json#/definitions/expression"
            }
          ],
          "description": "Provisioning state of the Private Endpoint Connection."
        }
      },
      "description": "Properties of the private endpoint connection resource."
    },
    "Ruleproperties": {
      "type": "object",
      "properties": {
        "action": {
          "oneOf": [
            {
              "$ref": "#/definitions/Action"
            },
            {
              "$ref": "https://schema.management.azure.com/schemas/common/definitions.json#/definitions/expression"
            }
          ],
          "description": "Represents the filter actions which are allowed for the transformation of a message that have been matched by a filter expression."
        },
        "correlationFilter": {
          "oneOf": [
            {
              "$ref": "#/definitions/CorrelationFilter"
            },
            {
              "$ref": "https://schema.management.azure.com/schemas/common/definitions.json#/definitions/expression"
            }
          ],
          "description": "Represents the correlation filter expression."
        },
        "filterType": {
          "oneOf": [
            {
              "type": "string",
              "enum": [
                "SqlFilter",
                "CorrelationFilter"
              ]
            },
            {
              "$ref": "https://schema.management.azure.com/schemas/common/definitions.json#/definitions/expression"
            }
          ],
          "description": "Filter type that is evaluated against a BrokeredMessage."
        },
        "sqlFilter": {
          "oneOf": [
            {
              "$ref": "#/definitions/SqlFilter"
            },
            {
              "$ref": "https://schema.management.azure.com/schemas/common/definitions.json#/definitions/expression"
            }
          ],
          "description": "Represents a filter which is a composition of an expression and an action that is executed in the pub/sub pipeline."
        }
      },
      "description": "Description of Rule Resource."
    },
    "SBAuthorizationRuleProperties": {
      "type": "object",
      "properties": {
        "rights": {
          "oneOf": [
            {
              "type": "array",
              "items": {
                "type": "string",
                "enum": [
                  "Manage",
                  "Send",
                  "Listen"
                ]
              }
            },
            {
              "$ref": "https://schema.management.azure.com/schemas/common/definitions.json#/definitions/expression"
            }
          ],
          "description": "The rights associated with the rule."
        }
      },
      "required": [
        "rights"
      ],
      "description": "AuthorizationRule properties."
    },
    "SBNamespaceProperties": {
      "type": "object",
      "properties": {
        "encryption": {
          "oneOf": [
            {
              "$ref": "#/definitions/Encryption"
            },
            {
              "$ref": "https://schema.management.azure.com/schemas/common/definitions.json#/definitions/expression"
            }
          ],
          "description": "Properties to configure Encryption"
        },
        "zoneRedundant": {
          "oneOf": [
            {
              "type": "boolean"
            },
            {
              "$ref": "https://schema.management.azure.com/schemas/common/definitions.json#/definitions/expression"
            }
          ],
          "description": "Enabling this property creates a Premium Service Bus Namespace in regions supported availability zones."
        }
      },
      "description": "Properties of the namespace."
    },
    "SBQueueProperties": {
      "type": "object",
      "properties": {
        "autoDeleteOnIdle": {
          "type": "string",
          "format": "duration",
          "description": "ISO 8061 timeSpan idle interval after which the queue is automatically deleted. The minimum duration is 5 minutes."
        },
        "deadLetteringOnMessageExpiration": {
          "oneOf": [
            {
              "type": "boolean"
            },
            {
              "$ref": "https://schema.management.azure.com/schemas/common/definitions.json#/definitions/expression"
            }
          ],
          "description": "A value that indicates whether this queue has dead letter support when a message expires."
        },
        "defaultMessageTimeToLive": {
          "type": "string",
          "format": "duration",
          "description": "ISO 8601 default message timespan to live value. This is the duration after which the message expires, starting from when the message is sent to Service Bus. This is the default value used when TimeToLive is not set on a message itself."
        },
        "duplicateDetectionHistoryTimeWindow": {
          "type": "string",
          "format": "duration",
          "description": "ISO 8601 timeSpan structure that defines the duration of the duplicate detection history. The default value is 10 minutes."
        },
        "enableBatchedOperations": {
          "oneOf": [
            {
              "type": "boolean"
            },
            {
              "$ref": "https://schema.management.azure.com/schemas/common/definitions.json#/definitions/expression"
            }
          ],
          "description": "Value that indicates whether server-side batched operations are enabled."
        },
        "enableExpress": {
          "oneOf": [
            {
              "type": "boolean"
            },
            {
              "$ref": "https://schema.management.azure.com/schemas/common/definitions.json#/definitions/expression"
            }
          ],
          "description": "A value that indicates whether Express Entities are enabled. An express queue holds a message in memory temporarily before writing it to persistent storage."
        },
        "enablePartitioning": {
          "oneOf": [
            {
              "type": "boolean"
            },
            {
              "$ref": "https://schema.management.azure.com/schemas/common/definitions.json#/definitions/expression"
            }
          ],
          "description": "A value that indicates whether the queue is to be partitioned across multiple message brokers."
        },
        "forwardDeadLetteredMessagesTo": {
          "type": "string",
          "description": "Queue/Topic name to forward the Dead Letter message"
        },
        "forwardTo": {
          "type": "string",
          "description": "Queue/Topic name to forward the messages"
        },
        "lockDuration": {
          "type": "string",
          "format": "duration",
          "description": "ISO 8601 timespan duration of a peek-lock; that is, the amount of time that the message is locked for other receivers. The maximum value for LockDuration is 5 minutes; the default value is 1 minute."
        },
        "maxDeliveryCount": {
          "oneOf": [
            {
              "type": "integer"
            },
            {
              "$ref": "https://schema.management.azure.com/schemas/common/definitions.json#/definitions/expression"
            }
          ],
          "description": "The maximum delivery count. A message is automatically deadlettered after this number of deliveries. default value is 10."
        },
        "maxSizeInMegabytes": {
          "oneOf": [
            {
              "type": "integer"
            },
            {
              "$ref": "https://schema.management.azure.com/schemas/common/definitions.json#/definitions/expression"
            }
          ],
          "description": "The maximum size of the queue in megabytes, which is the size of memory allocated for the queue. Default is 1024."
        },
        "requiresDuplicateDetection": {
          "oneOf": [
            {
              "type": "boolean"
            },
            {
              "$ref": "https://schema.management.azure.com/schemas/common/definitions.json#/definitions/expression"
            }
          ],
          "description": "A value indicating if this queue requires duplicate detection."
        },
        "requiresSession": {
          "oneOf": [
            {
              "type": "boolean"
            },
            {
              "$ref": "https://schema.management.azure.com/schemas/common/definitions.json#/definitions/expression"
            }
          ],
          "description": "A value that indicates whether the queue supports the concept of sessions."
        },
        "status": {
          "oneOf": [
            {
              "type": "string",
              "enum": [
                "Active",
                "Disabled",
                "Restoring",
                "SendDisabled",
                "ReceiveDisabled",
                "Creating",
                "Deleting",
                "Renaming",
                "Unknown"
              ]
            },
            {
              "$ref": "https://schema.management.azure.com/schemas/common/definitions.json#/definitions/expression"
            }
          ],
          "description": "Enumerates the possible values for the status of a messaging entity."
        }
      },
      "description": "The Queue Properties definition."
    },
    "SBSku": {
      "type": "object",
      "properties": {
        "capacity": {
          "oneOf": [
            {
              "type": "integer"
            },
            {
              "$ref": "https://schema.management.azure.com/schemas/common/definitions.json#/definitions/expression"
            }
          ],
          "description": "The specified messaging units for the tier. For Premium tier, capacity are 1,2 and 4."
        },
        "name": {
          "oneOf": [
            {
              "type": "string",
              "enum": [
                "Basic",
                "Standard",
                "Premium"
              ]
            },
            {
              "$ref": "https://schema.management.azure.com/schemas/common/definitions.json#/definitions/expression"
            }
          ],
          "description": "Name of this SKU."
        },
        "tier": {
          "oneOf": [
            {
              "type": "string",
              "enum": [
                "Basic",
                "Standard",
                "Premium"
              ]
            },
            {
              "$ref": "https://schema.management.azure.com/schemas/common/definitions.json#/definitions/expression"
            }
          ],
          "description": "The billing tier of this particular SKU."
        }
      },
      "required": [
        "name"
      ],
      "description": "SKU of the namespace."
    },
    "SBSubscriptionProperties": {
      "type": "object",
      "properties": {
        "autoDeleteOnIdle": {
          "type": "string",
          "format": "duration",
          "description": "ISO 8061 timeSpan idle interval after which the topic is automatically deleted. The minimum duration is 5 minutes."
        },
        "deadLetteringOnFilterEvaluationExceptions": {
          "oneOf": [
            {
              "type": "boolean"
            },
            {
              "$ref": "https://schema.management.azure.com/schemas/common/definitions.json#/definitions/expression"
            }
          ],
          "description": "Value that indicates whether a subscription has dead letter support on filter evaluation exceptions."
        },
        "deadLetteringOnMessageExpiration": {
          "oneOf": [
            {
              "type": "boolean"
            },
            {
              "$ref": "https://schema.management.azure.com/schemas/common/definitions.json#/definitions/expression"
            }
          ],
          "description": "Value that indicates whether a subscription has dead letter support when a message expires."
        },
        "defaultMessageTimeToLive": {
          "type": "string",
          "format": "duration",
          "description": "ISO 8061 Default message timespan to live value. This is the duration after which the message expires, starting from when the message is sent to Service Bus. This is the default value used when TimeToLive is not set on a message itself."
        },
        "duplicateDetectionHistoryTimeWindow": {
          "type": "string",
          "format": "duration",
          "description": "ISO 8601 timeSpan structure that defines the duration of the duplicate detection history. The default value is 10 minutes."
        },
        "enableBatchedOperations": {
          "oneOf": [
            {
              "type": "boolean"
            },
            {
              "$ref": "https://schema.management.azure.com/schemas/common/definitions.json#/definitions/expression"
            }
          ],
          "description": "Value that indicates whether server-side batched operations are enabled."
        },
        "forwardDeadLetteredMessagesTo": {
          "type": "string",
          "description": "Queue/Topic name to forward the Dead Letter message"
        },
        "forwardTo": {
          "type": "string",
          "description": "Queue/Topic name to forward the messages"
        },
        "lockDuration": {
          "type": "string",
          "format": "duration",
          "description": "ISO 8061 lock duration timespan for the subscription. The default value is 1 minute."
        },
        "maxDeliveryCount": {
          "oneOf": [
            {
              "type": "integer"
            },
            {
              "$ref": "https://schema.management.azure.com/schemas/common/definitions.json#/definitions/expression"
            }
          ],
          "description": "Number of maximum deliveries."
        },
        "requiresSession": {
          "oneOf": [
            {
              "type": "boolean"
            },
            {
              "$ref": "https://schema.management.azure.com/schemas/common/definitions.json#/definitions/expression"
            }
          ],
          "description": "Value indicating if a subscription supports the concept of sessions."
        },
        "status": {
          "oneOf": [
            {
              "type": "string",
              "enum": [
                "Active",
                "Disabled",
                "Restoring",
                "SendDisabled",
                "ReceiveDisabled",
                "Creating",
                "Deleting",
                "Renaming",
                "Unknown"
              ]
            },
            {
              "$ref": "https://schema.management.azure.com/schemas/common/definitions.json#/definitions/expression"
            }
          ],
          "description": "Enumerates the possible values for the status of a messaging entity."
        }
      },
      "description": "Description of Subscription Resource."
    },
    "SBTopicProperties": {
      "type": "object",
      "properties": {
        "autoDeleteOnIdle": {
          "type": "string",
          "format": "duration",
          "description": "ISO 8601 timespan idle interval after which the topic is automatically deleted. The minimum duration is 5 minutes."
        },
        "defaultMessageTimeToLive": {
          "type": "string",
          "format": "duration",
          "description": "ISO 8601 Default message timespan to live value. This is the duration after which the message expires, starting from when the message is sent to Service Bus. This is the default value used when TimeToLive is not set on a message itself."
        },
        "duplicateDetectionHistoryTimeWindow": {
          "type": "string",
          "format": "duration",
          "description": "ISO8601 timespan structure that defines the duration of the duplicate detection history. The default value is 10 minutes."
        },
        "enableBatchedOperations": {
          "oneOf": [
            {
              "type": "boolean"
            },
            {
              "$ref": "https://schema.management.azure.com/schemas/common/definitions.json#/definitions/expression"
            }
          ],
          "description": "Value that indicates whether server-side batched operations are enabled."
        },
        "enableExpress": {
          "oneOf": [
            {
              "type": "boolean"
            },
            {
              "$ref": "https://schema.management.azure.com/schemas/common/definitions.json#/definitions/expression"
            }
          ],
          "description": "Value that indicates whether Express Entities are enabled. An express topic holds a message in memory temporarily before writing it to persistent storage."
        },
        "enablePartitioning": {
          "oneOf": [
            {
              "type": "boolean"
            },
            {
              "$ref": "https://schema.management.azure.com/schemas/common/definitions.json#/definitions/expression"
            }
          ],
          "description": "Value that indicates whether the topic to be partitioned across multiple message brokers is enabled."
        },
        "maxSizeInMegabytes": {
          "oneOf": [
            {
              "type": "integer"
            },
            {
              "$ref": "https://schema.management.azure.com/schemas/common/definitions.json#/definitions/expression"
            }
          ],
          "description": "Maximum size of the topic in megabytes, which is the size of the memory allocated for the topic. Default is 1024."
        },
        "requiresDuplicateDetection": {
          "oneOf": [
            {
              "type": "boolean"
            },
            {
              "$ref": "https://schema.management.azure.com/schemas/common/definitions.json#/definitions/expression"
            }
          ],
          "description": "Value indicating if this topic requires duplicate detection."
        },
        "status": {
          "oneOf": [
            {
              "type": "string",
              "enum": [
                "Active",
                "Disabled",
                "Restoring",
                "SendDisabled",
                "ReceiveDisabled",
                "Creating",
                "Deleting",
                "Renaming",
                "Unknown"
              ]
            },
            {
              "$ref": "https://schema.management.azure.com/schemas/common/definitions.json#/definitions/expression"
            }
          ],
          "description": "Enumerates the possible values for the status of a messaging entity."
        },
        "supportOrdering": {
          "oneOf": [
            {
              "type": "boolean"
            },
            {
              "$ref": "https://schema.management.azure.com/schemas/common/definitions.json#/definitions/expression"
            }
          ],
          "description": "Value that indicates whether the topic supports ordering."
        }
      },
      "description": "The Topic Properties definition."
    },
    "SqlFilter": {
      "type": "object",
      "properties": {
        "compatibilityLevel": {
          "oneOf": [
            {
              "type": "integer",
              "minimum": 20,
              "maximum": 20,
              "default": "20"
            },
            {
              "$ref": "https://schema.management.azure.com/schemas/common/definitions.json#/definitions/expression"
            }
          ],
          "description": "This property is reserved for future use. An integer value showing the compatibility level, currently hard-coded to 20."
        },
        "requiresPreprocessing": {
          "oneOf": [
            {
              "type": "boolean",
              "default": true
            },
            {
              "$ref": "https://schema.management.azure.com/schemas/common/definitions.json#/definitions/expression"
            }
          ],
          "description": "Value that indicates whether the rule action requires preprocessing."
        },
        "sqlExpression": {
          "type": "string",
          "description": "The SQL expression. e.g. MyProperty='ABC'"
        }
      },
      "description": "Represents a filter which is a composition of an expression and an action that is executed in the pub/sub pipeline."
    },
    "Subnet": {
      "type": "object",
      "properties": {
        "id": {
          "type": "string",
          "description": "Resource ID of Virtual Network Subnet"
        }
      },
      "required": [
        "id"
      ],
      "description": "Properties supplied for Subnet"
    },
    "VirtualNetworkRuleProperties": {
      "type": "object",
      "properties": {
        "virtualNetworkSubnetId": {
          "type": "string",
          "description": "Resource ID of Virtual Network Subnet"
        }
      },
      "description": "Properties supplied to create or update VirtualNetworkRules"
    }
  }
}