{
  "id": "https://schema.management.azure.com/schemas/2017-04-01/Microsoft.Aadiam.json#",
  "$schema": "http://json-schema.org/draft-04/schema#",
  "title": "microsoft.aadiam",
  "description": "microsoft aadiam Resource Types",
  "resourceDefinitions": {},
  "tenant_resourceDefinitions": {
    "diagnosticSettings": {
      "type": "object",
      "properties": {
        "apiVersion": {
          "type": "string",
          "enum": [
            "2017-04-01"
          ]
        },
        "name": {
          "type": "string",
          "description": "The name of the diagnostic setting."
        },
        "properties": {
          "oneOf": [
            {
              "$ref": "#/definitions/DiagnosticSettings"
            },
            {
              "$ref": "https://schema.management.azure.com/schemas/common/definitions.json#/definitions/expression"
            }
          ],
          "description": "The diagnostic settings."
        },
        "type": {
          "type": "string",
          "enum": [
            "microsoft.aadiam/diagnosticSettings"
          ]
        }
      },
      "required": [
        "apiVersion",
        "name",
        "properties",
        "type"
      ],
      "description": "microsoft.aadiam/diagnosticSettings"
    }
  },
  "definitions": {
    "DiagnosticSettings": {
      "type": "object",
      "properties": {
        "eventHubAuthorizationRuleId": {
          "type": "string",
          "description": "The resource Id for the event hub authorization rule."
        },
        "eventHubName": {
          "type": "string",
          "description": "The name of the event hub. If none is specified, the default event hub will be selected."
        },
        "logs": {
          "oneOf": [
            {
              "type": "array",
              "items": {
                "$ref": "#/definitions/LogSettings"
              }
            },
            {
              "$ref": "https://schema.management.azure.com/schemas/common/definitions.json#/definitions/expression"
            }
          ],
          "description": "The list of logs settings."
        },
        "serviceBusRuleId": {
          "type": "string",
          "description": "The service bus rule Id of the diagnostic setting. This is here to maintain backwards compatibility."
        },
        "storageAccountId": {
          "type": "string",
          "description": "The resource ID of the storage account to which you would like to send Diagnostic Logs."
        },
        "workspaceId": {
          "type": "string",
          "description": "The workspace ID (resource ID of a Log Analytics workspace) for a Log Analytics workspace to which you would like to send Diagnostic Logs. Example: /subscriptions/4b9e8510-67ab-4e9a-95a9-e2f1e570ea9c/resourceGroups/insights-integration/providers/Microsoft.OperationalInsights/workspaces/viruela2"
        }
      },
      "description": "The diagnostic settings."
    },
    "LogSettings": {
      "type": "object",
      "properties": {
        "category": {
          "oneOf": [
            {
              "type": "string",
              "enum": [
                "AuditLogs",
                "SignInLogs"
              ]
            },
            {
              "$ref": "https://schema.management.azure.com/schemas/common/definitions.json#/definitions/expression"
            }
          ],
          "description": "Name of a Diagnostic Log category for a resource type this setting is applied to. To obtain the list of Diagnostic Log categories for a resource, first perform a GET diagnostic settings operation."
        },
        "enabled": {
          "oneOf": [
            {
              "type": "boolean"
            },
            {
              "$ref": "https://schema.management.azure.com/schemas/common/definitions.json#/definitions/expression"
            }
          ],
          "description": "A value indicating whether this log is enabled."
        },
        "retentionPolicy": {
          "oneOf": [
            {
              "$ref": "#/definitions/RetentionPolicy"
            },
            {
              "$ref": "https://schema.management.azure.com/schemas/common/definitions.json#/definitions/expression"
            }
          ],
          "description": "Specifies the retention policy for the log."
        }
      },
      "required": [
        "enabled"
      ],
      "description": "Part of MultiTenantDiagnosticSettings. Specifies the settings for a particular log."
    },
    "RetentionPolicy": {
      "type": "object",
      "properties": {
        "days": {
          "oneOf": [
            {
              "type": "integer",
              "minimum": 0
            },
            {
              "$ref": "https://schema.management.azure.com/schemas/common/definitions.json#/definitions/expression"
            }
          ],
          "description": "The number of days for the retention in days. A value of 0 will retain the events indefinitely."
        },
        "enabled": {
          "oneOf": [
            {
              "type": "boolean"
            },
            {
              "$ref": "https://schema.management.azure.com/schemas/common/definitions.json#/definitions/expression"
            }
          ],
          "description": "A value indicating whether the retention policy is enabled."
        }
      },
      "required": [
        "days",
        "enabled"
      ],
      "description": "Specifies the retention policy for the log."
    }
  }
}