{
  "id": "https://schema.management.azure.com/schemas/2018-06-01/Microsoft.Security.json#",
  "$schema": "http://json-schema.org/draft-04/schema#",
  "title": "Microsoft.Security",
  "description": "Microsoft Security Resource Types",
  "resourceDefinitions": {},
  "subscription_resourceDefinitions": {
    "pricings": {
      "type": "object",
      "properties": {
        "apiVersion": {
          "type": "string",
          "enum": [
            "2018-06-01"
          ]
        },
        "name": {
          "type": "string",
          "description": "name of the pricing configuration"
        },
        "properties": {
          "oneOf": [
            {
              "$ref": "#/definitions/PricingProperties"
            },
            {
              "$ref": "https://schema.management.azure.com/schemas/common/definitions.json#/definitions/expression"
            }
          ],
          "description": "Pricing properties for the relevant scope"
        },
        "type": {
          "type": "string",
          "enum": [
            "Microsoft.Security/pricings"
          ]
        }
      },
      "required": [
        "apiVersion",
        "name",
        "properties",
        "type"
      ],
      "description": "Microsoft.Security/pricings"
    }
  },
  "definitions": {
    "PricingProperties": {
      "type": "object",
      "properties": {
        "pricingTier": {
          "oneOf": [
            {
              "type": "string",
              "enum": [
                "Free",
                "Standard"
              ]
            },
            {
              "$ref": "https://schema.management.azure.com/schemas/common/definitions.json#/definitions/expression"
            }
          ],
          "description": "The pricing tier value. Azure Security Center is provided in two pricing tiers: free and standard, with the standard tier available with a trial period. The standard tier offers advanced security capabilities, while the free tier offers basic security features."
        }
      },
      "required": [
        "pricingTier"
      ],
      "description": "Pricing properties for the relevant scope"
    }
  }
}