{
  "id": "https://schema.management.azure.com/schemas/2017-01-01-preview/Microsoft.Maps.json#",
  "$schema": "http://json-schema.org/draft-04/schema#",
  "title": "Microsoft.Maps",
  "description": "Microsoft Maps Resource Types",
  "resourceDefinitions": {
    "accounts": {
      "type": "object",
      "properties": {
        "apiVersion": {
          "type": "string",
          "enum": [
            "2017-01-01-preview"
          ]
        },
        "location": {
          "type": "string",
          "description": "The location of the resource."
        },
        "name": {
          "type": "string",
          "description": "The name of the Maps Account."
        },
        "sku": {
          "oneOf": [
            {
              "$ref": "#/definitions/Sku"
            },
            {
              "$ref": "https://schema.management.azure.com/schemas/common/definitions.json#/definitions/expression"
            }
          ],
          "description": "The SKU of the Maps Account."
        },
        "tags": {
          "oneOf": [
            {
              "type": "object",
              "additionalProperties": {
                "type": "string"
              },
              "properties": {}
            },
            {
              "$ref": "https://schema.management.azure.com/schemas/common/definitions.json#/definitions/expression"
            }
          ],
          "description": "Gets or sets a list of key value pairs that describe the resource. These tags can be used in viewing and grouping this resource (across resource groups). A maximum of 15 tags can be provided for a resource. Each tag must have a key no greater than 128 characters and value no greater than 256 characters."
        },
        "type": {
          "type": "string",
          "enum": [
            "Microsoft.Maps/accounts"
          ]
        }
      },
      "required": [
        "apiVersion",
        "location",
        "name",
        "sku",
        "type"
      ],
      "description": "Microsoft.Maps/accounts"
    }
  },
  "definitions": {
    "Sku": {
      "type": "object",
      "properties": {
        "name": {
          "type": "string",
          "description": "The name of the SKU, in standard format (such as S0)."
        }
      },
      "required": [
        "name"
      ],
      "description": "The SKU of the Maps Account."
    }
  }
}