{
  "id": "https://schema.management.azure.com/schemas/2017-10-01-preview/Microsoft.Authorization.Authz.json#",
  "$schema": "http://json-schema.org/draft-04/schema#",
  "title": "Microsoft.Authorization",
  "description": "Microsoft Authorization Resource Types",
  "resourceDefinitions": {},
  "unknown_resourceDefinitions": {
    "roleAssignments": {
      "type": "object",
      "properties": {
        "apiVersion": {
          "type": "string",
          "enum": [
            "2017-10-01-preview"
          ]
        },
        "name": {
          "type": "string",
          "description": "The name of the role assignment to create. It can be any valid GUID."
        },
        "properties": {
          "oneOf": [
            {
              "$ref": "#/definitions/RoleAssignmentProperties"
            },
            {
              "$ref": "https://schema.management.azure.com/schemas/common/definitions.json#/definitions/expression"
            }
          ],
          "description": "Role assignment properties."
        },
        "type": {
          "type": "string",
          "enum": [
            "Microsoft.Authorization/roleAssignments"
          ]
        }
      },
      "required": [
        "apiVersion",
        "name",
        "properties",
        "type"
      ],
      "description": "Microsoft.Authorization/roleAssignments"
    }
  },
  "definitions": {
    "RoleAssignmentProperties": {
      "type": "object",
      "properties": {
        "canDelegate": {
          "oneOf": [
            {
              "type": "boolean"
            },
            {
              "$ref": "https://schema.management.azure.com/schemas/common/definitions.json#/definitions/expression"
            }
          ],
          "description": "The delegation flag used for creating a role assignment"
        },
        "principalId": {
          "type": "string",
          "description": "The principal ID assigned to the role. This maps to the ID inside the Active Directory. It can point to a user, service principal, or security group."
        },
        "roleDefinitionId": {
          "type": "string",
          "description": "The role definition ID used in the role assignment."
        }
      },
      "description": "Role assignment properties."
    }
  }
}