{
  "id": "https://schema.management.azure.com/schemas/2018-02-02/Microsoft.Migrate.Migrate.json#",
  "$schema": "http://json-schema.org/draft-04/schema#",
  "title": "Microsoft.Migrate",
  "description": "Microsoft Migrate Resource Types",
  "resourceDefinitions": {
    "projects": {
      "type": "object",
      "properties": {
        "apiVersion": {
          "type": "string",
          "enum": [
            "2018-02-02"
          ]
        },
        "eTag": {
          "type": "string",
          "description": "For optimistic concurrency control."
        },
        "location": {
          "type": "string",
          "description": "Azure location in which project is created."
        },
        "name": {
          "type": "string",
          "description": "Name of the Azure Migrate project."
        },
        "properties": {
          "oneOf": [
            {
              "$ref": "#/definitions/ProjectProperties"
            },
            {
              "$ref": "https://schema.management.azure.com/schemas/common/definitions.json#/definitions/expression"
            }
          ],
          "description": "Properties of a project."
        },
        "resources": {
          "type": "array",
          "items": {
            "oneOf": [
              {
                "$ref": "#/definitions/projects_groups_childResource"
              }
            ]
          }
        },
        "tags": {
          "type": "object",
          "properties": {},
          "description": "Tags provided by Azure Tagging service."
        },
        "type": {
          "type": "string",
          "enum": [
            "Microsoft.Migrate/projects"
          ]
        }
      },
      "required": [
        "apiVersion",
        "name",
        "properties",
        "type"
      ],
      "description": "Microsoft.Migrate/projects"
    },
    "projects_groups": {
      "type": "object",
      "properties": {
        "apiVersion": {
          "type": "string",
          "enum": [
            "2018-02-02"
          ]
        },
        "eTag": {
          "type": "string",
          "description": "For optimistic concurrency control."
        },
        "name": {
          "type": "string",
          "description": "Unique name of a group within a project."
        },
        "properties": {
          "oneOf": [
            {
              "$ref": "#/definitions/GroupProperties"
            },
            {
              "$ref": "https://schema.management.azure.com/schemas/common/definitions.json#/definitions/expression"
            }
          ],
          "description": "Properties of group resource."
        },
        "resources": {
          "type": "array",
          "items": {
            "oneOf": [
              {
                "$ref": "#/definitions/projects_groups_assessments_childResource"
              }
            ]
          }
        },
        "type": {
          "type": "string",
          "enum": [
            "Microsoft.Migrate/projects/groups"
          ]
        }
      },
      "required": [
        "apiVersion",
        "name",
        "properties",
        "type"
      ],
      "description": "Microsoft.Migrate/projects/groups"
    },
    "projects_groups_assessments": {
      "type": "object",
      "properties": {
        "apiVersion": {
          "type": "string",
          "enum": [
            "2018-02-02"
          ]
        },
        "eTag": {
          "type": "string",
          "description": "For optimistic concurrency control."
        },
        "name": {
          "type": "string",
          "description": "Unique name of an assessment within a project."
        },
        "properties": {
          "oneOf": [
            {
              "$ref": "#/definitions/AssessmentProperties"
            },
            {
              "$ref": "https://schema.management.azure.com/schemas/common/definitions.json#/definitions/expression"
            }
          ],
          "description": "Properties of an assessment."
        },
        "type": {
          "type": "string",
          "enum": [
            "Microsoft.Migrate/projects/groups/assessments"
          ]
        }
      },
      "required": [
        "apiVersion",
        "name",
        "properties",
        "type"
      ],
      "description": "Microsoft.Migrate/projects/groups/assessments"
    }
  },
  "definitions": {
    "AssessmentProperties": {
      "type": "object",
      "properties": {
        "azureHybridUseBenefit": {
          "oneOf": [
            {
              "type": "string",
              "enum": [
                "Unknown",
                "Yes",
                "No"
              ]
            },
            {
              "$ref": "https://schema.management.azure.com/schemas/common/definitions.json#/definitions/expression"
            }
          ],
          "description": "AHUB discount on windows virtual machines."
        },
        "azureLocation": {
          "oneOf": [
            {
              "type": "string",
              "enum": [
                "Unknown",
                "EastAsia",
                "SoutheastAsia",
                "AustraliaEast",
                "AustraliaSoutheast",
                "BrazilSouth",
                "CanadaCentral",
                "CanadaEast",
                "WestEurope",
                "NorthEurope",
                "CentralIndia",
                "SouthIndia",
                "WestIndia",
                "JapanEast",
                "JapanWest",
                "KoreaCentral",
                "KoreaSouth",
                "UkWest",
                "UkSouth",
                "NorthCentralUs",
                "EastUs",
                "WestUs2",
                "SouthCentralUs",
                "CentralUs",
                "EastUs2",
                "WestUs",
                "WestCentralUs",
                "GermanyCentral",
                "GermanyNortheast",
                "ChinaNorth",
                "ChinaEast"
              ]
            },
            {
              "$ref": "https://schema.management.azure.com/schemas/common/definitions.json#/definitions/expression"
            }
          ],
          "description": "Target Azure location for which the machines should be assessed. These enums are the same as used by Compute API."
        },
        "azureOfferCode": {
          "oneOf": [
            {
              "type": "string",
              "enum": [
                "Unknown",
                "MSAZR0003P",
                "MSAZR0044P",
                "MSAZR0059P",
                "MSAZR0060P",
                "MSAZR0062P",
                "MSAZR0063P",
                "MSAZR0064P",
                "MSAZR0029P",
                "MSAZR0022P",
                "MSAZR0023P",
                "MSAZR0148P",
                "MSAZR0025P",
                "MSAZR0036P",
                "MSAZR0120P",
                "MSAZR0121P",
                "MSAZR0122P",
                "MSAZR0123P",
                "MSAZR0124P",
                "MSAZR0125P",
                "MSAZR0126P",
                "MSAZR0127P",
                "MSAZR0128P",
                "MSAZR0129P",
                "MSAZR0130P",
                "MSAZR0111P",
                "MSAZR0144P",
                "MSAZR0149P",
                "MSMCAZR0044P",
                "MSMCAZR0059P",
                "MSMCAZR0060P",
                "MSMCAZR0063P",
                "MSMCAZR0120P",
                "MSMCAZR0121P",
                "MSMCAZR0125P",
                "MSMCAZR0128P",
                "MSAZRDE0003P",
                "MSAZRDE0044P"
              ]
            },
            {
              "$ref": "https://schema.management.azure.com/schemas/common/definitions.json#/definitions/expression"
            }
          ],
          "description": "Offer code according to which cost estimation is done."
        },
        "azurePricingTier": {
          "oneOf": [
            {
              "type": "string",
              "enum": [
                "Standard",
                "Basic"
              ]
            },
            {
              "$ref": "https://schema.management.azure.com/schemas/common/definitions.json#/definitions/expression"
            }
          ],
          "description": "Pricing tier for Size evaluation."
        },
        "azureStorageRedundancy": {
          "oneOf": [
            {
              "type": "string",
              "enum": [
                "Unknown",
                "LocallyRedundant",
                "ZoneRedundant",
                "GeoRedundant",
                "ReadAccessGeoRedundant"
              ]
            },
            {
              "$ref": "https://schema.management.azure.com/schemas/common/definitions.json#/definitions/expression"
            }
          ],
          "description": "Storage Redundancy type offered by Azure."
        },
        "currency": {
          "oneOf": [
            {
              "type": "string",
              "enum": [
                "Unknown",
                "USD",
                "DKK",
                "CAD",
                "IDR",
                "JPY",
                "KRW",
                "NZD",
                "NOK",
                "RUB",
                "SAR",
                "ZAR",
                "SEK",
                "TRY",
                "GBP",
                "MXN",
                "MYR",
                "INR",
                "HKD",
                "BRL",
                "TWD",
                "EUR",
                "CHF",
                "ARS",
                "AUD",
                "CNY"
              ]
            },
            {
              "$ref": "https://schema.management.azure.com/schemas/common/definitions.json#/definitions/expression"
            }
          ],
          "description": "Currency to report prices in."
        },
        "discountPercentage": {
          "oneOf": [
            {
              "type": "number"
            },
            {
              "$ref": "https://schema.management.azure.com/schemas/common/definitions.json#/definitions/expression"
            }
          ],
          "description": "Custom discount percentage to be applied on final costs. Can be in the range [0, 100]."
        },
        "percentile": {
          "oneOf": [
            {
              "type": "string",
              "enum": [
                "Percentile50",
                "Percentile90",
                "Percentile95",
                "Percentile99"
              ]
            },
            {
              "$ref": "https://schema.management.azure.com/schemas/common/definitions.json#/definitions/expression"
            }
          ],
          "description": "Percentile of performance data used to recommend Azure size."
        },
        "scalingFactor": {
          "oneOf": [
            {
              "type": "number"
            },
            {
              "$ref": "https://schema.management.azure.com/schemas/common/definitions.json#/definitions/expression"
            }
          ],
          "description": "Scaling factor used over utilization data to add a performance buffer for new machines to be created in Azure. Min Value = 1.0, Max value = 1.9, Default = 1.3."
        },
        "sizingCriterion": {
          "oneOf": [
            {
              "type": "string",
              "enum": [
                "PerformanceBased",
                "AsOnPremises"
              ]
            },
            {
              "$ref": "https://schema.management.azure.com/schemas/common/definitions.json#/definitions/expression"
            }
          ],
          "description": "Assessment sizing criterion."
        },
        "stage": {
          "oneOf": [
            {
              "type": "string",
              "enum": [
                "InProgress",
                "UnderReview",
                "Approved"
              ]
            },
            {
              "$ref": "https://schema.management.azure.com/schemas/common/definitions.json#/definitions/expression"
            }
          ],
          "description": "User configurable setting that describes the status of the assessment."
        },
        "timeRange": {
          "oneOf": [
            {
              "type": "string",
              "enum": [
                "Day",
                "Week",
                "Month"
              ]
            },
            {
              "$ref": "https://schema.management.azure.com/schemas/common/definitions.json#/definitions/expression"
            }
          ],
          "description": "Time range of performance data used to recommend a size."
        }
      },
      "required": [
        "azureHybridUseBenefit",
        "azureLocation",
        "azureOfferCode",
        "azurePricingTier",
        "azureStorageRedundancy",
        "currency",
        "discountPercentage",
        "percentile",
        "scalingFactor",
        "sizingCriterion",
        "stage",
        "timeRange"
      ],
      "description": "Properties of an assessment."
    },
    "GroupProperties": {
      "type": "object",
      "properties": {
        "machines": {
          "oneOf": [
            {
              "type": "array",
              "items": {
                "type": "string"
              }
            },
            {
              "$ref": "https://schema.management.azure.com/schemas/common/definitions.json#/definitions/expression"
            }
          ],
          "description": "List of machine names that are part of this group."
        }
      },
      "required": [
        "machines"
      ],
      "description": "Properties of group resource."
    },
    "ProjectProperties": {
      "type": "object",
      "properties": {
        "customerWorkspaceId": {
          "type": "string",
          "description": "ARM ID of the Service Map workspace created by user."
        },
        "customerWorkspaceLocation": {
          "type": "string",
          "description": "Location of the Service Map workspace created by user."
        },
        "provisioningState": {
          "oneOf": [
            {
              "type": "string",
              "enum": [
                "Accepted",
                "Creating",
                "Deleting",
                "Failed",
                "Moving",
                "Succeeded"
              ]
            },
            {
              "$ref": "https://schema.management.azure.com/schemas/common/definitions.json#/definitions/expression"
            }
          ],
          "description": "Provisioning state of the project."
        }
      },
      "description": "Properties of a project."
    },
    "projects_groups_assessments_childResource": {
      "type": "object",
      "properties": {
        "apiVersion": {
          "type": "string",
          "enum": [
            "2018-02-02"
          ]
        },
        "eTag": {
          "type": "string",
          "description": "For optimistic concurrency control."
        },
        "name": {
          "type": "string",
          "description": "Unique name of an assessment within a project."
        },
        "properties": {
          "oneOf": [
            {
              "$ref": "#/definitions/AssessmentProperties"
            },
            {
              "$ref": "https://schema.management.azure.com/schemas/common/definitions.json#/definitions/expression"
            }
          ],
          "description": "Properties of an assessment."
        },
        "type": {
          "type": "string",
          "enum": [
            "assessments"
          ]
        }
      },
      "required": [
        "apiVersion",
        "name",
        "properties",
        "type"
      ],
      "description": "Microsoft.Migrate/projects/groups/assessments"
    },
    "projects_groups_childResource": {
      "type": "object",
      "properties": {
        "apiVersion": {
          "type": "string",
          "enum": [
            "2018-02-02"
          ]
        },
        "eTag": {
          "type": "string",
          "description": "For optimistic concurrency control."
        },
        "name": {
          "type": "string",
          "description": "Unique name of a group within a project."
        },
        "properties": {
          "oneOf": [
            {
              "$ref": "#/definitions/GroupProperties"
            },
            {
              "$ref": "https://schema.management.azure.com/schemas/common/definitions.json#/definitions/expression"
            }
          ],
          "description": "Properties of group resource."
        },
        "type": {
          "type": "string",
          "enum": [
            "groups"
          ]
        }
      },
      "required": [
        "apiVersion",
        "name",
        "properties",
        "type"
      ],
      "description": "Microsoft.Migrate/projects/groups"
    }
  }
}