{
  "id": "https://schema.management.azure.com/schemas/2017-08-01-preview/Microsoft.ContainerInstance.json#",
  "$schema": "http://json-schema.org/draft-04/schema#",
  "title": "Microsoft.ContainerInstance",
  "description": "Microsoft ContainerInstance Resource Types",
  "resourceDefinitions": {
    "containerGroups": {
      "type": "object",
      "properties": {
        "apiVersion": {
          "type": "string",
          "enum": [
            "2017-08-01-preview"
          ]
        },
        "location": {
          "type": "string",
          "description": "The resource location."
        },
        "name": {
          "type": "string",
          "description": "The name of the container group to be created or updated."
        },
        "properties": {
          "oneOf": [
            {
              "$ref": "#/definitions/ContainerGroupProperties"
            },
            {
              "$ref": "https://schema.management.azure.com/schemas/common/definitions.json#/definitions/expression"
            }
          ]
        },
        "tags": {
          "oneOf": [
            {
              "type": "object",
              "additionalProperties": {
                "type": "string"
              },
              "properties": {}
            },
            {
              "$ref": "https://schema.management.azure.com/schemas/common/definitions.json#/definitions/expression"
            }
          ],
          "description": "The resource tags."
        },
        "type": {
          "type": "string",
          "enum": [
            "Microsoft.ContainerInstance/containerGroups"
          ]
        }
      },
      "required": [
        "apiVersion",
        "location",
        "name",
        "properties",
        "type"
      ],
      "description": "Microsoft.ContainerInstance/containerGroups"
    }
  },
  "definitions": {
    "AzureFileVolume": {
      "type": "object",
      "properties": {
        "readOnly": {
          "oneOf": [
            {
              "type": "boolean"
            },
            {
              "$ref": "https://schema.management.azure.com/schemas/common/definitions.json#/definitions/expression"
            }
          ],
          "description": "The flag indicating whether the Azure File shared mounted as a volume is read-only."
        },
        "shareName": {
          "type": "string",
          "description": "The name of the Azure File share to be mounted as a volume."
        },
        "storageAccountKey": {
          "type": "string",
          "description": "The storage account access key used to access the Azure File share."
        },
        "storageAccountName": {
          "type": "string",
          "description": "The name of the storage account that contains the Azure File share."
        }
      },
      "required": [
        "shareName",
        "storageAccountName"
      ],
      "description": "The properties of the Azure File volume. Azure File shares are mounted as volumes."
    },
    "Container": {
      "type": "object",
      "properties": {
        "name": {
          "type": "string",
          "description": "The user-provided name of the container instance."
        },
        "properties": {
          "oneOf": [
            {
              "$ref": "#/definitions/ContainerProperties"
            },
            {
              "$ref": "https://schema.management.azure.com/schemas/common/definitions.json#/definitions/expression"
            }
          ],
          "description": "The container instance properties."
        }
      },
      "required": [
        "name",
        "properties"
      ],
      "description": "A container instance."
    },
    "ContainerGroupProperties": {
      "type": "object",
      "properties": {
        "containers": {
          "oneOf": [
            {
              "type": "array",
              "items": {
                "$ref": "#/definitions/Container"
              }
            },
            {
              "$ref": "https://schema.management.azure.com/schemas/common/definitions.json#/definitions/expression"
            }
          ],
          "description": "The containers within the container group."
        },
        "imageRegistryCredentials": {
          "oneOf": [
            {
              "type": "array",
              "items": {
                "$ref": "#/definitions/ImageRegistryCredential"
              }
            },
            {
              "$ref": "https://schema.management.azure.com/schemas/common/definitions.json#/definitions/expression"
            }
          ],
          "description": "The image registry credentials by which the container group is created from."
        },
        "ipAddress": {
          "oneOf": [
            {
              "$ref": "#/definitions/IpAddress"
            },
            {
              "$ref": "https://schema.management.azure.com/schemas/common/definitions.json#/definitions/expression"
            }
          ],
          "description": "IP address for the container group."
        },
        "osType": {
          "oneOf": [
            {
              "type": "string",
              "enum": [
                "Windows",
                "Linux"
              ]
            },
            {
              "$ref": "https://schema.management.azure.com/schemas/common/definitions.json#/definitions/expression"
            }
          ],
          "description": "The operating system type required by the containers in the container group."
        },
        "restartPolicy": {
          "oneOf": [
            {
              "type": "string",
              "enum": [
                "always"
              ]
            },
            {
              "$ref": "https://schema.management.azure.com/schemas/common/definitions.json#/definitions/expression"
            }
          ],
          "description": "Restart policy for all containers within the container group. Currently the only available option is `always`."
        },
        "volumes": {
          "oneOf": [
            {
              "type": "array",
              "items": {
                "$ref": "#/definitions/Volume"
              }
            },
            {
              "$ref": "https://schema.management.azure.com/schemas/common/definitions.json#/definitions/expression"
            }
          ],
          "description": "The list of volumes that can be mounted by containers in this container group."
        }
      },
      "required": [
        "containers",
        "osType"
      ]
    },
    "ContainerPort": {
      "type": "object",
      "properties": {
        "port": {
          "oneOf": [
            {
              "type": "integer"
            },
            {
              "$ref": "https://schema.management.azure.com/schemas/common/definitions.json#/definitions/expression"
            }
          ],
          "description": "The port number exposed within the container group."
        }
      },
      "required": [
        "port"
      ],
      "description": "The port exposed on the container instance."
    },
    "ContainerProperties": {
      "type": "object",
      "properties": {
        "command": {
          "oneOf": [
            {
              "type": "array",
              "items": {
                "type": "string"
              }
            },
            {
              "$ref": "https://schema.management.azure.com/schemas/common/definitions.json#/definitions/expression"
            }
          ],
          "description": "The commands to execute within the container instance in exec form."
        },
        "environmentVariables": {
          "oneOf": [
            {
              "type": "array",
              "items": {
                "$ref": "#/definitions/EnvironmentVariable"
              }
            },
            {
              "$ref": "https://schema.management.azure.com/schemas/common/definitions.json#/definitions/expression"
            }
          ],
          "description": "The environment variables to set in the container instance."
        },
        "image": {
          "type": "string",
          "description": "The name of the image used to create the container instance."
        },
        "ports": {
          "oneOf": [
            {
              "type": "array",
              "items": {
                "$ref": "#/definitions/ContainerPort"
              }
            },
            {
              "$ref": "https://schema.management.azure.com/schemas/common/definitions.json#/definitions/expression"
            }
          ],
          "description": "The exposed ports on the container instance."
        },
        "resources": {
          "oneOf": [
            {
              "$ref": "#/definitions/ResourceRequirements"
            },
            {
              "$ref": "https://schema.management.azure.com/schemas/common/definitions.json#/definitions/expression"
            }
          ],
          "description": "The resource requirements."
        },
        "volumeMounts": {
          "oneOf": [
            {
              "type": "array",
              "items": {
                "$ref": "#/definitions/VolumeMount"
              }
            },
            {
              "$ref": "https://schema.management.azure.com/schemas/common/definitions.json#/definitions/expression"
            }
          ],
          "description": "The volume mounts available to the container instance."
        }
      },
      "required": [
        "image",
        "resources"
      ],
      "description": "The container instance properties."
    },
    "EnvironmentVariable": {
      "type": "object",
      "properties": {
        "name": {
          "type": "string",
          "description": "The name of the environment variable."
        },
        "value": {
          "type": "string",
          "description": "The value of the environment variable."
        }
      },
      "required": [
        "name",
        "value"
      ],
      "description": "The environment variable to set within the container instance."
    },
    "ImageRegistryCredential": {
      "type": "object",
      "properties": {
        "password": {
          "type": "string",
          "description": "The password for the private registry."
        },
        "server": {
          "type": "string",
          "description": "The Docker image registry server without a protocol such as \"http\" and \"https\"."
        },
        "username": {
          "type": "string",
          "description": "The username for the private registry."
        }
      },
      "required": [
        "server",
        "username"
      ],
      "description": "Image registry credential."
    },
    "IpAddress": {
      "type": "object",
      "properties": {
        "ip": {
          "type": "string",
          "description": "The IP exposed to the public internet."
        },
        "ports": {
          "oneOf": [
            {
              "type": "array",
              "items": {
                "$ref": "#/definitions/Port"
              }
            },
            {
              "$ref": "https://schema.management.azure.com/schemas/common/definitions.json#/definitions/expression"
            }
          ],
          "description": "The list of ports exposed on the container group."
        },
        "type": {
          "oneOf": [
            {
              "type": "string",
              "enum": [
                "Public"
              ]
            },
            {
              "$ref": "https://schema.management.azure.com/schemas/common/definitions.json#/definitions/expression"
            }
          ],
          "description": "Specifies if the IP is exposed to the public internet."
        }
      },
      "required": [
        "ports",
        "type"
      ],
      "description": "IP address for the container group."
    },
    "Port": {
      "type": "object",
      "properties": {
        "port": {
          "oneOf": [
            {
              "type": "integer"
            },
            {
              "$ref": "https://schema.management.azure.com/schemas/common/definitions.json#/definitions/expression"
            }
          ],
          "description": "The port number."
        },
        "protocol": {
          "oneOf": [
            {
              "type": "string",
              "enum": [
                "TCP",
                "UDP"
              ]
            },
            {
              "$ref": "https://schema.management.azure.com/schemas/common/definitions.json#/definitions/expression"
            }
          ],
          "description": "The protocol associated with the port."
        }
      },
      "required": [
        "port"
      ],
      "description": "The port exposed on the container group."
    },
    "ResourceLimits": {
      "type": "object",
      "properties": {
        "cpu": {
          "oneOf": [
            {
              "type": "number"
            },
            {
              "$ref": "https://schema.management.azure.com/schemas/common/definitions.json#/definitions/expression"
            }
          ],
          "description": "The CPU limit of this container instance."
        },
        "memoryInGB": {
          "oneOf": [
            {
              "type": "number"
            },
            {
              "$ref": "https://schema.management.azure.com/schemas/common/definitions.json#/definitions/expression"
            }
          ],
          "description": "The memory limit in GB of this container instance."
        }
      },
      "description": "The resource limits."
    },
    "ResourceRequests": {
      "type": "object",
      "properties": {
        "cpu": {
          "oneOf": [
            {
              "type": "number"
            },
            {
              "$ref": "https://schema.management.azure.com/schemas/common/definitions.json#/definitions/expression"
            }
          ],
          "description": "The CPU request of this container instance."
        },
        "memoryInGB": {
          "oneOf": [
            {
              "type": "number"
            },
            {
              "$ref": "https://schema.management.azure.com/schemas/common/definitions.json#/definitions/expression"
            }
          ],
          "description": "The memory request in GB of this container instance."
        }
      },
      "required": [
        "cpu",
        "memoryInGB"
      ],
      "description": "The resource requests."
    },
    "ResourceRequirements": {
      "type": "object",
      "properties": {
        "limits": {
          "oneOf": [
            {
              "$ref": "#/definitions/ResourceLimits"
            },
            {
              "$ref": "https://schema.management.azure.com/schemas/common/definitions.json#/definitions/expression"
            }
          ],
          "description": "The resource limits."
        },
        "requests": {
          "oneOf": [
            {
              "$ref": "#/definitions/ResourceRequests"
            },
            {
              "$ref": "https://schema.management.azure.com/schemas/common/definitions.json#/definitions/expression"
            }
          ],
          "description": "The resource requests."
        }
      },
      "required": [
        "requests"
      ],
      "description": "The resource requirements."
    },
    "Volume": {
      "type": "object",
      "properties": {
        "azureFile": {
          "oneOf": [
            {
              "$ref": "#/definitions/AzureFileVolume"
            },
            {
              "$ref": "https://schema.management.azure.com/schemas/common/definitions.json#/definitions/expression"
            }
          ],
          "description": "The properties of the Azure File volume. Azure File shares are mounted as volumes."
        },
        "name": {
          "type": "string",
          "description": "The name of the volume."
        }
      },
      "required": [
        "azureFile",
        "name"
      ],
      "description": "The properties of the volume."
    },
    "VolumeMount": {
      "type": "object",
      "properties": {
        "mountPath": {
          "type": "string",
          "description": "The path within the container where the volume should be mounted. Must not contain colon (:)."
        },
        "name": {
          "type": "string",
          "description": "The name of the volume mount."
        },
        "readOnly": {
          "oneOf": [
            {
              "type": "boolean"
            },
            {
              "$ref": "https://schema.management.azure.com/schemas/common/definitions.json#/definitions/expression"
            }
          ],
          "description": "The flag indicating whether the volume mount is read-only."
        }
      },
      "required": [
        "mountPath",
        "name"
      ],
      "description": "The properties of the volume mount."
    }
  }
}