{
  "id": "https://schema.management.azure.com/schemas/2019-07-19-preview/Microsoft.Capacity.json#",
  "$schema": "http://json-schema.org/draft-04/schema#",
  "title": "Microsoft.Capacity",
  "description": "Microsoft Capacity Resource Types",
  "resourceDefinitions": {},
  "subscription_resourceDefinitions": {
    "autoQuotaIncrease": {
      "type": "object",
      "properties": {
        "apiVersion": {
          "type": "string",
          "enum": [
            "2019-07-19-preview"
          ]
        },
        "name": {
          "type": "string",
          "enum": [
            "autoQuotaIncrease"
          ]
        },
        "properties": {
          "oneOf": [
            {
              "$ref": "#/definitions/AutoQuotaIncreaseSettings"
            },
            {
              "$ref": "https://schema.management.azure.com/schemas/common/definitions.json#/definitions/expression"
            }
          ],
          "description": "Actions for auto quota increase."
        },
        "type": {
          "type": "string",
          "enum": [
            "Microsoft.Capacity/autoQuotaIncrease"
          ]
        }
      },
      "required": [
        "apiVersion",
        "name",
        "properties",
        "type"
      ],
      "description": "Microsoft.Capacity/autoQuotaIncrease"
    },
    "resourceProviders_locations_serviceLimits": {
      "type": "object",
      "properties": {
        "apiVersion": {
          "type": "string",
          "enum": [
            "2019-07-19-preview"
          ]
        },
        "name": {
          "type": "string",
          "description": "The resource name for a resource provider, such as SKU name for Microsoft.Compute, Sku or TotalLowPriorityCores for Microsoft.MachineLearningServices"
        },
        "properties": {
          "oneOf": [
            {
              "$ref": "#/definitions/QuotaProperties"
            },
            {
              "$ref": "https://schema.management.azure.com/schemas/common/definitions.json#/definitions/expression"
            }
          ],
          "description": "Quota properties for the resource."
        },
        "type": {
          "type": "string",
          "enum": [
            "Microsoft.Capacity/resourceProviders/locations/serviceLimits"
          ]
        }
      },
      "required": [
        "apiVersion",
        "name",
        "properties",
        "type"
      ],
      "description": "Microsoft.Capacity/resourceProviders/locations/serviceLimits"
    }
  },
  "definitions": {
    "Actions": {
      "type": "object",
      "properties": {
        "emailActions": {
          "oneOf": [
            {
              "$ref": "#/definitions/EmailActions"
            },
            {
              "$ref": "https://schema.management.azure.com/schemas/common/definitions.json#/definitions/expression"
            }
          ],
          "description": "The email actions."
        }
      },
      "description": "The actions for auto quota increase."
    },
    "AqiSettings": {
      "type": "object",
      "properties": {
        "autoQuotaIncreaseState": {
          "type": "object",
          "properties": {},
          "description": "If the subscription has enabled automatic quota increase."
        }
      },
      "description": "Settings for auto quota increase."
    },
    "AutoQuotaIncreaseSettings": {
      "type": "object",
      "properties": {
        "onFailure": {
          "oneOf": [
            {
              "$ref": "#/definitions/Actions"
            },
            {
              "$ref": "https://schema.management.azure.com/schemas/common/definitions.json#/definitions/expression"
            }
          ],
          "description": "The actions for auto quota increase."
        },
        "onSuccess": {
          "oneOf": [
            {
              "$ref": "#/definitions/Actions"
            },
            {
              "$ref": "https://schema.management.azure.com/schemas/common/definitions.json#/definitions/expression"
            }
          ],
          "description": "The actions for auto quota increase."
        },
        "settings": {
          "oneOf": [
            {
              "$ref": "#/definitions/AqiSettings"
            },
            {
              "$ref": "https://schema.management.azure.com/schemas/common/definitions.json#/definitions/expression"
            }
          ],
          "description": "Settings for auto quota increase."
        },
        "supportTicketAction": {
          "oneOf": [
            {
              "$ref": "#/definitions/SupportRequestAction"
            },
            {
              "$ref": "https://schema.management.azure.com/schemas/common/definitions.json#/definitions/expression"
            }
          ],
          "description": "The SupportRequest action."
        }
      },
      "description": "Actions for auto quota increase."
    },
    "EmailAction": {
      "type": "object",
      "properties": {
        "emailAddress": {
          "type": "string",
          "description": "The email address for the action."
        }
      },
      "description": "Email Action."
    },
    "EmailActions": {
      "type": "object",
      "properties": {
        "emailAddresses": {
          "oneOf": [
            {
              "type": "array",
              "items": {
                "$ref": "#/definitions/EmailAction"
              }
            },
            {
              "$ref": "https://schema.management.azure.com/schemas/common/definitions.json#/definitions/expression"
            }
          ],
          "description": "The list of email actions."
        }
      },
      "description": "The email actions."
    },
    "QuotaProperties": {
      "type": "object",
      "properties": {
        "limit": {
          "oneOf": [
            {
              "type": "integer"
            },
            {
              "$ref": "https://schema.management.azure.com/schemas/common/definitions.json#/definitions/expression"
            }
          ],
          "description": "The quota limit."
        },
        "name": {
          "oneOf": [
            {
              "$ref": "#/definitions/ResourceName"
            },
            {
              "$ref": "https://schema.management.azure.com/schemas/common/definitions.json#/definitions/expression"
            }
          ],
          "description": "Name of the resource provide by the resource Provider. Please use this name property for quotaRequests."
        },
        "properties": {
          "type": "object",
          "properties": {},
          "description": "Additional properties for the specific resource provider."
        },
        "resourceType": {
          "type": "object",
          "properties": {},
          "description": "The Resource Type Name."
        },
        "unit": {
          "type": "string",
          "description": " The units of the limit, such as - Count, Bytes, etc. Use the unit field provided in the Get quota response."
        }
      },
      "description": "Quota properties for the resource."
    },
    "ResourceName": {
      "type": "object",
      "properties": {
        "value": {
          "type": "string",
          "description": "Resource name."
        }
      },
      "description": "Name of the resource provide by the resource Provider. Please use this name property for quotaRequests."
    },
    "SupportRequestAction": {
      "type": "object",
      "properties": {
        "alternateEmailAddresses": {
          "oneOf": [
            {
              "type": "array",
              "items": {
                "type": "string"
              }
            },
            {
              "$ref": "https://schema.management.azure.com/schemas/common/definitions.json#/definitions/expression"
            }
          ],
          "description": "The alternate email address of the recipient."
        },
        "country": {
          "type": "string",
          "description": "The country of the recipient."
        },
        "firstName": {
          "type": "string",
          "description": "The first name of the recipient."
        },
        "lastName": {
          "type": "string",
          "description": "The last name of the recipient."
        },
        "phoneNumber": {
          "type": "string",
          "description": "The phone number of the recipient."
        },
        "preferredContactMethod": {
          "type": "object",
          "properties": {},
          "description": "The preferred communication channel."
        },
        "primaryEmailAddress": {
          "type": "string",
          "description": "The primary email addresses of the recipients."
        },
        "severity": {
          "type": "object",
          "properties": {},
          "description": "The support request severity."
        },
        "supportLanguage": {
          "type": "string",
          "description": "The support language."
        }
      },
      "description": "The SupportRequest action."
    }
  }
}