{
  "id": "https://schema.management.azure.com/schemas/2016-06-01/Microsoft.RecoveryServices.legacy.json#",
  "$schema": "http://json-schema.org/draft-04/schema#",
  "title": "Microsoft.RecoveryServices",
  "description": "Microsoft Recovery Services Resource Types",
  "resourceDefinitions": {
    "vaults": {
      "type": "object",
      "properties": {
        "type": {
          "type": "string",
          "enum": [
            "Microsoft.RecoveryServices/vaults"
          ]
        },
        "apiVersion": {
          "type": "string",
          "enum": [
            "2018-01-10",
            "2017-07-01",
            "2016-05-01",
            "2015-12-15",
            "2015-11-10",
            "2015-08-15",
            "2015-08-10",
            "2015-06-10",
            "2015-03-15"
          ]
        },
        "sku": {
          "oneOf": [
            {
              "$ref": "#/definitions/Sku"
            },
            {
              "$ref": "https://schema.management.azure.com/schemas/common/definitions.json#/definitions/expression"
            }
          ],
          "description": "Required. Gets or sets the sku type."
        },
        "location": {
          "type": "string",
          "description": "Required. Gets or sets the location of the resource. This will be one of the supported and registered Azure Geo Regions (e.g. West US, East US, Southeast Asia, etc.). The geo region of a resource cannot be changed once it is created, but if an identical geo region is specified on update the request will succeed."
        },
        "tags": {
          "oneOf": [
            {
              "type": "object",
              "additionalProperties": {
                "type": "string"
              }
            },
            {
              "$ref": "https://schema.management.azure.com/schemas/common/definitions.json#/definitions/expression"
            }
          ],
          "description": "Gets or sets a list of key value pairs that describe the resource. These tags can be used in viewing and grouping this resource (across resource groups). A maximum of 15 tags can be provided for a resource. Each tag must have a key no greater than 128 characters and value no greater than 256 characters."
        },
        "properties": {
          "oneOf": [
            {
              "$ref": "#/definitions/RecoveryServicesPropertiesCreateParameters"
            },
            {
              "$ref": "https://schema.management.azure.com/schemas/common/definitions.json#/definitions/expression"
            }
          ]
        }
      },
      "required": [
        "type",
        "apiVersion",
        "sku",
        "location",
        "properties"
      ],
      "description": "Microsoft.RecoveryServices/vaults"
    },
    "vaults_certificates": {
      "type": "object",
      "properties": {
        "name": {
          "type": "string"
        },
        "type": {
          "type": "string",
          "enum": [
            "Microsoft.RecoveryServices/vaults/certificates"
          ]
        },
        "apiVersion": {
          "type": "string",
          "enum": [
            "2016-06-01"
          ]
        },
        "properties": {
          "oneOf": [
            {
              "$ref": "#/definitions/RawCertificateData"
            },
            {
              "$ref": "https://schema.management.azure.com/schemas/common/definitions.json#/definitions/expression"
            }
          ]
        }
      },
      "required": [
        "name",
        "type",
        "apiVersion",
        "properties"
      ],
      "description": "Microsoft.RecoveryServices/vaults/certificates"
    },
    "vaults_extendedInformation": {
      "type": "object",
      "properties": {
        "type": {
          "type": "string",
          "enum": [
            "Microsoft.RecoveryServices/vaults/extendedInformation"
          ]
        },
        "apiVersion": {
          "type": "string",
          "enum": [
            "2016-06-01"
          ]
        },
        "eTag": {
          "type": "string",
          "description": "Optional ETag."
        },
        "properties": {
          "oneOf": [
            {
              "$ref": "#/definitions/VaultExtendedInfo"
            },
            {
              "$ref": "https://schema.management.azure.com/schemas/common/definitions.json#/definitions/expression"
            }
          ]
        }
      },
      "required": [
        "type",
        "apiVersion",
        "properties"
      ],
      "description": "Microsoft.RecoveryServices/vaults/extendedInformation"
    }
  },
  "definitions": {
    "Sku": {
      "type": "object",
      "properties": {
        "name": {
          "oneOf": [
            {
              "type": "string",
              "enum": [
                "RS0"
              ]
            },
            {
              "$ref": "https://schema.management.azure.com/schemas/common/definitions.json#/definitions/expression"
            }
          ],
          "description": "Gets or sets the sku name. Required for vault creation, optional for update. Possible values include: 'RS0'"
        },
        "tier": {
          "oneOf": [
            {
              "type": "string",
              "enum": [
                "Standard"
              ]
            },
            {
              "$ref": "https://schema.management.azure.com/schemas/common/definitions.json#/definitions/expression"
            }
          ],
          "description": "Gets or sets the sku tier. Required for vault creation, optional for update. Possible values include: 'Standard'"
        }
      },
      "required": [
        "name",
        "tier"
      ],
      "description": "The SKU of the recovery services vault."
    },
    "RecoveryServicesPropertiesCreateParameters": {
      "type": "object",
      "properties": {
      }
    },
    "RawCertificateData": {
      "type": "object",
      "properties": {
        "authType": {
          "oneOf": [
            {
              "type": "string",
              "enum": [
                "Invalid",
                "ACS",
                "AAD",
                "AccessControlService",
                "AzureActiveDirectory"
              ]
            },
            {
              "$ref": "https://schema.management.azure.com/schemas/common/definitions.json#/definitions/expression"
            }
          ],
          "description": "Specifies the authentication type."
        },
        "certificate": {
          "oneOf": [
            {
              "type": "array",
              "items": {
                "type": "string"
              }
            },
            {
              "$ref": "https://schema.management.azure.com/schemas/common/definitions.json#/definitions/expression"
            }
          ],
          "description": "The base64 encoded certificate raw data string"
        }
      },
      "description": "Raw certificate data."
    },
    "VaultExtendedInfo": {
      "type": "object",
      "properties": {
        "integrityKey": {
          "type": "string",
          "description": "Integrity key."
        },
        "encryptionKey": {
          "type": "string",
          "description": "Encryption key."
        },
        "encryptionKeyThumbprint": {
          "type": "string",
          "description": "Encryption key thumbprint."
        },
        "algorithm": {
          "type": "string",
          "description": "Algorithm for Vault ExtendedInfo"
        }
      },
      "description": "Vault extended information."
    }
  }
}
